id,mapa,unidad,subtema,seccion,tipo,titulo_visible,autor_canal,cita,url_actual,busqueda_url,estado,url_sugerida,url_final,dominio_fuente,nivel_confianza,status_http,ultima_revision,notas
Mapa_Java.html:1.1:videos:0,Mapa_Java.html,01 · Fundamentos y Sintaxis en Java,"1.1 · Tipos de datos, variables y operadores",Videos,video,Curso de Java desde cero: Variables y Tipos de Datos,MoureDev,,,https://www.youtube.com/results?search_query=Curso%20de%20Java%20desde%20cero%3A%20Variables%20y%20Tipos%20de%20Datos%20MoureDev,pendiente,,,,,,,
Mapa_Java.html:1.1:videos:1,Mapa_Java.html,01 · Fundamentos y Sintaxis en Java,"1.1 · Tipos de datos, variables y operadores",Videos,video,Curso de Java completo para principiantes: Tipos de Datos Primitivos y Operadores,pildorasinformaticas,,,https://www.youtube.com/results?search_query=Curso%20de%20Java%20completo%20para%20principiantes%3A%20Tipos%20de%20Datos%20Primitivos%20y%20Operadores%20pildorasinformaticas,pendiente,,,,,,,
Mapa_Java.html:1.1:videos:2,Mapa_Java.html,01 · Fundamentos y Sintaxis en Java,"1.1 · Tipos de datos, variables y operadores",Videos,video,"Aprende Java desde cero: Variables, Constantes y Operadores Aritméticos",Programación Ats,,,https://www.youtube.com/results?search_query=Aprende%20Java%20desde%20cero%3A%20Variables%2C%20Constantes%20y%20Operadores%20Aritm%C3%A9ticos%20Programaci%C3%B3n%20Ats,pendiente,,,,,,,
Mapa_Java.html:1.1:videos:3,Mapa_Java.html,01 · Fundamentos y Sintaxis en Java,"1.1 · Tipos de datos, variables y operadores",Videos,video,"Tutorial de Java Profesional: Variables, Tipos de Datos y Conversión de Tipos",TodoCode,,,https://www.youtube.com/results?search_query=Tutorial%20de%20Java%20Profesional%3A%20Variables%2C%20Tipos%20de%20Datos%20y%20Conversi%C3%B3n%20de%20Tipos%20TodoCode,pendiente,,,,,,,
Mapa_Java.html:1.1:videos:4,Mapa_Java.html,01 · Fundamentos y Sintaxis en Java,"1.1 · Tipos de datos, variables y operadores",Videos,video,"Java desde Cero: Variables, Operadores Lógicos y Relacionales",Makigas,,,https://www.youtube.com/results?search_query=Java%20desde%20Cero%3A%20Variables%2C%20Operadores%20L%C3%B3gicos%20y%20Relacionales%20Makigas,pendiente,,,,,,,
Mapa_Java.html:1.1:biblio:0,Mapa_Java.html,01 · Fundamentos y Sintaxis en Java,"1.1 · Tipos de datos, variables y operadores",Bibliografía,libro,"Think Java: How to Think Like a Computer Scientist, 2nd Ed.","Allen B. Downey, Chris Mayfield","Cap. 2: Variables and Operators, pp. 15–28",https://greenteapress.com/wp/think-java-2e/,https://www.google.com/search?q=Think%20Java%3A%20How%20to%20Think%20Like%20a%20Computer%20Scientist%2C%202nd%20Ed.%20Allen%20B.%20Downey%2C%20Chris%20Mayfield,existente,,,,,,,
Mapa_Java.html:1.1:biblio:1,Mapa_Java.html,01 · Fundamentos y Sintaxis en Java,"1.1 · Tipos de datos, variables y operadores",Bibliografía,libro,Aprenda Java como si estuviera en primero,Javier García de Jalón et al.,"Cap. 2: Variables y Tipos Primitivos, pp. 16–32",,https://www.google.com/search?q=Aprenda%20Java%20como%20si%20estuviera%20en%20primero%20Javier%20Garc%C3%ADa%20de%20Jal%C3%B3n%20et%20al.,pendiente,,,,,,,
Mapa_Java.html:1.1:biblio:2,Mapa_Java.html,01 · Fundamentos y Sintaxis en Java,"1.1 · Tipos de datos, variables y operadores",Bibliografía,libro,The Java Tutorials: Language Basics,Oracle Corporation,"Primitive Data Types and Variables, pp. 1–12",https://docs.oracle.com/javase/tutorial/,https://www.google.com/search?q=The%20Java%20Tutorials%3A%20Language%20Basics%20Oracle%20Corporation,existente,,,,,,,
Mapa_Java.html:1.1:biblio:3,Mapa_Java.html,01 · Fundamentos y Sintaxis en Java,"1.1 · Tipos de datos, variables y operadores",Bibliografía,libro,"Introduction to Programming Using Java, 9th Ed.",David J. Eck,"Cap. 2: Names and Things, pp. 25–55",https://math.hws.edu/javanotes/,https://www.google.com/search?q=Introduction%20to%20Programming%20Using%20Java%2C%209th%20Ed.%20David%20J.%20Eck,existente,,,,,,,
Mapa_Java.html:1.1:biblio:4,Mapa_Java.html,01 · Fundamentos y Sintaxis en Java,"1.1 · Tipos de datos, variables y operadores",Bibliografía,libro,Fundamentos de Programación en Java,UNAM,"Unidad 2: Elementos Básicos, pp. 18–35",,https://www.google.com/search?q=Fundamentos%20de%20Programaci%C3%B3n%20en%20Java%20UNAM,pendiente,,,,,,,
Mapa_Java.html:1.1:practica:0,Mapa_Java.html,01 · Fundamentos y Sintaxis en Java,"1.1 · Tipos de datos, variables y operadores",Práctica,practica,Ejercicios resueltos de Variables y Operadores en Java,Programación Ats · YouTube,,,https://www.google.com/search?q=Ejercicios%20resueltos%20de%20Variables%20y%20Operadores%20en%20Java%20Programaci%C3%B3n%20Ats%20%C2%B7%20YouTube,pendiente,,,,,,,
Mapa_Java.html:1.1:practica:1,Mapa_Java.html,01 · Fundamentos y Sintaxis en Java,"1.1 · Tipos de datos, variables y operadores",Práctica,practica,Annalyn's Infiltration y Lasagna,Exercism Java Track,,https://exercism.org/tracks/java,https://www.google.com/search?q=Annalyn's%20Infiltration%20y%20Lasagna%20Exercism%20Java%20Track,existente,,,,,,,
Mapa_Java.html:1.1:practica:2,Mapa_Java.html,01 · Fundamentos y Sintaxis en Java,"1.1 · Tipos de datos, variables y operadores",Práctica,practica,Ejercicios 01_variables y 02_operators,mouredev/hello-java · GitHub,,https://github.com/mouredev/hello-java,https://www.google.com/search?q=Ejercicios%2001_variables%20y%2002_operators%20mouredev%2Fhello-java%20%C2%B7%20GitHub,existente,,,,,,,
Mapa_Java.html:1.1:practica:3,Mapa_Java.html,01 · Fundamentos y Sintaxis en Java,"1.1 · Tipos de datos, variables y operadores",Práctica,practica,Java Stdin/Stdout I & II y Java Datatypes,HackerRank Java Track,,,https://www.google.com/search?q=Java%20Stdin%2FStdout%20I%20%26%20II%20y%20Java%20Datatypes%20HackerRank%20Java%20Track,pendiente,,,,,,,
Mapa_Java.html:1.1:practica:4,Mapa_Java.html,01 · Fundamentos y Sintaxis en Java,"1.1 · Tipos de datos, variables y operadores",Práctica,practica,"Think Java, 2nd Ed. · Sección 2.11: Exercises",Libro de texto · pp. 29–30,,https://greenteapress.com/wp/think-java-2e/,https://www.google.com/search?q=Think%20Java%2C%202nd%20Ed.%20%C2%B7%20Secci%C3%B3n%202.11%3A%20Exercises%20Libro%20de%20texto%20%C2%B7%20pp.%2029%E2%80%9330,existente,,,,,,,
Mapa_Java.html:1.2:videos:0,Mapa_Java.html,01 · Fundamentos y Sintaxis en Java,"1.2 · Estructuras de control (condicionales, bucles)",Videos,video,Curso de Java desde cero: Estructuras de Control e Iteración,MoureDev,,,https://www.youtube.com/results?search_query=Curso%20de%20Java%20desde%20cero%3A%20Estructuras%20de%20Control%20e%20Iteraci%C3%B3n%20MoureDev,pendiente,,,,,,,
Mapa_Java.html:1.2:videos:1,Mapa_Java.html,01 · Fundamentos y Sintaxis en Java,"1.2 · Estructuras de control (condicionales, bucles)",Videos,video,"Condicionales (if, else, switch) y Bucles (for, while, do-while)",pildorasinformaticas,,,https://www.youtube.com/results?search_query=Condicionales%20(if%2C%20else%2C%20switch)%20y%20Bucles%20(for%2C%20while%2C%20do-while)%20pildorasinformaticas,pendiente,,,,,,,
Mapa_Java.html:1.2:videos:2,Mapa_Java.html,01 · Fundamentos y Sintaxis en Java,"1.2 · Estructuras de control (condicionales, bucles)",Videos,video,Java desde Cero: Control de Flujo y Sentencias Condicionales,Makigas,,,https://www.youtube.com/results?search_query=Java%20desde%20Cero%3A%20Control%20de%20Flujo%20y%20Sentencias%20Condicionales%20Makigas,pendiente,,,,,,,
Mapa_Java.html:1.2:videos:3,Mapa_Java.html,01 · Fundamentos y Sintaxis en Java,"1.2 · Estructuras de control (condicionales, bucles)",Videos,video,Aprende Java: Bucles e Iteraciones en Java Moderno,Programación Ats,,,https://www.youtube.com/results?search_query=Aprende%20Java%3A%20Bucles%20e%20Iteraciones%20en%20Java%20Moderno%20Programaci%C3%B3n%20Ats,pendiente,,,,,,,
Mapa_Java.html:1.2:videos:4,Mapa_Java.html,01 · Fundamentos y Sintaxis en Java,"1.2 · Estructuras de control (condicionales, bucles)",Videos,video,Java Profesional: Estructuras Repetitivas y Evaluación Condicional,TodoCode,,,https://www.youtube.com/results?search_query=Java%20Profesional%3A%20Estructuras%20Repetitivas%20y%20Evaluaci%C3%B3n%20Condicional%20TodoCode,pendiente,,,,,,,
Mapa_Java.html:1.2:biblio:0,Mapa_Java.html,01 · Fundamentos y Sintaxis en Java,"1.2 · Estructuras de control (condicionales, bucles)",Bibliografía,libro,"Think Java, 2nd Ed.",Downey & Mayfield,Cap. 3 (pp. 31–44) y Cap. 6 (pp. 71–84),https://greenteapress.com/wp/think-java-2e/,https://www.google.com/search?q=Think%20Java%2C%202nd%20Ed.%20Downey%20%26%20Mayfield,existente,,,,,,,
Mapa_Java.html:1.2:biblio:1,Mapa_Java.html,01 · Fundamentos y Sintaxis en Java,"1.2 · Estructuras de control (condicionales, bucles)",Bibliografía,libro,Aprenda Java como si estuviera en primero,García de Jalón et al.,"Cap. 3: Sentencias de Control, pp. 46–70",,https://www.google.com/search?q=Aprenda%20Java%20como%20si%20estuviera%20en%20primero%20Garc%C3%ADa%20de%20Jal%C3%B3n%20et%20al.,pendiente,,,,,,,
Mapa_Java.html:1.2:biblio:2,Mapa_Java.html,01 · Fundamentos y Sintaxis en Java,"1.2 · Estructuras de control (condicionales, bucles)",Bibliografía,libro,The Java Tutorials: Control Flow Statements,Oracle,"Java SE Documentation, pp. 1–18",https://docs.oracle.com/javase/tutorial/,https://www.google.com/search?q=The%20Java%20Tutorials%3A%20Control%20Flow%20Statements%20Oracle,existente,,,,,,,
Mapa_Java.html:1.2:biblio:3,Mapa_Java.html,01 · Fundamentos y Sintaxis en Java,"1.2 · Estructuras de control (condicionales, bucles)",Bibliografía,libro,"Introduction to Programming Using Java, 9th Ed.",David J. Eck,"Cap. 3: Control, pp. 61–105",https://math.hws.edu/javanotes/,https://www.google.com/search?q=Introduction%20to%20Programming%20Using%20Java%2C%209th%20Ed.%20David%20J.%20Eck,existente,,,,,,,
Mapa_Java.html:1.2:biblio:4,Mapa_Java.html,01 · Fundamentos y Sintaxis en Java,"1.2 · Estructuras de control (condicionales, bucles)",Bibliografía,libro,Guía de Lógica de Programación y Control de Flujo en Java,UPM,"Cap. 2, pp. 12–30 (OCW)",,https://www.google.com/search?q=Gu%C3%ADa%20de%20L%C3%B3gica%20de%20Programaci%C3%B3n%20y%20Control%20de%20Flujo%20en%20Java%20UPM,pendiente,,,,,,,
Mapa_Java.html:1.2:practica:0,Mapa_Java.html,01 · Fundamentos y Sintaxis en Java,"1.2 · Estructuras de control (condicionales, bucles)",Práctica,practica,Ejercicios resueltos de Condicionales y Bucles,Programación Ats · YouTube,,,https://www.google.com/search?q=Ejercicios%20resueltos%20de%20Condicionales%20y%20Bucles%20Programaci%C3%B3n%20Ats%20%C2%B7%20YouTube,pendiente,,,,,,,
Mapa_Java.html:1.2:practica:1,Mapa_Java.html,01 · Fundamentos y Sintaxis en Java,"1.2 · Estructuras de control (condicionales, bucles)",Práctica,practica,Fizz Buzz y Palindrome Number,LeetCode,,,https://www.google.com/search?q=Fizz%20Buzz%20y%20Palindrome%20Number%20LeetCode,pendiente,,,,,,,
Mapa_Java.html:1.2:practica:2,Mapa_Java.html,01 · Fundamentos y Sintaxis en Java,"1.2 · Estructuras de control (condicionales, bucles)",Práctica,practica,03_conditionals y 04_loops,mouredev/hello-java · GitHub,,https://github.com/mouredev/hello-java,https://www.google.com/search?q=03_conditionals%20y%2004_loops%20mouredev%2Fhello-java%20%C2%B7%20GitHub,existente,,,,,,,
Mapa_Java.html:1.2:practica:3,Mapa_Java.html,01 · Fundamentos y Sintaxis en Java,"1.2 · Estructuras de control (condicionales, bucles)",Práctica,practica,Katas 8 kyu · Java · Control Flow,CodeWars,,,https://www.google.com/search?q=Katas%208%20kyu%20%C2%B7%20Java%20%C2%B7%20Control%20Flow%20CodeWars,pendiente,,,,,,,
Mapa_Java.html:1.2:practica:4,Mapa_Java.html,01 · Fundamentos y Sintaxis en Java,"1.2 · Estructuras de control (condicionales, bucles)",Práctica,practica,Think Java · Sección 6.9: Exercises,Libro de texto · pp. 83–84,,https://greenteapress.com/wp/think-java-2e/,https://www.google.com/search?q=Think%20Java%20%C2%B7%20Secci%C3%B3n%206.9%3A%20Exercises%20Libro%20de%20texto%20%C2%B7%20pp.%2083%E2%80%9384,existente,,,,,,,
Mapa_Java.html:1.3:videos:0,Mapa_Java.html,01 · Fundamentos y Sintaxis en Java,1.3 · Arrays y estructuras básicas,Videos,video,Curso de Java desde cero: Arrays y Arreglos Multidimensionales,MoureDev,,,https://www.youtube.com/results?search_query=Curso%20de%20Java%20desde%20cero%3A%20Arrays%20y%20Arreglos%20Multidimensionales%20MoureDev,pendiente,,,,,,,
Mapa_Java.html:1.3:videos:1,Mapa_Java.html,01 · Fundamentos y Sintaxis en Java,1.3 · Arrays y estructuras básicas,Videos,video,Curso de Java: Matrices y Arreglos en Java,pildorasinformaticas,,,https://www.youtube.com/results?search_query=Curso%20de%20Java%3A%20Matrices%20y%20Arreglos%20en%20Java%20pildorasinformaticas,pendiente,,,,,,,
Mapa_Java.html:1.3:videos:2,Mapa_Java.html,01 · Fundamentos y Sintaxis en Java,1.3 · Arrays y estructuras básicas,Videos,video,Java desde Cero: Arrays y Recorrido de Arreglos,Makigas,,,https://www.youtube.com/results?search_query=Java%20desde%20Cero%3A%20Arrays%20y%20Recorrido%20de%20Arreglos%20Makigas,pendiente,,,,,,,
Mapa_Java.html:1.3:videos:3,Mapa_Java.html,01 · Fundamentos y Sintaxis en Java,1.3 · Arrays y estructuras básicas,Videos,video,Aprende Java: Vectores y Matrices Paso a Paso,Programación Ats,,,https://www.youtube.com/results?search_query=Aprende%20Java%3A%20Vectores%20y%20Matrices%20Paso%20a%20Paso%20Programaci%C3%B3n%20Ats,pendiente,,,,,,,
Mapa_Java.html:1.3:videos:4,Mapa_Java.html,01 · Fundamentos y Sintaxis en Java,1.3 · Arrays y estructuras básicas,Videos,video,Manejo de Arreglos y Recorrido con For-Each,TodoCode,,,https://www.youtube.com/results?search_query=Manejo%20de%20Arreglos%20y%20Recorrido%20con%20For-Each%20TodoCode,pendiente,,,,,,,
Mapa_Java.html:1.3:biblio:0,Mapa_Java.html,01 · Fundamentos y Sintaxis en Java,1.3 · Arrays y estructuras básicas,Bibliografía,libro,"Think Java, 2nd Ed.",Downey & Mayfield,"Cap. 7 y Cap. 8: Arrays, pp. 85–110",https://greenteapress.com/wp/think-java-2e/,https://www.google.com/search?q=Think%20Java%2C%202nd%20Ed.%20Downey%20%26%20Mayfield,existente,,,,,,,
Mapa_Java.html:1.3:biblio:1,Mapa_Java.html,01 · Fundamentos y Sintaxis en Java,1.3 · Arrays y estructuras básicas,Bibliografía,libro,Aprenda Java como si estuviera en primero,García de Jalón et al.,"Cap. 6: Arrays, pp. 131–150",,https://www.google.com/search?q=Aprenda%20Java%20como%20si%20estuviera%20en%20primero%20Garc%C3%ADa%20de%20Jal%C3%B3n%20et%20al.,pendiente,,,,,,,
Mapa_Java.html:1.3:biblio:2,Mapa_Java.html,01 · Fundamentos y Sintaxis en Java,1.3 · Arrays y estructuras básicas,Bibliografía,libro,The Java Tutorials: Arrays,Oracle,"Language Basics, pp. 1–10",https://docs.oracle.com/javase/tutorial/,https://www.google.com/search?q=The%20Java%20Tutorials%3A%20Arrays%20Oracle,existente,,,,,,,
Mapa_Java.html:1.3:biblio:3,Mapa_Java.html,01 · Fundamentos y Sintaxis en Java,1.3 · Arrays y estructuras básicas,Bibliografía,libro,"Introduction to Programming Using Java, 9th Ed.",David J. Eck,"Cap. 7: Arrays & ArrayLists, pp. 315–340",https://math.hws.edu/javanotes/,https://www.google.com/search?q=Introduction%20to%20Programming%20Using%20Java%2C%209th%20Ed.%20David%20J.%20Eck,existente,,,,,,,
Mapa_Java.html:1.3:biblio:4,Mapa_Java.html,01 · Fundamentos y Sintaxis en Java,1.3 · Arrays y estructuras básicas,Bibliografía,libro,Java Language Specification: Arrays,OpenJDK,"Capítulo 10, pp. 301–315",,https://www.google.com/search?q=Java%20Language%20Specification%3A%20Arrays%20OpenJDK,pendiente,,,,,,,
Mapa_Java.html:1.3:practica:0,Mapa_Java.html,01 · Fundamentos y Sintaxis en Java,1.3 · Arrays y estructuras básicas,Práctica,practica,Ejercicios Resueltos de Arreglos 1D y 2D,Programación Ats · YouTube,,,https://www.google.com/search?q=Ejercicios%20Resueltos%20de%20Arreglos%201D%20y%202D%20Programaci%C3%B3n%20Ats%20%C2%B7%20YouTube,pendiente,,,,,,,
Mapa_Java.html:1.3:practica:1,Mapa_Java.html,01 · Fundamentos y Sintaxis en Java,1.3 · Arrays y estructuras básicas,Práctica,practica,Java 1D Array y Java 2D Array,HackerRank Java Track,,,https://www.google.com/search?q=Java%201D%20Array%20y%20Java%202D%20Array%20HackerRank%20Java%20Track,pendiente,,,,,,,
Mapa_Java.html:1.3:practica:2,Mapa_Java.html,01 · Fundamentos y Sintaxis en Java,1.3 · Arrays y estructuras básicas,Práctica,practica,05_arrays,mouredev/hello-java · GitHub,,https://github.com/mouredev/hello-java,https://www.google.com/search?q=05_arrays%20mouredev%2Fhello-java%20%C2%B7%20GitHub,existente,,,,,,,
Mapa_Java.html:1.3:practica:3,Mapa_Java.html,01 · Fundamentos y Sintaxis en Java,1.3 · Arrays y estructuras básicas,Práctica,practica,Bird Watcher,Exercism Java Track,,https://exercism.org/tracks/java,https://www.google.com/search?q=Bird%20Watcher%20Exercism%20Java%20Track,existente,,,,,,,
Mapa_Java.html:1.3:practica:4,Mapa_Java.html,01 · Fundamentos y Sintaxis en Java,1.3 · Arrays y estructuras básicas,Práctica,practica,Aprenda Java · Sección 6.5: Ejercicios de Arrays,Libro · pp. 151–154,,,https://www.google.com/search?q=Aprenda%20Java%20%C2%B7%20Secci%C3%B3n%206.5%3A%20Ejercicios%20de%20Arrays%20Libro%20%C2%B7%20pp.%20151%E2%80%93154,pendiente,,,,,,,
Mapa_Java.html:1.4:videos:0,Mapa_Java.html,01 · Fundamentos y Sintaxis en Java,1.4 · Introducción a clases y objetos,Videos,video,"Curso de Java desde cero: Clases, Objetos y Métodos",MoureDev,,,https://www.youtube.com/results?search_query=Curso%20de%20Java%20desde%20cero%3A%20Clases%2C%20Objetos%20y%20M%C3%A9todos%20MoureDev,pendiente,,,,,,,
Mapa_Java.html:1.4:videos:1,Mapa_Java.html,01 · Fundamentos y Sintaxis en Java,1.4 · Introducción a clases y objetos,Videos,video,POO I (Clases y Constructores),pildorasinformaticas,,,https://www.youtube.com/results?search_query=POO%20I%20(Clases%20y%20Constructores)%20pildorasinformaticas,pendiente,,,,,,,
Mapa_Java.html:1.4:videos:2,Mapa_Java.html,01 · Fundamentos y Sintaxis en Java,1.4 · Introducción a clases y objetos,Videos,video,Java desde Cero: Objetos y Clases en Java,Makigas,,,https://www.youtube.com/results?search_query=Java%20desde%20Cero%3A%20Objetos%20y%20Clases%20en%20Java%20Makigas,pendiente,,,,,,,
Mapa_Java.html:1.4:videos:3,Mapa_Java.html,01 · Fundamentos y Sintaxis en Java,1.4 · Introducción a clases y objetos,Videos,video,"POO en Java: Creación de Clases, Instanciación y Métodos",Programación Ats,,,https://www.youtube.com/results?search_query=POO%20en%20Java%3A%20Creaci%C3%B3n%20de%20Clases%2C%20Instanciaci%C3%B3n%20y%20M%C3%A9todos%20Programaci%C3%B3n%20Ats,pendiente,,,,,,,
Mapa_Java.html:1.4:videos:4,Mapa_Java.html,01 · Fundamentos y Sintaxis en Java,1.4 · Introducción a clases y objetos,Videos,video,Introducción a la Programación Orientada a Objetos,TodoCode,,,https://www.youtube.com/results?search_query=Introducci%C3%B3n%20a%20la%20Programaci%C3%B3n%20Orientada%20a%20Objetos%20TodoCode,pendiente,,,,,,,
Mapa_Java.html:1.4:biblio:0,Mapa_Java.html,01 · Fundamentos y Sintaxis en Java,1.4 · Introducción a clases y objetos,Bibliografía,libro,"Think Java, 2nd Ed.",Downey & Mayfield,"Cap. 10 y 11: Objects & Classes, pp. 125–154",https://greenteapress.com/wp/think-java-2e/,https://www.google.com/search?q=Think%20Java%2C%202nd%20Ed.%20Downey%20%26%20Mayfield,existente,,,,,,,
Mapa_Java.html:1.4:biblio:1,Mapa_Java.html,01 · Fundamentos y Sintaxis en Java,1.4 · Introducción a clases y objetos,Bibliografía,libro,Aprenda Java como si estuviera en primero,García de Jalón et al.,"Cap. 4: Clases y Objetos, pp. 71–95",,https://www.google.com/search?q=Aprenda%20Java%20como%20si%20estuviera%20en%20primero%20Garc%C3%ADa%20de%20Jal%C3%B3n%20et%20al.,pendiente,,,,,,,
Mapa_Java.html:1.4:biblio:2,Mapa_Java.html,01 · Fundamentos y Sintaxis en Java,1.4 · Introducción a clases y objetos,Bibliografía,libro,The Java Tutorials: Classes and Objects,Oracle,"OOP Concepts, pp. 1–25",https://docs.oracle.com/javase/tutorial/,https://www.google.com/search?q=The%20Java%20Tutorials%3A%20Classes%20and%20Objects%20Oracle,existente,,,,,,,
Mapa_Java.html:1.4:biblio:3,Mapa_Java.html,01 · Fundamentos y Sintaxis en Java,1.4 · Introducción a clases y objetos,Bibliografía,libro,"Introduction to Programming Using Java, 9th Ed.",David J. Eck,"Cap. 5: Objects and Classes, pp. 195–235",https://math.hws.edu/javanotes/,https://www.google.com/search?q=Introduction%20to%20Programming%20Using%20Java%2C%209th%20Ed.%20David%20J.%20Eck,existente,,,,,,,
Mapa_Java.html:1.4:biblio:4,Mapa_Java.html,01 · Fundamentos y Sintaxis en Java,1.4 · Introducción a clases y objetos,Bibliografía,libro,Modelado de Clases y Objetos en Java,UNAL,"Módulo 1, pp. 1–30",,https://www.google.com/search?q=Modelado%20de%20Clases%20y%20Objetos%20en%20Java%20UNAL,pendiente,,,,,,,
Mapa_Java.html:1.4:practica:0,Mapa_Java.html,01 · Fundamentos y Sintaxis en Java,1.4 · Introducción a clases y objetos,Práctica,practica,Ejercicios resueltos de Clases y Métodos,Programación Ats · YouTube,,,https://www.google.com/search?q=Ejercicios%20resueltos%20de%20Clases%20y%20M%C3%A9todos%20Programaci%C3%B3n%20Ats%20%C2%B7%20YouTube,pendiente,,,,,,,
Mapa_Java.html:1.4:practica:1,Mapa_Java.html,01 · Fundamentos y Sintaxis en Java,1.4 · Introducción a clases y objetos,Práctica,practica,06_classes_objects,mouredev/hello-java · GitHub,,https://github.com/mouredev/hello-java,https://www.google.com/search?q=06_classes_objects%20mouredev%2Fhello-java%20%C2%B7%20GitHub,existente,,,,,,,
Mapa_Java.html:1.4:practica:2,Mapa_Java.html,01 · Fundamentos y Sintaxis en Java,1.4 · Introducción a clases y objetos,Práctica,practica,Elons Toys y Remote Control Competition,Exercism Java Track,,https://exercism.org/tracks/java,https://www.google.com/search?q=Elons%20Toys%20y%20Remote%20Control%20Competition%20Exercism%20Java%20Track,existente,,,,,,,
Mapa_Java.html:1.4:practica:3,Mapa_Java.html,01 · Fundamentos y Sintaxis en Java,1.4 · Introducción a clases y objetos,Práctica,practica,Java Inheritance I · Instanciación,HackerRank,,,https://www.google.com/search?q=Java%20Inheritance%20I%20%C2%B7%20Instanciaci%C3%B3n%20HackerRank,pendiente,,,,,,,
Mapa_Java.html:1.4:practica:4,Mapa_Java.html,01 · Fundamentos y Sintaxis en Java,1.4 · Introducción a clases y objetos,Práctica,practica,Think Java · Sección 11.8: Exercises,Libro · pp. 152–154,,https://greenteapress.com/wp/think-java-2e/,https://www.google.com/search?q=Think%20Java%20%C2%B7%20Secci%C3%B3n%2011.8%3A%20Exercises%20Libro%20%C2%B7%20pp.%20152%E2%80%93154,existente,,,,,,,
Mapa_Java.html:2.1:videos:0,Mapa_Java.html,02 · POO Avanzada en Java,2.1 · Herencia e interfaces,Videos,video,Curso de Java desde cero: Herencia e Interfaces,MoureDev,,,https://www.youtube.com/results?search_query=Curso%20de%20Java%20desde%20cero%3A%20Herencia%20e%20Interfaces%20MoureDev,pendiente,,,,,,,
Mapa_Java.html:2.1:videos:1,Mapa_Java.html,02 · POO Avanzada en Java,2.1 · Herencia e interfaces,Videos,video,Herencia e Interfaces en la Práctica,pildorasinformaticas,,,https://www.youtube.com/results?search_query=Herencia%20e%20Interfaces%20en%20la%20Pr%C3%A1ctica%20pildorasinformaticas,pendiente,,,,,,,
Mapa_Java.html:2.1:videos:2,Mapa_Java.html,02 · POO Avanzada en Java,2.1 · Herencia e interfaces,Videos,video,"POO Avanzada: Herencia, Super y Reescritura de Métodos",Makigas,,,https://www.youtube.com/results?search_query=POO%20Avanzada%3A%20Herencia%2C%20Super%20y%20Reescritura%20de%20M%C3%A9todos%20Makigas,pendiente,,,,,,,
Mapa_Java.html:2.1:videos:3,Mapa_Java.html,02 · POO Avanzada en Java,2.1 · Herencia e interfaces,Videos,video,Programación en Java: Interfaces y Jerarquías de Clases,Programación Ats,,,https://www.youtube.com/results?search_query=Programaci%C3%B3n%20en%20Java%3A%20Interfaces%20y%20Jerarqu%C3%ADas%20de%20Clases%20Programaci%C3%B3n%20Ats,pendiente,,,,,,,
Mapa_Java.html:2.1:videos:4,Mapa_Java.html,02 · POO Avanzada en Java,2.1 · Herencia e interfaces,Videos,video,Implementación de Interfaces y Herencia Múltiple Sintética,TodoCode,,,https://www.youtube.com/results?search_query=Implementaci%C3%B3n%20de%20Interfaces%20y%20Herencia%20M%C3%BAltiple%20Sint%C3%A9tica%20TodoCode,pendiente,,,,,,,
Mapa_Java.html:2.1:biblio:0,Mapa_Java.html,02 · POO Avanzada en Java,2.1 · Herencia e interfaces,Bibliografía,libro,"Think Java, 2nd Ed.",Downey & Mayfield,"Cap. 14: Extending Classes, pp. 185–200",https://greenteapress.com/wp/think-java-2e/,https://www.google.com/search?q=Think%20Java%2C%202nd%20Ed.%20Downey%20%26%20Mayfield,existente,,,,,,,
Mapa_Java.html:2.1:biblio:1,Mapa_Java.html,02 · POO Avanzada en Java,2.1 · Herencia e interfaces,Bibliografía,libro,Aprenda Java como si estuviera en primero,García de Jalón et al.,"Cap. 4 (Herencia), pp. 96–110",,https://www.google.com/search?q=Aprenda%20Java%20como%20si%20estuviera%20en%20primero%20Garc%C3%ADa%20de%20Jal%C3%B3n%20et%20al.,pendiente,,,,,,,
Mapa_Java.html:2.1:biblio:2,Mapa_Java.html,02 · POO Avanzada en Java,2.1 · Herencia e interfaces,Bibliografía,libro,The Java Tutorials: Interfaces and Inheritance,Oracle,pp. 1–22,https://docs.oracle.com/javase/tutorial/,https://www.google.com/search?q=The%20Java%20Tutorials%3A%20Interfaces%20and%20Inheritance%20Oracle,existente,,,,,,,
Mapa_Java.html:2.1:biblio:3,Mapa_Java.html,02 · POO Avanzada en Java,2.1 · Herencia e interfaces,Bibliografía,libro,"Introduction to Programming Using Java, 9th Ed.",David J. Eck,"Cap. 5: Inheritance & Interfaces, pp. 236–260",https://math.hws.edu/javanotes/,https://www.google.com/search?q=Introduction%20to%20Programming%20Using%20Java%2C%209th%20Ed.%20David%20J.%20Eck,existente,,,,,,,
Mapa_Java.html:2.1:biblio:4,Mapa_Java.html,02 · POO Avanzada en Java,2.1 · Herencia e interfaces,Bibliografía,libro,Apuntes de Herencia e Interfaces en Java,U. de Chile,"DCC, pp. 1–25",,https://www.google.com/search?q=Apuntes%20de%20Herencia%20e%20Interfaces%20en%20Java%20U.%20de%20Chile,pendiente,,,,,,,
Mapa_Java.html:2.1:practica:0,Mapa_Java.html,02 · POO Avanzada en Java,2.1 · Herencia e interfaces,Práctica,practica,Ejercicios Resueltos de Herencia e Interfaces,Programación Ats · YouTube,,,https://www.google.com/search?q=Ejercicios%20Resueltos%20de%20Herencia%20e%20Interfaces%20Programaci%C3%B3n%20Ats%20%C2%B7%20YouTube,pendiente,,,,,,,
Mapa_Java.html:2.1:practica:1,Mapa_Java.html,02 · POO Avanzada en Java,2.1 · Herencia e interfaces,Práctica,practica,Wizards and Warriors,Exercism Java Track,,https://exercism.org/tracks/java,https://www.google.com/search?q=Wizards%20and%20Warriors%20Exercism%20Java%20Track,existente,,,,,,,
Mapa_Java.html:2.1:practica:2,Mapa_Java.html,02 · POO Avanzada en Java,2.1 · Herencia e interfaces,Práctica,practica,07_inheritance_interfaces,mouredev/hello-java · GitHub,,https://github.com/mouredev/hello-java,https://www.google.com/search?q=07_inheritance_interfaces%20mouredev%2Fhello-java%20%C2%B7%20GitHub,existente,,,,,,,
Mapa_Java.html:2.1:practica:3,Mapa_Java.html,02 · POO Avanzada en Java,2.1 · Herencia e interfaces,Práctica,practica,Java Interface y Java Method Overriding,HackerRank,,,https://www.google.com/search?q=Java%20Interface%20y%20Java%20Method%20Overriding%20HackerRank,pendiente,,,,,,,
Mapa_Java.html:2.1:practica:4,Mapa_Java.html,02 · POO Avanzada en Java,2.1 · Herencia e interfaces,Práctica,practica,Think Java · Sección 14.7: Exercises,Libro · pp. 198–200,,https://greenteapress.com/wp/think-java-2e/,https://www.google.com/search?q=Think%20Java%20%C2%B7%20Secci%C3%B3n%2014.7%3A%20Exercises%20Libro%20%C2%B7%20pp.%20198%E2%80%93200,existente,,,,,,,
Mapa_Java.html:2.2:videos:0,Mapa_Java.html,02 · POO Avanzada en Java,2.2 · Polimorfismo y clases abstractas,Videos,video,Curso de Java desde cero: Polimorfismo y Clases Abstractas,MoureDev,,,https://www.youtube.com/results?search_query=Curso%20de%20Java%20desde%20cero%3A%20Polimorfismo%20y%20Clases%20Abstractas%20MoureDev,pendiente,,,,,,,
Mapa_Java.html:2.2:videos:1,Mapa_Java.html,02 · POO Avanzada en Java,2.2 · Polimorfismo y clases abstractas,Videos,video,Polimorfismo en Acción y Clases Abstractas,pildorasinformaticas,,,https://www.youtube.com/results?search_query=Polimorfismo%20en%20Acci%C3%B3n%20y%20Clases%20Abstractas%20pildorasinformaticas,pendiente,,,,,,,
Mapa_Java.html:2.2:videos:2,Mapa_Java.html,02 · POO Avanzada en Java,2.2 · Polimorfismo y clases abstractas,Videos,video,Java Avanzado: Clases Abstractas vs Interfaces y Polimorfismo,Makigas,,,https://www.youtube.com/results?search_query=Java%20Avanzado%3A%20Clases%20Abstractas%20vs%20Interfaces%20y%20Polimorfismo%20Makigas,pendiente,,,,,,,
Mapa_Java.html:2.2:videos:3,Mapa_Java.html,02 · POO Avanzada en Java,2.2 · Polimorfismo y clases abstractas,Videos,video,POO en Java: Polimorfismo y Métodos Abstractos,Programación Ats,,,https://www.youtube.com/results?search_query=POO%20en%20Java%3A%20Polimorfismo%20y%20M%C3%A9todos%20Abstractos%20Programaci%C3%B3n%20Ats,pendiente,,,,,,,
Mapa_Java.html:2.2:videos:4,Mapa_Java.html,02 · POO Avanzada en Java,2.2 · Polimorfismo y clases abstractas,Videos,video,Concepto de Polimorfismo con Ejemplos Prácticos,TodoCode,,,https://www.youtube.com/results?search_query=Concepto%20de%20Polimorfismo%20con%20Ejemplos%20Pr%C3%A1cticos%20TodoCode,pendiente,,,,,,,
Mapa_Java.html:2.2:biblio:0,Mapa_Java.html,02 · POO Avanzada en Java,2.2 · Polimorfismo y clases abstractas,Bibliografía,libro,"Think Java, 2nd Ed.",Downey & Mayfield,"Cap. 15: Abstract Objects, pp. 201–215",https://greenteapress.com/wp/think-java-2e/,https://www.google.com/search?q=Think%20Java%2C%202nd%20Ed.%20Downey%20%26%20Mayfield,existente,,,,,,,
Mapa_Java.html:2.2:biblio:1,Mapa_Java.html,02 · POO Avanzada en Java,2.2 · Polimorfismo y clases abstractas,Bibliografía,libro,Aprenda Java como si estuviera en primero,García de Jalón et al.,"Cap. 4: Abstractas y Polimorfismo, pp. 111–120",,https://www.google.com/search?q=Aprenda%20Java%20como%20si%20estuviera%20en%20primero%20Garc%C3%ADa%20de%20Jal%C3%B3n%20et%20al.,pendiente,,,,,,,
Mapa_Java.html:2.2:biblio:2,Mapa_Java.html,02 · POO Avanzada en Java,2.2 · Polimorfismo y clases abstractas,Bibliografía,libro,The Java Tutorials: Abstract Methods and Classes,Oracle,pp. 1–10,https://docs.oracle.com/javase/tutorial/,https://www.google.com/search?q=The%20Java%20Tutorials%3A%20Abstract%20Methods%20and%20Classes%20Oracle,existente,,,,,,,
Mapa_Java.html:2.2:biblio:3,Mapa_Java.html,02 · POO Avanzada en Java,2.2 · Polimorfismo y clases abstractas,Bibliografía,libro,"Introduction to Programming Using Java, 9th Ed.",David J. Eck,"Cap. 5.5, pp. 245–258",https://math.hws.edu/javanotes/,https://www.google.com/search?q=Introduction%20to%20Programming%20Using%20Java%2C%209th%20Ed.%20David%20J.%20Eck,existente,,,,,,,
Mapa_Java.html:2.2:biblio:4,Mapa_Java.html,02 · POO Avanzada en Java,2.2 · Polimorfismo y clases abstractas,Bibliografía,libro,Guía Teórico-Práctica de Polimorfismo en Java,UNAD,pp. 10–30,,https://www.google.com/search?q=Gu%C3%ADa%20Te%C3%B3rico-Pr%C3%A1ctica%20de%20Polimorfismo%20en%20Java%20UNAD,pendiente,,,,,,,
Mapa_Java.html:2.2:practica:0,Mapa_Java.html,02 · POO Avanzada en Java,2.2 · Polimorfismo y clases abstractas,Práctica,practica,Ejercicios Resueltos de Polimorfismo y Clases Abstractas,Programación Ats · YouTube,,,https://www.google.com/search?q=Ejercicios%20Resueltos%20de%20Polimorfismo%20y%20Clases%20Abstractas%20Programaci%C3%B3n%20Ats%20%C2%B7%20YouTube,pendiente,,,,,,,
Mapa_Java.html:2.2:practica:1,Mapa_Java.html,02 · POO Avanzada en Java,2.2 · Polimorfismo y clases abstractas,Práctica,practica,Elons Toys (Polymorphic Design),Exercism Java Track,,https://exercism.org/tracks/java,https://www.google.com/search?q=Elons%20Toys%20(Polymorphic%20Design)%20Exercism%20Java%20Track,existente,,,,,,,
Mapa_Java.html:2.2:practica:2,Mapa_Java.html,02 · POO Avanzada en Java,2.2 · Polimorfismo y clases abstractas,Práctica,practica,08_polymorphism_abstraction,mouredev/hello-java · GitHub,,https://github.com/mouredev/hello-java,https://www.google.com/search?q=08_polymorphism_abstraction%20mouredev%2Fhello-java%20%C2%B7%20GitHub,existente,,,,,,,
Mapa_Java.html:2.2:practica:3,Mapa_Java.html,02 · POO Avanzada en Java,2.2 · Polimorfismo y clases abstractas,Práctica,practica,Java Abstract Class,HackerRank,,,https://www.google.com/search?q=Java%20Abstract%20Class%20HackerRank,pendiente,,,,,,,
Mapa_Java.html:2.2:practica:4,Mapa_Java.html,02 · POO Avanzada en Java,2.2 · Polimorfismo y clases abstractas,Práctica,practica,Think Java · Sección 15.6: Exercises,Libro · pp. 213–215,,https://greenteapress.com/wp/think-java-2e/,https://www.google.com/search?q=Think%20Java%20%C2%B7%20Secci%C3%B3n%2015.6%3A%20Exercises%20Libro%20%C2%B7%20pp.%20213%E2%80%93215,existente,,,,,,,
Mapa_Java.html:2.3:videos:0,Mapa_Java.html,02 · POO Avanzada en Java,2.3 · Encapsulamiento y modificadores de acceso,Videos,video,Curso de Java desde cero: Encapsulamiento y Modificadores,MoureDev,,,https://www.youtube.com/results?search_query=Curso%20de%20Java%20desde%20cero%3A%20Encapsulamiento%20y%20Modificadores%20MoureDev,pendiente,,,,,,,
Mapa_Java.html:2.3:videos:1,Mapa_Java.html,02 · POO Avanzada en Java,2.3 · Encapsulamiento y modificadores de acceso,Videos,video,"Encapsulamiento, Getters y Setters",pildorasinformaticas,,,https://www.youtube.com/results?search_query=Encapsulamiento%2C%20Getters%20y%20Setters%20pildorasinformaticas,pendiente,,,,,,,
Mapa_Java.html:2.3:videos:2,Mapa_Java.html,02 · POO Avanzada en Java,2.3 · Encapsulamiento y modificadores de acceso,Videos,video,"POO Java: Modificadores de Acceso (Public, Private, Protected)",Makigas,,,https://www.youtube.com/results?search_query=POO%20Java%3A%20Modificadores%20de%20Acceso%20(Public%2C%20Private%2C%20Protected)%20Makigas,pendiente,,,,,,,
Mapa_Java.html:2.3:videos:3,Mapa_Java.html,02 · POO Avanzada en Java,2.3 · Encapsulamiento y modificadores de acceso,Videos,video,Aprende Java: Ocultamiento de Información y Modificadores,Programación Ats,,,https://www.youtube.com/results?search_query=Aprende%20Java%3A%20Ocultamiento%20de%20Informaci%C3%B3n%20y%20Modificadores%20Programaci%C3%B3n%20Ats,pendiente,,,,,,,
Mapa_Java.html:2.3:videos:4,Mapa_Java.html,02 · POO Avanzada en Java,2.3 · Encapsulamiento y modificadores de acceso,Videos,video,Java Profesional: Encapsulamiento y Métodos de Acceso,TodoCode,,,https://www.youtube.com/results?search_query=Java%20Profesional%3A%20Encapsulamiento%20y%20M%C3%A9todos%20de%20Acceso%20TodoCode,pendiente,,,,,,,
Mapa_Java.html:2.3:biblio:0,Mapa_Java.html,02 · POO Avanzada en Java,2.3 · Encapsulamiento y modificadores de acceso,Bibliografía,libro,"Think Java, 2nd Ed.",Downey & Mayfield,"Cap. 11: Mutators & Getters, pp. 140–150",https://greenteapress.com/wp/think-java-2e/,https://www.google.com/search?q=Think%20Java%2C%202nd%20Ed.%20Downey%20%26%20Mayfield,existente,,,,,,,
Mapa_Java.html:2.3:biblio:1,Mapa_Java.html,02 · POO Avanzada en Java,2.3 · Encapsulamiento y modificadores de acceso,Bibliografía,libro,Aprenda Java como si estuviera en primero,García de Jalón et al.,"Cap. 4.3: Paquetes y Acceso, pp. 85–95",,https://www.google.com/search?q=Aprenda%20Java%20como%20si%20estuviera%20en%20primero%20Garc%C3%ADa%20de%20Jal%C3%B3n%20et%20al.,pendiente,,,,,,,
Mapa_Java.html:2.3:biblio:2,Mapa_Java.html,02 · POO Avanzada en Java,2.3 · Encapsulamiento y modificadores de acceso,Bibliografía,libro,The Java Tutorials: Controlling Access to Members,Oracle,pp. 1–8,https://docs.oracle.com/javase/tutorial/,https://www.google.com/search?q=The%20Java%20Tutorials%3A%20Controlling%20Access%20to%20Members%20Oracle,existente,,,,,,,
Mapa_Java.html:2.3:biblio:3,Mapa_Java.html,02 · POO Avanzada en Java,2.3 · Encapsulamiento y modificadores de acceso,Bibliografía,libro,"Introduction to Programming Using Java, 9th Ed.",David J. Eck,"Cap. 5.2: Access Modifiers, pp. 205–215",https://math.hws.edu/javanotes/,https://www.google.com/search?q=Introduction%20to%20Programming%20Using%20Java%2C%209th%20Ed.%20David%20J.%20Eck,existente,,,,,,,
Mapa_Java.html:2.3:biblio:4,Mapa_Java.html,02 · POO Avanzada en Java,2.3 · Encapsulamiento y modificadores de acceso,Bibliografía,libro,Encapsulamiento y Control de Acceso en LOO,UPV,"RiuNet, pp. 1–18",,https://www.google.com/search?q=Encapsulamiento%20y%20Control%20de%20Acceso%20en%20LOO%20UPV,pendiente,,,,,,,
Mapa_Java.html:2.3:practica:0,Mapa_Java.html,02 · POO Avanzada en Java,2.3 · Encapsulamiento y modificadores de acceso,Práctica,practica,Ejercicios Resueltos de Encapsulamiento y Get/Set,Programación Ats · YouTube,,,https://www.google.com/search?q=Ejercicios%20Resueltos%20de%20Encapsulamiento%20y%20Get%2FSet%20Programaci%C3%B3n%20Ats%20%C2%B7%20YouTube,pendiente,,,,,,,
Mapa_Java.html:2.3:practica:1,Mapa_Java.html,02 · POO Avanzada en Java,2.3 · Encapsulamiento y modificadores de acceso,Práctica,practica,09_encapsulation,mouredev/hello-java · GitHub,,https://github.com/mouredev/hello-java,https://www.google.com/search?q=09_encapsulation%20mouredev%2Fhello-java%20%C2%B7%20GitHub,existente,,,,,,,
Mapa_Java.html:2.3:practica:2,Mapa_Java.html,02 · POO Avanzada en Java,2.3 · Encapsulamiento y modificadores de acceso,Práctica,practica,Squeaky Clean,Exercism Java Track,,https://exercism.org/tracks/java,https://www.google.com/search?q=Squeaky%20Clean%20Exercism%20Java%20Track,existente,,,,,,,
Mapa_Java.html:2.3:practica:3,Mapa_Java.html,02 · POO Avanzada en Java,2.3 · Encapsulamiento y modificadores de acceso,Práctica,practica,Katas de Encapsulamiento en Java,CodeWars,,,https://www.google.com/search?q=Katas%20de%20Encapsulamiento%20en%20Java%20CodeWars,pendiente,,,,,,,
Mapa_Java.html:2.3:practica:4,Mapa_Java.html,02 · POO Avanzada en Java,2.3 · Encapsulamiento y modificadores de acceso,Práctica,practica,Eck · Ejercicios del Capítulo 5,Libro · pp. 261–264,,,https://www.google.com/search?q=Eck%20%C2%B7%20Ejercicios%20del%20Cap%C3%ADtulo%205%20Libro%20%C2%B7%20pp.%20261%E2%80%93264,pendiente,,,,,,,
Mapa_Java.html:2.4:videos:0,Mapa_Java.html,02 · POO Avanzada en Java,2.4 · Manejo de excepciones (try-catch-finally),Videos,video,Curso de Java desde cero: Manejo de Excepciones y Errores,MoureDev,,,https://www.youtube.com/results?search_query=Curso%20de%20Java%20desde%20cero%3A%20Manejo%20de%20Excepciones%20y%20Errores%20MoureDev,pendiente,,,,,,,
Mapa_Java.html:2.4:videos:1,Mapa_Java.html,02 · POO Avanzada en Java,2.4 · Manejo de excepciones (try-catch-finally),Videos,video,"Excepciones (Try-Catch, Throws, Excepciones Custom)",pildorasinformaticas,,,https://www.youtube.com/results?search_query=Excepciones%20(Try-Catch%2C%20Throws%2C%20Excepciones%20Custom)%20pildorasinformaticas,pendiente,,,,,,,
Mapa_Java.html:2.4:videos:2,Mapa_Java.html,02 · POO Avanzada en Java,2.4 · Manejo de excepciones (try-catch-finally),Videos,video,Java Avanzado: Captura y Lanzamiento de Excepciones,Makigas,,,https://www.youtube.com/results?search_query=Java%20Avanzado%3A%20Captura%20y%20Lanzamiento%20de%20Excepciones%20Makigas,pendiente,,,,,,,
Mapa_Java.html:2.4:videos:3,Mapa_Java.html,02 · POO Avanzada en Java,2.4 · Manejo de excepciones (try-catch-finally),Videos,video,Aprende Java: Excepciones Verificadas y No Verificadas,Programación Ats,,,https://www.youtube.com/results?search_query=Aprende%20Java%3A%20Excepciones%20Verificadas%20y%20No%20Verificadas%20Programaci%C3%B3n%20Ats,pendiente,,,,,,,
Mapa_Java.html:2.4:videos:4,Mapa_Java.html,02 · POO Avanzada en Java,2.4 · Manejo de excepciones (try-catch-finally),Videos,video,Manejo de Errores con Try-Catch y Finally,TodoCode,,,https://www.youtube.com/results?search_query=Manejo%20de%20Errores%20con%20Try-Catch%20y%20Finally%20TodoCode,pendiente,,,,,,,
Mapa_Java.html:2.4:biblio:0,Mapa_Java.html,02 · POO Avanzada en Java,2.4 · Manejo de excepciones (try-catch-finally),Bibliografía,libro,"Think Java, 2nd Ed.",Downey & Mayfield,"Cap. 12: Exceptions, pp. 155–168",https://greenteapress.com/wp/think-java-2e/,https://www.google.com/search?q=Think%20Java%2C%202nd%20Ed.%20Downey%20%26%20Mayfield,existente,,,,,,,
Mapa_Java.html:2.4:biblio:1,Mapa_Java.html,02 · POO Avanzada en Java,2.4 · Manejo de excepciones (try-catch-finally),Bibliografía,libro,Aprenda Java como si estuviera en primero,García de Jalón et al.,"Cap. 5: Excepciones, pp. 111–130",,https://www.google.com/search?q=Aprenda%20Java%20como%20si%20estuviera%20en%20primero%20Garc%C3%ADa%20de%20Jal%C3%B3n%20et%20al.,pendiente,,,,,,,
Mapa_Java.html:2.4:biblio:2,Mapa_Java.html,02 · POO Avanzada en Java,2.4 · Manejo de excepciones (try-catch-finally),Bibliografía,libro,The Java Tutorials: Lesson Exceptions,Oracle,pp. 1–20,https://docs.oracle.com/javase/tutorial/,https://www.google.com/search?q=The%20Java%20Tutorials%3A%20Lesson%20Exceptions%20Oracle,existente,,,,,,,
Mapa_Java.html:2.4:biblio:3,Mapa_Java.html,02 · POO Avanzada en Java,2.4 · Manejo de excepciones (try-catch-finally),Bibliografía,libro,"Introduction to Programming Using Java, 9th Ed.",David J. Eck,"Cap. 8.3, pp. 385–402",https://math.hws.edu/javanotes/,https://www.google.com/search?q=Introduction%20to%20Programming%20Using%20Java%2C%209th%20Ed.%20David%20J.%20Eck,existente,,,,,,,
Mapa_Java.html:2.4:biblio:4,Mapa_Java.html,02 · POO Avanzada en Java,2.4 · Manejo de excepciones (try-catch-finally),Bibliografía,libro,Tratamiento de Excepciones en Java,U. de Sevilla,"idUS, pp. 1–22",,https://www.google.com/search?q=Tratamiento%20de%20Excepciones%20en%20Java%20U.%20de%20Sevilla,pendiente,,,,,,,
Mapa_Java.html:2.4:practica:0,Mapa_Java.html,02 · POO Avanzada en Java,2.4 · Manejo de excepciones (try-catch-finally),Práctica,practica,Ejercicios Resueltos de Excepciones,Programación Ats · YouTube,,,https://www.google.com/search?q=Ejercicios%20Resueltos%20de%20Excepciones%20Programaci%C3%B3n%20Ats%20%C2%B7%20YouTube,pendiente,,,,,,,
Mapa_Java.html:2.4:practica:1,Mapa_Java.html,02 · POO Avanzada en Java,2.4 · Manejo de excepciones (try-catch-finally),Práctica,practica,Java Exception Handling y Try-catch,HackerRank,,,https://www.google.com/search?q=Java%20Exception%20Handling%20y%20Try-catch%20HackerRank,pendiente,,,,,,,
Mapa_Java.html:2.4:practica:2,Mapa_Java.html,02 · POO Avanzada en Java,2.4 · Manejo de excepciones (try-catch-finally),Práctica,practica,10_exceptions,mouredev/hello-java · GitHub,,https://github.com/mouredev/hello-java,https://www.google.com/search?q=10_exceptions%20mouredev%2Fhello-java%20%C2%B7%20GitHub,existente,,,,,,,
Mapa_Java.html:2.4:practica:3,Mapa_Java.html,02 · POO Avanzada en Java,2.4 · Manejo de excepciones (try-catch-finally),Práctica,practica,Pig Latin (con validación de errores),Exercism Java Track,,https://exercism.org/tracks/java,https://www.google.com/search?q=Pig%20Latin%20(con%20validaci%C3%B3n%20de%20errores)%20Exercism%20Java%20Track,existente,,,,,,,
Mapa_Java.html:2.4:practica:4,Mapa_Java.html,02 · POO Avanzada en Java,2.4 · Manejo de excepciones (try-catch-finally),Práctica,practica,Aprenda Java · Sección 5.6: Ejercicios de Excepciones,Libro · pp. 129–130,,,https://www.google.com/search?q=Aprenda%20Java%20%C2%B7%20Secci%C3%B3n%205.6%3A%20Ejercicios%20de%20Excepciones%20Libro%20%C2%B7%20pp.%20129%E2%80%93130,pendiente,,,,,,,
Mapa_Java.html:3.1:videos:0,Mapa_Java.html,03 · Funcionalidades Intermedias del Lenguaje,"3.1 · Colecciones (Collections Framework: List, Map, Set)",Videos,video,"Curso de Java desde cero: Collections Framework (List, Set, Map)",MoureDev,,,https://www.youtube.com/results?search_query=Curso%20de%20Java%20desde%20cero%3A%20Collections%20Framework%20(List%2C%20Set%2C%20Map)%20MoureDev,pendiente,,,,,,,
Mapa_Java.html:3.1:videos:1,Mapa_Java.html,03 · Funcionalidades Intermedias del Lenguaje,"3.1 · Colecciones (Collections Framework: List, Map, Set)",Videos,video,"Colecciones (ArrayList, HashMap, HashSet)",pildorasinformaticas,,,https://www.youtube.com/results?search_query=Colecciones%20(ArrayList%2C%20HashMap%2C%20HashSet)%20pildorasinformaticas,pendiente,,,,,,,
Mapa_Java.html:3.1:videos:2,Mapa_Java.html,03 · Funcionalidades Intermedias del Lenguaje,"3.1 · Colecciones (Collections Framework: List, Map, Set)",Videos,video,Java desde Cero: Colecciones y Estructuras de Datos,Makigas,,,https://www.youtube.com/results?search_query=Java%20desde%20Cero%3A%20Colecciones%20y%20Estructuras%20de%20Datos%20Makigas,pendiente,,,,,,,
Mapa_Java.html:3.1:videos:3,Mapa_Java.html,03 · Funcionalidades Intermedias del Lenguaje,"3.1 · Colecciones (Collections Framework: List, Map, Set)",Videos,video,"Aprende Java: Listas, Conjuntos y Mapas en Java",Programación Ats,,,https://www.youtube.com/results?search_query=Aprende%20Java%3A%20Listas%2C%20Conjuntos%20y%20Mapas%20en%20Java%20Programaci%C3%B3n%20Ats,pendiente,,,,,,,
Mapa_Java.html:3.1:videos:4,Mapa_Java.html,03 · Funcionalidades Intermedias del Lenguaje,"3.1 · Colecciones (Collections Framework: List, Map, Set)",Videos,video,Colecciones en Java Explicadas a Fondo,TodoCode,,,https://www.youtube.com/results?search_query=Colecciones%20en%20Java%20Explicadas%20a%20Fondo%20TodoCode,pendiente,,,,,,,
Mapa_Java.html:3.1:biblio:0,Mapa_Java.html,03 · Funcionalidades Intermedias del Lenguaje,"3.1 · Colecciones (Collections Framework: List, Map, Set)",Bibliografía,libro,"Think Java, 2nd Ed.",Downey & Mayfield,"Cap. 12: Collections, pp. 169–184",https://greenteapress.com/wp/think-java-2e/,https://www.google.com/search?q=Think%20Java%2C%202nd%20Ed.%20Downey%20%26%20Mayfield,existente,,,,,,,
Mapa_Java.html:3.1:biblio:1,Mapa_Java.html,03 · Funcionalidades Intermedias del Lenguaje,"3.1 · Colecciones (Collections Framework: List, Map, Set)",Bibliografía,libro,Aprenda Java como si estuviera en primero,García de Jalón et al.,"Cap. 6.3, pp. 142–160",,https://www.google.com/search?q=Aprenda%20Java%20como%20si%20estuviera%20en%20primero%20Garc%C3%ADa%20de%20Jal%C3%B3n%20et%20al.,pendiente,,,,,,,
Mapa_Java.html:3.1:biblio:2,Mapa_Java.html,03 · Funcionalidades Intermedias del Lenguaje,"3.1 · Colecciones (Collections Framework: List, Map, Set)",Bibliografía,libro,The Java Tutorials: Trail Collections,Oracle,pp. 1–35,https://docs.oracle.com/javase/tutorial/,https://www.google.com/search?q=The%20Java%20Tutorials%3A%20Trail%20Collections%20Oracle,existente,,,,,,,
Mapa_Java.html:3.1:biblio:3,Mapa_Java.html,03 · Funcionalidades Intermedias del Lenguaje,"3.1 · Colecciones (Collections Framework: List, Map, Set)",Bibliografía,libro,"Introduction to Programming Using Java, 9th Ed.",David J. Eck,"Cap. 10: Collection Classes, pp. 485–520",https://math.hws.edu/javanotes/,https://www.google.com/search?q=Introduction%20to%20Programming%20Using%20Java%2C%209th%20Ed.%20David%20J.%20Eck,existente,,,,,,,
Mapa_Java.html:3.1:biblio:4,Mapa_Java.html,03 · Funcionalidades Intermedias del Lenguaje,"3.1 · Colecciones (Collections Framework: List, Map, Set)",Bibliografía,libro,Estructuras de Datos y Colecciones en Java,UC3M,"OCW, pp. 1–40",,https://www.google.com/search?q=Estructuras%20de%20Datos%20y%20Colecciones%20en%20Java%20UC3M,pendiente,,,,,,,
Mapa_Java.html:3.1:practica:0,Mapa_Java.html,03 · Funcionalidades Intermedias del Lenguaje,"3.1 · Colecciones (Collections Framework: List, Map, Set)",Práctica,practica,"Ejercicios Resueltos de ArrayList, HashSet y HashMap",Programación Ats · YouTube,,,https://www.google.com/search?q=Ejercicios%20Resueltos%20de%20ArrayList%2C%20HashSet%20y%20HashMap%20Programaci%C3%B3n%20Ats%20%C2%B7%20YouTube,pendiente,,,,,,,
Mapa_Java.html:3.1:practica:1,Mapa_Java.html,03 · Funcionalidades Intermedias del Lenguaje,"3.1 · Colecciones (Collections Framework: List, Map, Set)",Práctica,practica,"Java List, Java Map, Java Hashset",HackerRank,,,https://www.google.com/search?q=Java%20List%2C%20Java%20Map%2C%20Java%20Hashset%20HackerRank,pendiente,,,,,,,
Mapa_Java.html:3.1:practica:2,Mapa_Java.html,03 · Funcionalidades Intermedias del Lenguaje,"3.1 · Colecciones (Collections Framework: List, Map, Set)",Práctica,practica,11_collections,mouredev/hello-java · GitHub,,https://github.com/mouredev/hello-java,https://www.google.com/search?q=11_collections%20mouredev%2Fhello-java%20%C2%B7%20GitHub,existente,,,,,,,
Mapa_Java.html:3.1:practica:3,Mapa_Java.html,03 · Funcionalidades Intermedias del Lenguaje,"3.1 · Colecciones (Collections Framework: List, Map, Set)",Práctica,practica,Two Sum y Contains Duplicate,LeetCode,,,https://www.google.com/search?q=Two%20Sum%20y%20Contains%20Duplicate%20LeetCode,pendiente,,,,,,,
Mapa_Java.html:3.1:practica:4,Mapa_Java.html,03 · Funcionalidades Intermedias del Lenguaje,"3.1 · Colecciones (Collections Framework: List, Map, Set)",Práctica,practica,Eck · Ejercicios del Capítulo 10,Libro · pp. 535–538,,,https://www.google.com/search?q=Eck%20%C2%B7%20Ejercicios%20del%20Cap%C3%ADtulo%2010%20Libro%20%C2%B7%20pp.%20535%E2%80%93538,pendiente,,,,,,,
Mapa_Java.html:3.2:videos:0,Mapa_Java.html,03 · Funcionalidades Intermedias del Lenguaje,3.2 · Expresiones Lambda y Streams,Videos,video,Curso de Java desde cero: Lambdas y Streams,MoureDev,,,https://www.youtube.com/results?search_query=Curso%20de%20Java%20desde%20cero%3A%20Lambdas%20y%20Streams%20MoureDev,pendiente,,,,,,,
Mapa_Java.html:3.2:videos:1,Mapa_Java.html,03 · Funcionalidades Intermedias del Lenguaje,3.2 · Expresiones Lambda y Streams,Videos,video,Java Avanzado: Expresiones Lambda y Stream API,pildorasinformaticas,,,https://www.youtube.com/results?search_query=Java%20Avanzado%3A%20Expresiones%20Lambda%20y%20Stream%20API%20pildorasinformaticas,pendiente,,,,,,,
Mapa_Java.html:3.2:videos:2,Mapa_Java.html,03 · Funcionalidades Intermedias del Lenguaje,3.2 · Expresiones Lambda y Streams,Videos,video,"Java Funcional: Lambdas, Programación Funcional y Streams",Makigas,,,https://www.youtube.com/results?search_query=Java%20Funcional%3A%20Lambdas%2C%20Programaci%C3%B3n%20Funcional%20y%20Streams%20Makigas,pendiente,,,,,,,
Mapa_Java.html:3.2:videos:3,Mapa_Java.html,03 · Funcionalidades Intermedias del Lenguaje,3.2 · Expresiones Lambda y Streams,Videos,video,Manipulación de Datos con Streams y Filter/Map/Reduce,Programación Ats,,,https://www.youtube.com/results?search_query=Manipulaci%C3%B3n%20de%20Datos%20con%20Streams%20y%20Filter%2FMap%2FReduce%20Programaci%C3%B3n%20Ats,pendiente,,,,,,,
Mapa_Java.html:3.2:videos:4,Mapa_Java.html,03 · Funcionalidades Intermedias del Lenguaje,3.2 · Expresiones Lambda y Streams,Videos,video,Programación Funcional para Principiantes,TodoCode,,,https://www.youtube.com/results?search_query=Programaci%C3%B3n%20Funcional%20para%20Principiantes%20TodoCode,pendiente,,,,,,,
Mapa_Java.html:3.2:biblio:0,Mapa_Java.html,03 · Funcionalidades Intermedias del Lenguaje,3.2 · Expresiones Lambda y Streams,Bibliografía,libro,The Java Tutorials: Lambdas and Aggregate Operations,Oracle,pp. 1–25,https://docs.oracle.com/javase/tutorial/,https://www.google.com/search?q=The%20Java%20Tutorials%3A%20Lambdas%20and%20Aggregate%20Operations%20Oracle,existente,,,,,,,
Mapa_Java.html:3.2:biblio:1,Mapa_Java.html,03 · Funcionalidades Intermedias del Lenguaje,3.2 · Expresiones Lambda y Streams,Bibliografía,libro,"Introduction to Programming Using Java, 9th Ed.",David J. Eck,"Cap. 10.6: Stream API, pp. 521–534",https://math.hws.edu/javanotes/,https://www.google.com/search?q=Introduction%20to%20Programming%20Using%20Java%2C%209th%20Ed.%20David%20J.%20Eck,existente,,,,,,,
Mapa_Java.html:3.2:biblio:2,Mapa_Java.html,03 · Funcionalidades Intermedias del Lenguaje,3.2 · Expresiones Lambda y Streams,Bibliografía,libro,Java 8 in Action (extractos),Urma et al.,"Cap. 2 & 4: Lambdas and Streams, pp. 35–80",,https://www.google.com/search?q=Java%208%20in%20Action%20(extractos)%20Urma%20et%20al.,pendiente,,,,,,,
Mapa_Java.html:3.2:biblio:3,Mapa_Java.html,03 · Funcionalidades Intermedias del Lenguaje,3.2 · Expresiones Lambda y Streams,Bibliografía,libro,Programación Funcional en Java Moderno,UPC,"Apuntes, pp. 1–30 (UPCommons)",,https://www.google.com/search?q=Programaci%C3%B3n%20Funcional%20en%20Java%20Moderno%20UPC,pendiente,,,,,,,
Mapa_Java.html:3.2:biblio:4,Mapa_Java.html,03 · Funcionalidades Intermedias del Lenguaje,3.2 · Expresiones Lambda y Streams,Bibliografía,libro,The Stream API Specification,OpenJDK,pp. 1–15,,https://www.google.com/search?q=The%20Stream%20API%20Specification%20OpenJDK,pendiente,,,,,,,
Mapa_Java.html:3.2:practica:0,Mapa_Java.html,03 · Funcionalidades Intermedias del Lenguaje,3.2 · Expresiones Lambda y Streams,Práctica,practica,Ejercicios Resueltos de Lambdas y Streams,Programación Ats · YouTube,,,https://www.google.com/search?q=Ejercicios%20Resueltos%20de%20Lambdas%20y%20Streams%20Programaci%C3%B3n%20Ats%20%C2%B7%20YouTube,pendiente,,,,,,,
Mapa_Java.html:3.2:practica:1,Mapa_Java.html,03 · Funcionalidades Intermedias del Lenguaje,3.2 · Expresiones Lambda y Streams,Práctica,practica,Gigasecond y DnD Character,Exercism Java Track,,https://exercism.org/tracks/java,https://www.google.com/search?q=Gigasecond%20y%20DnD%20Character%20Exercism%20Java%20Track,existente,,,,,,,
Mapa_Java.html:3.2:practica:2,Mapa_Java.html,03 · Funcionalidades Intermedias del Lenguaje,3.2 · Expresiones Lambda y Streams,Práctica,practica,12_lambdas_streams,mouredev/hello-java · GitHub,,https://github.com/mouredev/hello-java,https://www.google.com/search?q=12_lambdas_streams%20mouredev%2Fhello-java%20%C2%B7%20GitHub,existente,,,,,,,
Mapa_Java.html:3.2:practica:3,Mapa_Java.html,03 · Funcionalidades Intermedias del Lenguaje,3.2 · Expresiones Lambda y Streams,Práctica,practica,winterbe/java8-tutorial (Streams),GitHub,,,https://www.google.com/search?q=winterbe%2Fjava8-tutorial%20(Streams)%20GitHub,pendiente,,,,,,,
Mapa_Java.html:3.2:practica:4,Mapa_Java.html,03 · Funcionalidades Intermedias del Lenguaje,3.2 · Expresiones Lambda y Streams,Práctica,practica,Eck · Ejercicios de Streams del Cap. 10,Libro · pp. 539–540,,,https://www.google.com/search?q=Eck%20%C2%B7%20Ejercicios%20de%20Streams%20del%20Cap.%2010%20Libro%20%C2%B7%20pp.%20539%E2%80%93540,pendiente,,,,,,,
Mapa_Java.html:3.3:videos:0,Mapa_Java.html,03 · Funcionalidades Intermedias del Lenguaje,3.3 · Generics,Videos,video,Curso de Java desde cero: Genéricos (Generics),MoureDev,,,https://www.youtube.com/results?search_query=Curso%20de%20Java%20desde%20cero%3A%20Gen%C3%A9ricos%20(Generics)%20MoureDev,pendiente,,,,,,,
Mapa_Java.html:3.3:videos:1,Mapa_Java.html,03 · Funcionalidades Intermedias del Lenguaje,3.3 · Generics,Videos,video,Java Avanzado: Clases y Métodos Genéricos,pildorasinformaticas,,,https://www.youtube.com/results?search_query=Java%20Avanzado%3A%20Clases%20y%20M%C3%A9todos%20Gen%C3%A9ricos%20pildorasinformaticas,pendiente,,,,,,,
Mapa_Java.html:3.3:videos:2,Mapa_Java.html,03 · Funcionalidades Intermedias del Lenguaje,3.3 · Generics,Videos,video,"Java en Profundidad: Generics y Wildcards (? extends T, ? super T)",Makigas,,,https://www.youtube.com/results?search_query=Java%20en%20Profundidad%3A%20Generics%20y%20Wildcards%20(%3F%20extends%20T%2C%20%3F%20super%20T)%20Makigas,pendiente,,,,,,,
Mapa_Java.html:3.3:videos:3,Mapa_Java.html,03 · Funcionalidades Intermedias del Lenguaje,3.3 · Generics,Videos,video,Programación en Java: Programación Genérica Paso a Paso,Programación Ats,,,https://www.youtube.com/results?search_query=Programaci%C3%B3n%20en%20Java%3A%20Programaci%C3%B3n%20Gen%C3%A9rica%20Paso%20a%20Paso%20Programaci%C3%B3n%20Ats,pendiente,,,,,,,
Mapa_Java.html:3.3:videos:4,Mapa_Java.html,03 · Funcionalidades Intermedias del Lenguaje,3.3 · Generics,Videos,video,Genéricos y Tipos Comodín Explicados,TodoCode,,,https://www.youtube.com/results?search_query=Gen%C3%A9ricos%20y%20Tipos%20Comod%C3%ADn%20Explicados%20TodoCode,pendiente,,,,,,,
Mapa_Java.html:3.3:biblio:0,Mapa_Java.html,03 · Funcionalidades Intermedias del Lenguaje,3.3 · Generics,Bibliografía,libro,The Java Tutorials: Lesson Generics,Oracle,pp. 1–28,https://docs.oracle.com/javase/tutorial/,https://www.google.com/search?q=The%20Java%20Tutorials%3A%20Lesson%20Generics%20Oracle,existente,,,,,,,
Mapa_Java.html:3.3:biblio:1,Mapa_Java.html,03 · Funcionalidades Intermedias del Lenguaje,3.3 · Generics,Bibliografía,libro,"Introduction to Programming Using Java, 9th Ed.",David J. Eck,"Cap. 10.1, pp. 470–484",https://math.hws.edu/javanotes/,https://www.google.com/search?q=Introduction%20to%20Programming%20Using%20Java%2C%209th%20Ed.%20David%20J.%20Eck,existente,,,,,,,
Mapa_Java.html:3.3:biblio:2,Mapa_Java.html,03 · Funcionalidades Intermedias del Lenguaje,3.3 · Generics,Bibliografía,libro,Aprenda Java como si estuviera en primero,García de Jalón et al.,"Cap. 6.4: Genéricos, pp. 161–170",,https://www.google.com/search?q=Aprenda%20Java%20como%20si%20estuviera%20en%20primero%20Garc%C3%ADa%20de%20Jal%C3%B3n%20et%20al.,pendiente,,,,,,,
Mapa_Java.html:3.3:biblio:3,Mapa_Java.html,03 · Funcionalidades Intermedias del Lenguaje,3.3 · Generics,Bibliografía,libro,Tipos Genéricos y Parametrización en Java,UBA,pp. 1–20,,https://www.google.com/search?q=Tipos%20Gen%C3%A9ricos%20y%20Parametrizaci%C3%B3n%20en%20Java%20UBA,pendiente,,,,,,,
Mapa_Java.html:3.3:biblio:4,Mapa_Java.html,03 · Funcionalidades Intermedias del Lenguaje,3.3 · Generics,Bibliografía,libro,Java Language Specification: Generics,OpenJDK,"Cap. 4.5, pp. 75–98",,https://www.google.com/search?q=Java%20Language%20Specification%3A%20Generics%20OpenJDK,pendiente,,,,,,,
Mapa_Java.html:3.3:practica:0,Mapa_Java.html,03 · Funcionalidades Intermedias del Lenguaje,3.3 · Generics,Práctica,practica,Ejercicios Resueltos de Clases y Métodos Genéricos,Programación Ats · YouTube,,,https://www.google.com/search?q=Ejercicios%20Resueltos%20de%20Clases%20y%20M%C3%A9todos%20Gen%C3%A9ricos%20Programaci%C3%B3n%20Ats%20%C2%B7%20YouTube,pendiente,,,,,,,
Mapa_Java.html:3.3:practica:1,Mapa_Java.html,03 · Funcionalidades Intermedias del Lenguaje,3.3 · Generics,Práctica,practica,Java Generic Methods,HackerRank,,,https://www.google.com/search?q=Java%20Generic%20Methods%20HackerRank,pendiente,,,,,,,
Mapa_Java.html:3.3:practica:2,Mapa_Java.html,03 · Funcionalidades Intermedias del Lenguaje,3.3 · Generics,Práctica,practica,13_generics,mouredev/hello-java · GitHub,,https://github.com/mouredev/hello-java,https://www.google.com/search?q=13_generics%20mouredev%2Fhello-java%20%C2%B7%20GitHub,existente,,,,,,,
Mapa_Java.html:3.3:practica:3,Mapa_Java.html,03 · Funcionalidades Intermedias del Lenguaje,3.3 · Generics,Práctica,practica,Custom Set,Exercism Java Track,,https://exercism.org/tracks/java,https://www.google.com/search?q=Custom%20Set%20Exercism%20Java%20Track,existente,,,,,,,
Mapa_Java.html:3.3:practica:4,Mapa_Java.html,03 · Funcionalidades Intermedias del Lenguaje,3.3 · Generics,Práctica,practica,Eck · Ejercicios Cap. 10.1,Libro · pp. 536–537,,,https://www.google.com/search?q=Eck%20%C2%B7%20Ejercicios%20Cap.%2010.1%20Libro%20%C2%B7%20pp.%20536%E2%80%93537,pendiente,,,,,,,
Mapa_Java.html:3.4:videos:0,Mapa_Java.html,03 · Funcionalidades Intermedias del Lenguaje,3.4 · Multihilo básico (Threads),Videos,video,Curso de Java desde cero: Concurrencia y Hilos Básicos,MoureDev,,,https://www.youtube.com/results?search_query=Curso%20de%20Java%20desde%20cero%3A%20Concurrencia%20y%20Hilos%20B%C3%A1sicos%20MoureDev,pendiente,,,,,,,
Mapa_Java.html:3.4:videos:1,Mapa_Java.html,03 · Funcionalidades Intermedias del Lenguaje,3.4 · Multihilo básico (Threads),Videos,video,Java Avanzado: Programación Multihilo e Hilos,pildorasinformaticas,,,https://www.youtube.com/results?search_query=Java%20Avanzado%3A%20Programaci%C3%B3n%20Multihilo%20e%20Hilos%20pildorasinformaticas,pendiente,,,,,,,
Mapa_Java.html:3.4:videos:2,Mapa_Java.html,03 · Funcionalidades Intermedias del Lenguaje,3.4 · Multihilo básico (Threads),Videos,video,"Java Concurrente: Hilos, Runnable y Sincronización Básica",Makigas,,,https://www.youtube.com/results?search_query=Java%20Concurrente%3A%20Hilos%2C%20Runnable%20y%20Sincronizaci%C3%B3n%20B%C3%A1sica%20Makigas,pendiente,,,,,,,
Mapa_Java.html:3.4:videos:3,Mapa_Java.html,03 · Funcionalidades Intermedias del Lenguaje,3.4 · Multihilo básico (Threads),Videos,video,Hilos (Threads) y Ciclo de Vida de un Hilo,Programación Ats,,,https://www.youtube.com/results?search_query=Hilos%20(Threads)%20y%20Ciclo%20de%20Vida%20de%20un%20Hilo%20Programaci%C3%B3n%20Ats,pendiente,,,,,,,
Mapa_Java.html:3.4:videos:4,Mapa_Java.html,03 · Funcionalidades Intermedias del Lenguaje,3.4 · Multihilo básico (Threads),Videos,video,Introducción a la Concurrencia y Multihilo,TodoCode,,,https://www.youtube.com/results?search_query=Introducci%C3%B3n%20a%20la%20Concurrencia%20y%20Multihilo%20TodoCode,pendiente,,,,,,,
Mapa_Java.html:3.4:biblio:0,Mapa_Java.html,03 · Funcionalidades Intermedias del Lenguaje,3.4 · Multihilo básico (Threads),Bibliografía,libro,"Think Java, 2nd Ed.",Downey & Mayfield,"Apéndice E: Multithreading, pp. 240–252",https://greenteapress.com/wp/think-java-2e/,https://www.google.com/search?q=Think%20Java%2C%202nd%20Ed.%20Downey%20%26%20Mayfield,existente,,,,,,,
Mapa_Java.html:3.4:biblio:1,Mapa_Java.html,03 · Funcionalidades Intermedias del Lenguaje,3.4 · Multihilo básico (Threads),Bibliografía,libro,The Java Tutorials: Concurrency,Oracle,pp. 1–22,https://docs.oracle.com/javase/tutorial/,https://www.google.com/search?q=The%20Java%20Tutorials%3A%20Concurrency%20Oracle,existente,,,,,,,
Mapa_Java.html:3.4:biblio:2,Mapa_Java.html,03 · Funcionalidades Intermedias del Lenguaje,3.4 · Multihilo básico (Threads),Bibliografía,libro,"Introduction to Programming Using Java, 9th Ed.",David J. Eck,"Cap. 12: Threads, pp. 585–615",https://math.hws.edu/javanotes/,https://www.google.com/search?q=Introduction%20to%20Programming%20Using%20Java%2C%209th%20Ed.%20David%20J.%20Eck,existente,,,,,,,
Mapa_Java.html:3.4:biblio:3,Mapa_Java.html,03 · Funcionalidades Intermedias del Lenguaje,3.4 · Multihilo básico (Threads),Bibliografía,libro,Aprenda Java como si estuviera en primero,García de Jalón et al.,"Cap. 7: Hilos, pp. 171–190",,https://www.google.com/search?q=Aprenda%20Java%20como%20si%20estuviera%20en%20primero%20Garc%C3%ADa%20de%20Jal%C3%B3n%20et%20al.,pendiente,,,,,,,
Mapa_Java.html:3.4:biblio:4,Mapa_Java.html,03 · Funcionalidades Intermedias del Lenguaje,3.4 · Multihilo básico (Threads),Bibliografía,libro,Programación Concurrente en Java,UNLP,"SEDICI, pp. 1–35",,https://www.google.com/search?q=Programaci%C3%B3n%20Concurrente%20en%20Java%20UNLP,pendiente,,,,,,,
Mapa_Java.html:3.4:practica:0,Mapa_Java.html,03 · Funcionalidades Intermedias del Lenguaje,3.4 · Multihilo básico (Threads),Práctica,practica,Ejercicios Resueltos de Hilos con Thread y Runnable,Programación Ats · YouTube,,,https://www.google.com/search?q=Ejercicios%20Resueltos%20de%20Hilos%20con%20Thread%20y%20Runnable%20Programaci%C3%B3n%20Ats%20%C2%B7%20YouTube,pendiente,,,,,,,
Mapa_Java.html:3.4:practica:1,Mapa_Java.html,03 · Funcionalidades Intermedias del Lenguaje,3.4 · Multihilo básico (Threads),Práctica,practica,Print in Order y Building H2O,LeetCode Concurrency,,,https://www.google.com/search?q=Print%20in%20Order%20y%20Building%20H2O%20LeetCode%20Concurrency,pendiente,,,,,,,
Mapa_Java.html:3.4:practica:2,Mapa_Java.html,03 · Funcionalidades Intermedias del Lenguaje,3.4 · Multihilo básico (Threads),Práctica,practica,14_threads,mouredev/hello-java · GitHub,,https://github.com/mouredev/hello-java,https://www.google.com/search?q=14_threads%20mouredev%2Fhello-java%20%C2%B7%20GitHub,existente,,,,,,,
Mapa_Java.html:3.4:practica:3,Mapa_Java.html,03 · Funcionalidades Intermedias del Lenguaje,3.4 · Multihilo básico (Threads),Práctica,practica,Bank Account (Concurrencia),Exercism Java Track,,https://exercism.org/tracks/java,https://www.google.com/search?q=Bank%20Account%20(Concurrencia)%20Exercism%20Java%20Track,existente,,,,,,,
Mapa_Java.html:3.4:practica:4,Mapa_Java.html,03 · Funcionalidades Intermedias del Lenguaje,3.4 · Multihilo básico (Threads),Práctica,practica,Eck · Ejercicios del Capítulo 12,Libro · pp. 625–628,,,https://www.google.com/search?q=Eck%20%C2%B7%20Ejercicios%20del%20Cap%C3%ADtulo%2012%20Libro%20%C2%B7%20pp.%20625%E2%80%93628,pendiente,,,,,,,
Mapa_Java.html:4.1:videos:0,Mapa_Java.html,04 · Proyecto Integrador (JDBC · Swing),4.1 · Conexión a base de datos (JDBC),Videos,video,Curso de Java desde cero: Conexión a BD con JDBC,MoureDev,,,https://www.youtube.com/results?search_query=Curso%20de%20Java%20desde%20cero%3A%20Conexi%C3%B3n%20a%20BD%20con%20JDBC%20MoureDev,pendiente,,,,,,,
Mapa_Java.html:4.1:videos:1,Mapa_Java.html,04 · Proyecto Integrador (JDBC · Swing),4.1 · Conexión a base de datos (JDBC),Videos,video,Java y Bases de Datos: JDBC Paso a Paso,pildorasinformaticas,,,https://www.youtube.com/results?search_query=Java%20y%20Bases%20de%20Datos%3A%20JDBC%20Paso%20a%20Paso%20pildorasinformaticas,pendiente,,,,,,,
Mapa_Java.html:4.1:videos:2,Mapa_Java.html,04 · Proyecto Integrador (JDBC · Swing),4.1 · Conexión a base de datos (JDBC),Videos,video,Java y Persistencia: JDBC con PostgreSQL y MySQL,Makigas,,,https://www.youtube.com/results?search_query=Java%20y%20Persistencia%3A%20JDBC%20con%20PostgreSQL%20y%20MySQL%20Makigas,pendiente,,,,,,,
Mapa_Java.html:4.1:videos:3,Mapa_Java.html,04 · Proyecto Integrador (JDBC · Swing),4.1 · Conexión a base de datos (JDBC),Videos,video,Conexión Java a MySQL/PostgreSQL mediante JDBC,Programación Ats,,,https://www.youtube.com/results?search_query=Conexi%C3%B3n%20Java%20a%20MySQL%2FPostgreSQL%20mediante%20JDBC%20Programaci%C3%B3n%20Ats,pendiente,,,,,,,
Mapa_Java.html:4.1:videos:4,Mapa_Java.html,04 · Proyecto Integrador (JDBC · Swing),4.1 · Conexión a base de datos (JDBC),Videos,video,Conectar Java con Base de Datos usando JDBC,TodoCode,,,https://www.youtube.com/results?search_query=Conectar%20Java%20con%20Base%20de%20Datos%20usando%20JDBC%20TodoCode,pendiente,,,,,,,
Mapa_Java.html:4.1:biblio:0,Mapa_Java.html,04 · Proyecto Integrador (JDBC · Swing),4.1 · Conexión a base de datos (JDBC),Bibliografía,libro,JDBC Database Access Documentation,Oracle,"Java SE, pp. 1–30",https://docs.oracle.com/javase/tutorial/,https://www.google.com/search?q=JDBC%20Database%20Access%20Documentation%20Oracle,existente,,,,,,,
Mapa_Java.html:4.1:biblio:1,Mapa_Java.html,04 · Proyecto Integrador (JDBC · Swing),4.1 · Conexión a base de datos (JDBC),Bibliografía,libro,"Introduction to Programming Using Java, 9th Ed.",David J. Eck,"Cap. 13.1: JDBC, pp. 630–645",https://math.hws.edu/javanotes/,https://www.google.com/search?q=Introduction%20to%20Programming%20Using%20Java%2C%209th%20Ed.%20David%20J.%20Eck,existente,,,,,,,
Mapa_Java.html:4.1:biblio:2,Mapa_Java.html,04 · Proyecto Integrador (JDBC · Swing),4.1 · Conexión a base de datos (JDBC),Bibliografía,libro,Acceso a BD en Java mediante JDBC,U. de Alicante,"RUA, pp. 1–28",,https://www.google.com/search?q=Acceso%20a%20BD%20en%20Java%20mediante%20JDBC%20U.%20de%20Alicante,pendiente,,,,,,,
Mapa_Java.html:4.1:biblio:3,Mapa_Java.html,04 · Proyecto Integrador (JDBC · Swing),4.1 · Conexión a base de datos (JDBC),Bibliografía,libro,PostgreSQL JDBC Driver Documentation,PostgreSQL,"jdbc.postgresql.org, pp. 1–20",,https://www.google.com/search?q=PostgreSQL%20JDBC%20Driver%20Documentation%20PostgreSQL,pendiente,,,,,,,
Mapa_Java.html:4.1:biblio:4,Mapa_Java.html,04 · Proyecto Integrador (JDBC · Swing),4.1 · Conexión a base de datos (JDBC),Bibliografía,libro,Persistencia de Datos en Java,U. de Granada,"DIGIBUG, pp. 1–32",,https://www.google.com/search?q=Persistencia%20de%20Datos%20en%20Java%20U.%20de%20Granada,pendiente,,,,,,,
Mapa_Java.html:4.1:practica:0,Mapa_Java.html,04 · Proyecto Integrador (JDBC · Swing),4.1 · Conexión a base de datos (JDBC),Práctica,practica,Ejercicios Resueltos de Conexión JDBC,Programación Ats · YouTube,,,https://www.google.com/search?q=Ejercicios%20Resueltos%20de%20Conexi%C3%B3n%20JDBC%20Programaci%C3%B3n%20Ats%20%C2%B7%20YouTube,pendiente,,,,,,,
Mapa_Java.html:4.1:practica:1,Mapa_Java.html,04 · Proyecto Integrador (JDBC · Swing),4.1 · Conexión a base de datos (JDBC),Práctica,practica,15_jdbc_base,mouredev/hello-java · GitHub,,https://github.com/mouredev/hello-java,https://www.google.com/search?q=15_jdbc_base%20mouredev%2Fhello-java%20%C2%B7%20GitHub,existente,,,,,,,
Mapa_Java.html:4.1:practica:2,Mapa_Java.html,04 · Proyecto Integrador (JDBC · Swing),4.1 · Conexión a base de datos (JDBC),Práctica,practica,oracle-samples/oracle-db-examples (Java/JDBC),GitHub,,https://docs.oracle.com/javase/tutorial/,https://www.google.com/search?q=oracle-samples%2Foracle-db-examples%20(Java%2FJDBC)%20GitHub,existente,,,,,,,
Mapa_Java.html:4.1:practica:3,Mapa_Java.html,04 · Proyecto Integrador (JDBC · Swing),4.1 · Conexión a base de datos (JDBC),Práctica,practica,Rest API (Simulación de Persistencia),Exercism,,https://exercism.org/tracks/java,https://www.google.com/search?q=Rest%20API%20(Simulaci%C3%B3n%20de%20Persistencia)%20Exercism,existente,,,,,,,
Mapa_Java.html:4.1:practica:4,Mapa_Java.html,04 · Proyecto Integrador (JDBC · Swing),4.1 · Conexión a base de datos (JDBC),Práctica,practica,Eck · Ejercicios JDBC del Cap. 13,Libro · pp. 660–662,,,https://www.google.com/search?q=Eck%20%C2%B7%20Ejercicios%20JDBC%20del%20Cap.%2013%20Libro%20%C2%B7%20pp.%20660%E2%80%93662,pendiente,,,,,,,
Mapa_Java.html:4.2:videos:0,Mapa_Java.html,04 · Proyecto Integrador (JDBC · Swing),4.2 · Sentencias SQL desde Java,Videos,video,Curso de Java desde cero: Consultas SQL y PreparedStatement,MoureDev,,,https://www.youtube.com/results?search_query=Curso%20de%20Java%20desde%20cero%3A%20Consultas%20SQL%20y%20PreparedStatement%20MoureDev,pendiente,,,,,,,
Mapa_Java.html:4.2:videos:1,Mapa_Java.html,04 · Proyecto Integrador (JDBC · Swing),4.2 · Sentencias SQL desde Java,Videos,video,"Java JDBC: Consultas, Inserciones y PreparedStatement",pildorasinformaticas,,,https://www.youtube.com/results?search_query=Java%20JDBC%3A%20Consultas%2C%20Inserciones%20y%20PreparedStatement%20pildorasinformaticas,pendiente,,,,,,,
Mapa_Java.html:4.2:videos:2,Mapa_Java.html,04 · Proyecto Integrador (JDBC · Swing),4.2 · Sentencias SQL desde Java,Videos,video,Java JDBC: Operaciones CRUD y Prevención de SQL Injection,Makigas,,,https://www.youtube.com/results?search_query=Java%20JDBC%3A%20Operaciones%20CRUD%20y%20Prevenci%C3%B3n%20de%20SQL%20Injection%20Makigas,pendiente,,,,,,,
Mapa_Java.html:4.2:videos:3,Mapa_Java.html,04 · Proyecto Integrador (JDBC · Swing),4.2 · Sentencias SQL desde Java,Videos,video,Aprende Java: Ejecución de Sentencias SQL desde Java,Programación Ats,,,https://www.youtube.com/results?search_query=Aprende%20Java%3A%20Ejecuci%C3%B3n%20de%20Sentencias%20SQL%20desde%20Java%20Programaci%C3%B3n%20Ats,pendiente,,,,,,,
Mapa_Java.html:4.2:videos:4,Mapa_Java.html,04 · Proyecto Integrador (JDBC · Swing),4.2 · Sentencias SQL desde Java,Videos,video,CRUD Completo con JDBC y MySQL/PostgreSQL,TodoCode,,,https://www.youtube.com/results?search_query=CRUD%20Completo%20con%20JDBC%20y%20MySQL%2FPostgreSQL%20TodoCode,pendiente,,,,,,,
Mapa_Java.html:4.2:biblio:0,Mapa_Java.html,04 · Proyecto Integrador (JDBC · Swing),4.2 · Sentencias SQL desde Java,Bibliografía,libro,The Java Tutorials: Using PreparedStatements,Oracle,"JDBC Basics, pp. 1–15",https://docs.oracle.com/javase/tutorial/,https://www.google.com/search?q=The%20Java%20Tutorials%3A%20Using%20PreparedStatements%20Oracle,existente,,,,,,,
Mapa_Java.html:4.2:biblio:1,Mapa_Java.html,04 · Proyecto Integrador (JDBC · Swing),4.2 · Sentencias SQL desde Java,Bibliografía,libro,"Introduction to Programming Using Java, 9th Ed.",David J. Eck,"Cap. 13.2, pp. 646–658",https://math.hws.edu/javanotes/,https://www.google.com/search?q=Introduction%20to%20Programming%20Using%20Java%2C%209th%20Ed.%20David%20J.%20Eck,existente,,,,,,,
Mapa_Java.html:4.2:biblio:2,Mapa_Java.html,04 · Proyecto Integrador (JDBC · Swing),4.2 · Sentencias SQL desde Java,Bibliografía,libro,Inyección SQL y Uso Seguro de PreparedStatement,UPM,"OCW, pp. 1–20",,https://www.google.com/search?q=Inyecci%C3%B3n%20SQL%20y%20Uso%20Seguro%20de%20PreparedStatement%20UPM,pendiente,,,,,,,
Mapa_Java.html:4.2:biblio:3,Mapa_Java.html,04 · Proyecto Integrador (JDBC · Swing),4.2 · Sentencias SQL desde Java,Bibliografía,libro,SQL Injection Prevention Cheat Sheet in Java,OWASP,"owasp.org, pp. 1–12",,https://www.google.com/search?q=SQL%20Injection%20Prevention%20Cheat%20Sheet%20in%20Java%20OWASP,pendiente,,,,,,,
Mapa_Java.html:4.2:biblio:4,Mapa_Java.html,04 · Proyecto Integrador (JDBC · Swing),4.2 · Sentencias SQL desde Java,Bibliografía,libro,Desarrollo de Sistemas Persistentes con Java y SQL,U. de Valencia,"RODERIC, pp. 1–35",,https://www.google.com/search?q=Desarrollo%20de%20Sistemas%20Persistentes%20con%20Java%20y%20SQL%20U.%20de%20Valencia,pendiente,,,,,,,
Mapa_Java.html:4.2:practica:0,Mapa_Java.html,04 · Proyecto Integrador (JDBC · Swing),4.2 · Sentencias SQL desde Java,Práctica,practica,Ejercicios Resueltos de CRUD Completo con PreparedStatement,Programación Ats · YouTube,,,https://www.google.com/search?q=Ejercicios%20Resueltos%20de%20CRUD%20Completo%20con%20PreparedStatement%20Programaci%C3%B3n%20Ats%20%C2%B7%20YouTube,pendiente,,,,,,,
Mapa_Java.html:4.2:practica:1,Mapa_Java.html,04 · Proyecto Integrador (JDBC · Swing),4.2 · Sentencias SQL desde Java,Práctica,practica,Java DB Connectivity and SQL Execution,HackerRank,,,https://www.google.com/search?q=Java%20DB%20Connectivity%20and%20SQL%20Execution%20HackerRank,pendiente,,,,,,,
Mapa_Java.html:4.2:practica:2,Mapa_Java.html,04 · Proyecto Integrador (JDBC · Swing),4.2 · Sentencias SQL desde Java,Práctica,practica,16_jdbc_crud,mouredev/hello-java · GitHub,,https://github.com/mouredev/hello-java,https://www.google.com/search?q=16_jdbc_crud%20mouredev%2Fhello-java%20%C2%B7%20GitHub,existente,,,,,,,
Mapa_Java.html:4.2:practica:3,Mapa_Java.html,04 · Proyecto Integrador (JDBC · Swing),4.2 · Sentencias SQL desde Java,Práctica,practica,Database Track: Integración SQL con Lógica de Negocio,LeetCode,,,https://www.google.com/search?q=Database%20Track%3A%20Integraci%C3%B3n%20SQL%20con%20L%C3%B3gica%20de%20Negocio%20LeetCode,pendiente,,,,,,,
Mapa_Java.html:4.2:practica:4,Mapa_Java.html,04 · Proyecto Integrador (JDBC · Swing),4.2 · Sentencias SQL desde Java,Práctica,practica,Eck · Ejercicios Cap. 13.2,Libro · pp. 662–664,,,https://www.google.com/search?q=Eck%20%C2%B7%20Ejercicios%20Cap.%2013.2%20Libro%20%C2%B7%20pp.%20662%E2%80%93664,pendiente,,,,,,,
Mapa_Java.html:4.3:videos:0,Mapa_Java.html,04 · Proyecto Integrador (JDBC · Swing),4.3 · Interfaz gráfica básica (Swing/AWT),Videos,video,Curso de Java desde cero: Interfaces Gráficas con Swing,MoureDev,,,https://www.youtube.com/results?search_query=Curso%20de%20Java%20desde%20cero%3A%20Interfaces%20Gr%C3%A1ficas%20con%20Swing%20MoureDev,pendiente,,,,,,,
Mapa_Java.html:4.3:videos:1,Mapa_Java.html,04 · Proyecto Integrador (JDBC · Swing),4.3 · Interfaz gráfica básica (Swing/AWT),Videos,video,Interfaces Gráficas con Swing y AWT,pildorasinformaticas,,,https://www.youtube.com/results?search_query=Interfaces%20Gr%C3%A1ficas%20con%20Swing%20y%20AWT%20pildorasinformaticas,pendiente,,,,,,,
Mapa_Java.html:4.3:videos:2,Mapa_Java.html,04 · Proyecto Integrador (JDBC · Swing),4.3 · Interfaz gráfica básica (Swing/AWT),Videos,video,"Java GUI: Ventanas, Botones y Manejo de Eventos en Swing",Makigas,,,https://www.youtube.com/results?search_query=Java%20GUI%3A%20Ventanas%2C%20Botones%20y%20Manejo%20de%20Eventos%20en%20Swing%20Makigas,pendiente,,,,,,,
Mapa_Java.html:4.3:videos:3,Mapa_Java.html,04 · Proyecto Integrador (JDBC · Swing),4.3 · Interfaz gráfica básica (Swing/AWT),Videos,video,Formularios Gráficos con JFrame y JPanel,Programación Ats,,,https://www.youtube.com/results?search_query=Formularios%20Gr%C3%A1ficos%20con%20JFrame%20y%20JPanel%20Programaci%C3%B3n%20Ats,pendiente,,,,,,,
Mapa_Java.html:4.3:videos:4,Mapa_Java.html,04 · Proyecto Integrador (JDBC · Swing),4.3 · Interfaz gráfica básica (Swing/AWT),Videos,video,Creación de GUI en IntelliJ IDEA,TodoCode,,,https://www.youtube.com/results?search_query=Creaci%C3%B3n%20de%20GUI%20en%20IntelliJ%20IDEA%20TodoCode,pendiente,,,,,,,
Mapa_Java.html:4.3:biblio:0,Mapa_Java.html,04 · Proyecto Integrador (JDBC · Swing),4.3 · Interfaz gráfica básica (Swing/AWT),Bibliografía,libro,"Think Java, 2nd Ed.",Downey & Mayfield,"Apéndice B: GUI Graphics, pp. 220–232",https://greenteapress.com/wp/think-java-2e/,https://www.google.com/search?q=Think%20Java%2C%202nd%20Ed.%20Downey%20%26%20Mayfield,existente,,,,,,,
Mapa_Java.html:4.3:biblio:1,Mapa_Java.html,04 · Proyecto Integrador (JDBC · Swing),4.3 · Interfaz gráfica básica (Swing/AWT),Bibliografía,libro,Aprenda Java como si estuviera en primero,García de Jalón et al.,"Cap. 8: AWT y Swing, pp. 191–230",,https://www.google.com/search?q=Aprenda%20Java%20como%20si%20estuviera%20en%20primero%20Garc%C3%ADa%20de%20Jal%C3%B3n%20et%20al.,pendiente,,,,,,,
Mapa_Java.html:4.3:biblio:2,Mapa_Java.html,04 · Proyecto Integrador (JDBC · Swing),4.3 · Interfaz gráfica básica (Swing/AWT),Bibliografía,libro,The Java Tutorials: Creating a GUI With JFC/Swing,Oracle,pp. 1–40,https://docs.oracle.com/javase/tutorial/,https://www.google.com/search?q=The%20Java%20Tutorials%3A%20Creating%20a%20GUI%20With%20JFC%2FSwing%20Oracle,existente,,,,,,,
Mapa_Java.html:4.3:biblio:3,Mapa_Java.html,04 · Proyecto Integrador (JDBC · Swing),4.3 · Interfaz gráfica básica (Swing/AWT),Bibliografía,libro,"Introduction to Programming Using Java, 9th Ed.",David J. Eck,"Cap. 6: GUI, pp. 265–314",https://math.hws.edu/javanotes/,https://www.google.com/search?q=Introduction%20to%20Programming%20Using%20Java%2C%209th%20Ed.%20David%20J.%20Eck,existente,,,,,,,
Mapa_Java.html:4.3:biblio:4,Mapa_Java.html,04 · Proyecto Integrador (JDBC · Swing),4.3 · Interfaz gráfica básica (Swing/AWT),Bibliografía,libro,Programación de Interfaces Gráficas en Java Swing,UNS,pp. 1–30,,https://www.google.com/search?q=Programaci%C3%B3n%20de%20Interfaces%20Gr%C3%A1ficas%20en%20Java%20Swing%20UNS,pendiente,,,,,,,
Mapa_Java.html:4.3:practica:0,Mapa_Java.html,04 · Proyecto Integrador (JDBC · Swing),4.3 · Interfaz gráfica básica (Swing/AWT),Práctica,practica,Ejercicios Resueltos de Interfaces Gráficas en Swing,Programación Ats · YouTube,,,https://www.google.com/search?q=Ejercicios%20Resueltos%20de%20Interfaces%20Gr%C3%A1ficas%20en%20Swing%20Programaci%C3%B3n%20Ats%20%C2%B7%20YouTube,pendiente,,,,,,,
Mapa_Java.html:4.3:practica:1,Mapa_Java.html,04 · Proyecto Integrador (JDBC · Swing),4.3 · Interfaz gráfica básica (Swing/AWT),Práctica,practica,17_swing_gui,mouredev/hello-java · GitHub,,https://github.com/mouredev/hello-java,https://www.google.com/search?q=17_swing_gui%20mouredev%2Fhello-java%20%C2%B7%20GitHub,existente,,,,,,,
Mapa_Java.html:4.3:practica:2,Mapa_Java.html,04 · Proyecto Integrador (JDBC · Swing),4.3 · Interfaz gráfica básica (Swing/AWT),Práctica,practica,GUI Event Listener Simulation,Exercism,,https://exercism.org/tracks/java,https://www.google.com/search?q=GUI%20Event%20Listener%20Simulation%20Exercism,existente,,,,,,,
Mapa_Java.html:4.3:practica:3,Mapa_Java.html,04 · Proyecto Integrador (JDBC · Swing),4.3 · Interfaz gráfica básica (Swing/AWT),Práctica,practica,Eck · Ejercicios del Capítulo 6,Libro · pp. 310–314,,,https://www.google.com/search?q=Eck%20%C2%B7%20Ejercicios%20del%20Cap%C3%ADtulo%206%20Libro%20%C2%B7%20pp.%20310%E2%80%93314,pendiente,,,,,,,
Mapa_Java.html:4.3:practica:4,Mapa_Java.html,04 · Proyecto Integrador (JDBC · Swing),4.3 · Interfaz gráfica básica (Swing/AWT),Práctica,practica,Aprenda Java · Sección 8.8: Ejercicios de Swing,Libro · pp. 228–230,,,https://www.google.com/search?q=Aprenda%20Java%20%C2%B7%20Secci%C3%B3n%208.8%3A%20Ejercicios%20de%20Swing%20Libro%20%C2%B7%20pp.%20228%E2%80%93230,pendiente,,,,,,,
Mapa_Java.html:4.4:videos:0,Mapa_Java.html,04 · Proyecto Integrador (JDBC · Swing),4.4 · Proyecto final integrador,Videos,video,Curso de Java desde cero: Proyecto Integrador Completo,MoureDev,,,https://www.youtube.com/results?search_query=Curso%20de%20Java%20desde%20cero%3A%20Proyecto%20Integrador%20Completo%20MoureDev,pendiente,,,,,,,
Mapa_Java.html:4.4:videos:1,Mapa_Java.html,04 · Proyecto Integrador (JDBC · Swing),4.4 · Proyecto final integrador,Videos,video,Desarrollo de una Aplicación de Escritorio Completa,pildorasinformaticas,,,https://www.youtube.com/results?search_query=Desarrollo%20de%20una%20Aplicaci%C3%B3n%20de%20Escritorio%20Completa%20pildorasinformaticas,pendiente,,,,,,,
Mapa_Java.html:4.4:videos:2,Mapa_Java.html,04 · Proyecto Integrador (JDBC · Swing),4.4 · Proyecto final integrador,Videos,video,Java Avanzado: Arquitectura MVC en Java,Makigas,,,https://www.youtube.com/results?search_query=Java%20Avanzado%3A%20Arquitectura%20MVC%20en%20Java%20Makigas,pendiente,,,,,,,
Mapa_Java.html:4.4:videos:3,Mapa_Java.html,04 · Proyecto Integrador (JDBC · Swing),4.4 · Proyecto final integrador,Videos,video,Sistema de Gestión Completo con BD y Swing,Programación Ats,,,https://www.youtube.com/results?search_query=Sistema%20de%20Gesti%C3%B3n%20Completo%20con%20BD%20y%20Swing%20Programaci%C3%B3n%20Ats,pendiente,,,,,,,
Mapa_Java.html:4.4:videos:4,Mapa_Java.html,04 · Proyecto Integrador (JDBC · Swing),4.4 · Proyecto final integrador,Videos,video,Proyecto CRUD con Arquitectura en Capas,TodoCode,,,https://www.youtube.com/results?search_query=Proyecto%20CRUD%20con%20Arquitectura%20en%20Capas%20TodoCode,pendiente,,,,,,,
Mapa_Java.html:4.4:biblio:0,Mapa_Java.html,04 · Proyecto Integrador (JDBC · Swing),4.4 · Proyecto final integrador,Bibliografía,libro,Architectural Patterns in Java Desktop Apps,Oracle,"Developer Guides, pp. 1–25",https://docs.oracle.com/javase/tutorial/,https://www.google.com/search?q=Architectural%20Patterns%20in%20Java%20Desktop%20Apps%20Oracle,existente,,,,,,,
Mapa_Java.html:4.4:biblio:1,Mapa_Java.html,04 · Proyecto Integrador (JDBC · Swing),4.4 · Proyecto final integrador,Bibliografía,libro,"Introduction to Programming Using Java, 9th Ed.",David J. Eck,"Cap. 13.3, pp. 658–670",https://math.hws.edu/javanotes/,https://www.google.com/search?q=Introduction%20to%20Programming%20Using%20Java%2C%209th%20Ed.%20David%20J.%20Eck,existente,,,,,,,
Mapa_Java.html:4.4:biblio:2,Mapa_Java.html,04 · Proyecto Integrador (JDBC · Swing),4.4 · Proyecto final integrador,Bibliografía,libro,MVC y Arquitectura en Capas en Java,U. de Cantabria,"OCW, pp. 1–22",,https://www.google.com/search?q=MVC%20y%20Arquitectura%20en%20Capas%20en%20Java%20U.%20de%20Cantabria,pendiente,,,,,,,
Mapa_Java.html:4.4:biblio:3,Mapa_Java.html,04 · Proyecto Integrador (JDBC · Swing),4.4 · Proyecto final integrador,Bibliografía,libro,Guía para Proyectos Integradores en Java,UNED,"e-Spacio, pp. 1–40",,https://www.google.com/search?q=Gu%C3%ADa%20para%20Proyectos%20Integradores%20en%20Java%20UNED,pendiente,,,,,,,
Mapa_Java.html:4.4:biblio:4,Mapa_Java.html,04 · Proyecto Integrador (JDBC · Swing),4.4 · Proyecto final integrador,Bibliografía,libro,Aprenda Java como si estuviera en primero,García de Jalón et al.,"Cap. 9: Proyecto Completo, pp. 231–250",,https://www.google.com/search?q=Aprenda%20Java%20como%20si%20estuviera%20en%20primero%20Garc%C3%ADa%20de%20Jal%C3%B3n%20et%20al.,pendiente,,,,,,,
Mapa_Java.html:4.4:practica:0,Mapa_Java.html,04 · Proyecto Integrador (JDBC · Swing),4.4 · Proyecto final integrador,Práctica,practica,Sistema de Ventas/Inventario en Java (paso a paso),Programación Ats · YouTube,,,https://www.google.com/search?q=Sistema%20de%20Ventas%2FInventario%20en%20Java%20(paso%20a%20paso)%20Programaci%C3%B3n%20Ats%20%C2%B7%20YouTube,pendiente,,,,,,,
Mapa_Java.html:4.4:practica:1,Mapa_Java.html,04 · Proyecto Integrador (JDBC · Swing),4.4 · Proyecto final integrador,Práctica,practica,18_final_project,mouredev/hello-java · GitHub,,https://github.com/mouredev/hello-java,https://www.google.com/search?q=18_final_project%20mouredev%2Fhello-java%20%C2%B7%20GitHub,existente,,,,,,,
Mapa_Java.html:4.4:practica:2,Mapa_Java.html,04 · Proyecto Integrador (JDBC · Swing),4.4 · Proyecto final integrador,Práctica,practica,karan/Projects (Proyectos Integradores Java),GitHub,,,https://www.google.com/search?q=karan%2FProjects%20(Proyectos%20Integradores%20Java)%20GitHub,pendiente,,,,,,,
Mapa_Java.html:4.4:practica:3,Mapa_Java.html,04 · Proyecto Integrador (JDBC · Swing),4.4 · Proyecto final integrador,Práctica,practica,Capstone Brotli/Dungeon Crawler,Exercism,,https://exercism.org/tracks/java,https://www.google.com/search?q=Capstone%20Brotli%2FDungeon%20Crawler%20Exercism,existente,,,,,,,
Mapa_Java.html:4.4:practica:4,Mapa_Java.html,04 · Proyecto Integrador (JDBC · Swing),4.4 · Proyecto final integrador,Práctica,practica,Eck · Proyecto Final Cap. 13,Libro · pp. 671–674,,,https://www.google.com/search?q=Eck%20%C2%B7%20Proyecto%20Final%20Cap.%2013%20Libro%20%C2%B7%20pp.%20671%E2%80%93674,pendiente,,,,,,,
Mapa_Java.html:5.1:videos:0,Mapa_Java.html,05 · Buenas Prácticas y Control de Versiones,5.1 · Principios SOLID aplicados en Java,Videos,video,Curso de Java desde cero: Principios SOLID Explicados,MoureDev,,,https://www.youtube.com/results?search_query=Curso%20de%20Java%20desde%20cero%3A%20Principios%20SOLID%20Explicados%20MoureDev,pendiente,,,,,,,
Mapa_Java.html:5.1:videos:1,Mapa_Java.html,05 · Buenas Prácticas y Control de Versiones,5.1 · Principios SOLID aplicados en Java,Videos,video,Principios SOLID en Java con Ejemplos Prácticos,pildorasinformaticas,,,https://www.youtube.com/results?search_query=Principios%20SOLID%20en%20Java%20con%20Ejemplos%20Pr%C3%A1cticos%20pildorasinformaticas,pendiente,,,,,,,
Mapa_Java.html:5.1:videos:2,Mapa_Java.html,05 · Buenas Prácticas y Control de Versiones,5.1 · Principios SOLID aplicados en Java,Videos,video,Arquitectura de Software: Aprende los 5 Principios SOLID,Makigas,,,https://www.youtube.com/results?search_query=Arquitectura%20de%20Software%3A%20Aprende%20los%205%20Principios%20SOLID%20Makigas,pendiente,,,,,,,
Mapa_Java.html:5.1:videos:3,Mapa_Java.html,05 · Buenas Prácticas y Control de Versiones,5.1 · Principios SOLID aplicados en Java,Videos,video,Buenas Prácticas en Java: Aplicando SOLID a Tu Código,TodoCode,,,https://www.youtube.com/results?search_query=Buenas%20Pr%C3%A1cticas%20en%20Java%3A%20Aplicando%20SOLID%20a%20Tu%20C%C3%B3digo%20TodoCode,pendiente,,,,,,,
Mapa_Java.html:5.1:videos:4,Mapa_Java.html,05 · Buenas Prácticas y Control de Versiones,5.1 · Principios SOLID aplicados en Java,Videos,video,SOLID: Refactorización y Arquitectura Limpia en Java,BettaTech,,,https://www.youtube.com/results?search_query=SOLID%3A%20Refactorizaci%C3%B3n%20y%20Arquitectura%20Limpia%20en%20Java%20BettaTech,pendiente,,,,,,,
Mapa_Java.html:5.1:biblio:0,Mapa_Java.html,05 · Buenas Prácticas y Control de Versiones,5.1 · Principios SOLID aplicados en Java,Bibliografía,libro,SOLID Design Principles in OO Languages,Piccioni et al.,"ETH Zurich, pp. 1–25",,https://www.google.com/search?q=SOLID%20Design%20Principles%20in%20OO%20Languages%20Piccioni%20et%20al.,pendiente,,,,,,,
Mapa_Java.html:5.1:biblio:1,Mapa_Java.html,05 · Buenas Prácticas y Control de Versiones,5.1 · Principios SOLID aplicados en Java,Bibliografía,libro,Principios de Diseño de Software OO,U. de Salamanca,"Gredos, pp. 1–30",,https://www.google.com/search?q=Principios%20de%20Dise%C3%B1o%20de%20Software%20OO%20U.%20de%20Salamanca,pendiente,,,,,,,
Mapa_Java.html:5.1:biblio:2,Mapa_Java.html,05 · Buenas Prácticas y Control de Versiones,5.1 · Principios SOLID aplicados en Java,Bibliografía,libro,Manual de Principios SOLID y Buenas Prácticas en Java,USAC,pp. 1–28,,https://www.google.com/search?q=Manual%20de%20Principios%20SOLID%20y%20Buenas%20Pr%C3%A1cticas%20en%20Java%20USAC,pendiente,,,,,,,
Mapa_Java.html:5.1:biblio:3,Mapa_Java.html,05 · Buenas Prácticas y Control de Versiones,5.1 · Principios SOLID aplicados en Java,Bibliografía,libro,OO Design and SOLID Principles,OSSU,pp. 1–35,,https://www.google.com/search?q=OO%20Design%20and%20SOLID%20Principles%20OSSU,pendiente,,,,,,,
Mapa_Java.html:5.1:biblio:4,Mapa_Java.html,05 · Buenas Prácticas y Control de Versiones,5.1 · Principios SOLID aplicados en Java,Bibliografía,libro,Best Practices in Java Class Design,Oracle,"Technical Articles, pp. 1–18",https://docs.oracle.com/javase/tutorial/,https://www.google.com/search?q=Best%20Practices%20in%20Java%20Class%20Design%20Oracle,existente,,,,,,,
Mapa_Java.html:5.1:practica:0,Mapa_Java.html,05 · Buenas Prácticas y Control de Versiones,5.1 · Principios SOLID aplicados en Java,Práctica,practica,Refactorización usando Principios SOLID,BettaTech · YouTube,,,https://www.google.com/search?q=Refactorizaci%C3%B3n%20usando%20Principios%20SOLID%20BettaTech%20%C2%B7%20YouTube,pendiente,,,,,,,
Mapa_Java.html:5.1:practica:1,Mapa_Java.html,05 · Buenas Prácticas y Control de Versiones,5.1 · Principios SOLID aplicados en Java,Práctica,practica,19_solid,mouredev/hello-java · GitHub,,https://github.com/mouredev/hello-java,https://www.google.com/search?q=19_solid%20mouredev%2Fhello-java%20%C2%B7%20GitHub,existente,,,,,,,
Mapa_Java.html:5.1:practica:2,Mapa_Java.html,05 · Buenas Prácticas y Control de Versiones,5.1 · Principios SOLID aplicados en Java,Práctica,practica,webpro/solid-principles-java (Katas),GitHub,,,https://www.google.com/search?q=webpro%2Fsolid-principles-java%20(Katas)%20GitHub,pendiente,,,,,,,
Mapa_Java.html:5.1:practica:3,Mapa_Java.html,05 · Buenas Prácticas y Control de Versiones,5.1 · Principios SOLID aplicados en Java,Práctica,practica,Katas de Refactorizado y Arquitectura Limpia,Exercism,,https://exercism.org/tracks/java,https://www.google.com/search?q=Katas%20de%20Refactorizado%20y%20Arquitectura%20Limpia%20Exercism,existente,,,,,,,
Mapa_Java.html:5.1:practica:4,Mapa_Java.html,05 · Buenas Prácticas y Control de Versiones,5.1 · Principios SOLID aplicados en Java,Práctica,practica,Piccioni et al. · Sección 4: Exercises,Documento · pp. 26–30,,,https://www.google.com/search?q=Piccioni%20et%20al.%20%C2%B7%20Secci%C3%B3n%204%3A%20Exercises%20Documento%20%C2%B7%20pp.%2026%E2%80%9330,pendiente,,,,,,,
Mapa_Java.html:5.2:videos:0,Mapa_Java.html,05 · Buenas Prácticas y Control de Versiones,"5.2 · Patrones de diseño básicos (Singleton, Factory)",Videos,video,Curso de Java desde cero: Patrones Singleton y Factory,MoureDev,,,https://www.youtube.com/results?search_query=Curso%20de%20Java%20desde%20cero%3A%20Patrones%20Singleton%20y%20Factory%20MoureDev,pendiente,,,,,,,
Mapa_Java.html:5.2:videos:1,Mapa_Java.html,05 · Buenas Prácticas y Control de Versiones,"5.2 · Patrones de diseño básicos (Singleton, Factory)",Videos,video,Patrones de Diseño en Java: Singleton y Factory Method,pildorasinformaticas,,,https://www.youtube.com/results?search_query=Patrones%20de%20Dise%C3%B1o%20en%20Java%3A%20Singleton%20y%20Factory%20Method%20pildorasinformaticas,pendiente,,,,,,,
Mapa_Java.html:5.2:videos:2,Mapa_Java.html,05 · Buenas Prácticas y Control de Versiones,"5.2 · Patrones de diseño básicos (Singleton, Factory)",Videos,video,"Patrones de Diseño: Creacionales (Singleton, Factory)",Makigas,,,https://www.youtube.com/results?search_query=Patrones%20de%20Dise%C3%B1o%3A%20Creacionales%20(Singleton%2C%20Factory)%20Makigas,pendiente,,,,,,,
Mapa_Java.html:5.2:videos:3,Mapa_Java.html,05 · Buenas Prácticas y Control de Versiones,"5.2 · Patrones de diseño básicos (Singleton, Factory)",Videos,video,Aprende Patrones de Diseño: Singleton y Factory,TodoCode,,,https://www.youtube.com/results?search_query=Aprende%20Patrones%20de%20Dise%C3%B1o%3A%20Singleton%20y%20Factory%20TodoCode,pendiente,,,,,,,
Mapa_Java.html:5.2:videos:4,Mapa_Java.html,05 · Buenas Prácticas y Control de Versiones,"5.2 · Patrones de diseño básicos (Singleton, Factory)",Videos,video,Patrones de Diseño en Java desde Cero,Programación Ats,,,https://www.youtube.com/results?search_query=Patrones%20de%20Dise%C3%B1o%20en%20Java%20desde%20Cero%20Programaci%C3%B3n%20Ats,pendiente,,,,,,,
Mapa_Java.html:5.2:biblio:0,Mapa_Java.html,05 · Buenas Prácticas y Control de Versiones,"5.2 · Patrones de diseño básicos (Singleton, Factory)",Bibliografía,libro,Design Patterns (notas académicas abiertas),"Gamma, Helm, Johnson, Vlissides","Cap. 3: Creational, pp. 81–133",,https://www.google.com/search?q=Design%20Patterns%20(notas%20acad%C3%A9micas%20abiertas)%20Gamma%2C%20Helm%2C%20Johnson%2C%20Vlissides,pendiente,,,,,,,
Mapa_Java.html:5.2:biblio:1,Mapa_Java.html,05 · Buenas Prácticas y Control de Versiones,"5.2 · Patrones de diseño básicos (Singleton, Factory)",Bibliografía,libro,Catálogo de Patrones Creacionales en Java,UPM,"OCW, pp. 1–32",,https://www.google.com/search?q=Cat%C3%A1logo%20de%20Patrones%20Creacionales%20en%20Java%20UPM,pendiente,,,,,,,
Mapa_Java.html:5.2:biblio:2,Mapa_Java.html,05 · Buenas Prácticas y Control de Versiones,"5.2 · Patrones de diseño básicos (Singleton, Factory)",Bibliografía,libro,Design Patterns: Singleton & Factory in Java,Refactoring.Guru,pp. 1–20,https://refactoring.guru/,https://www.google.com/search?q=Design%20Patterns%3A%20Singleton%20%26%20Factory%20in%20Java%20Refactoring.Guru,existente,,,,,,,
Mapa_Java.html:5.2:biblio:3,Mapa_Java.html,05 · Buenas Prácticas y Control de Versiones,"5.2 · Patrones de diseño básicos (Singleton, Factory)",Bibliografía,libro,Patrones de Diseño OO,U. de Valladolid,"UVaDOC, pp. 1–28",,https://www.google.com/search?q=Patrones%20de%20Dise%C3%B1o%20OO%20U.%20de%20Valladolid,pendiente,,,,,,,
Mapa_Java.html:5.2:biblio:4,Mapa_Java.html,05 · Buenas Prácticas y Control de Versiones,"5.2 · Patrones de diseño básicos (Singleton, Factory)",Bibliografía,libro,Patrones de Creación en Lenguaje Java,U. de los Andes,"Séneca, pp. 1–24",,https://www.google.com/search?q=Patrones%20de%20Creaci%C3%B3n%20en%20Lenguaje%20Java%20U.%20de%20los%20Andes,pendiente,,,,,,,
Mapa_Java.html:5.2:practica:0,Mapa_Java.html,05 · Buenas Prácticas y Control de Versiones,"5.2 · Patrones de diseño básicos (Singleton, Factory)",Práctica,practica,Implementación de Singleton y Factory,Programación Ats · YouTube,,,https://www.google.com/search?q=Implementaci%C3%B3n%20de%20Singleton%20y%20Factory%20Programaci%C3%B3n%20Ats%20%C2%B7%20YouTube,pendiente,,,,,,,
Mapa_Java.html:5.2:practica:1,Mapa_Java.html,05 · Buenas Prácticas y Control de Versiones,"5.2 · Patrones de diseño básicos (Singleton, Factory)",Práctica,practica,20_design_patterns,mouredev/hello-java · GitHub,,https://github.com/mouredev/hello-java,https://www.google.com/search?q=20_design_patterns%20mouredev%2Fhello-java%20%C2%B7%20GitHub,existente,,,,,,,
Mapa_Java.html:5.2:practica:2,Mapa_Java.html,05 · Buenas Prácticas y Control de Versiones,"5.2 · Patrones de diseño básicos (Singleton, Factory)",Práctica,practica,Java Code Examples: Singleton & Factory,Refactoring.Guru,,https://refactoring.guru/,https://www.google.com/search?q=Java%20Code%20Examples%3A%20Singleton%20%26%20Factory%20Refactoring.Guru,existente,,,,,,,
Mapa_Java.html:5.2:practica:3,Mapa_Java.html,05 · Buenas Prácticas y Control de Versiones,"5.2 · Patrones de diseño básicos (Singleton, Factory)",Práctica,practica,iluwatar/java-design-patterns,GitHub,,,https://www.google.com/search?q=iluwatar%2Fjava-design-patterns%20GitHub,pendiente,,,,,,,
Mapa_Java.html:5.2:practica:4,Mapa_Java.html,05 · Buenas Prácticas y Control de Versiones,"5.2 · Patrones de diseño básicos (Singleton, Factory)",Práctica,practica,UPM · Ejercicios de Patrones Creacionales,Manual docente · pp. 33–36,,,https://www.google.com/search?q=UPM%20%C2%B7%20Ejercicios%20de%20Patrones%20Creacionales%20Manual%20docente%20%C2%B7%20pp.%2033%E2%80%9336,pendiente,,,,,,,
Mapa_Java.html:5.3:videos:0,Mapa_Java.html,05 · Buenas Prácticas y Control de Versiones,5.3 · Testing unitario con JUnit,Videos,video,Curso de Java desde cero: Pruebas Unitarias con JUnit 5,MoureDev,,,https://www.youtube.com/results?search_query=Curso%20de%20Java%20desde%20cero%3A%20Pruebas%20Unitarias%20con%20JUnit%205%20MoureDev,pendiente,,,,,,,
Mapa_Java.html:5.3:videos:1,Mapa_Java.html,05 · Buenas Prácticas y Control de Versiones,5.3 · Testing unitario con JUnit,Videos,video,Testing Unitario y JUnit 5 desde Cero,pildorasinformaticas,,,https://www.youtube.com/results?search_query=Testing%20Unitario%20y%20JUnit%205%20desde%20Cero%20pildorasinformaticas,pendiente,,,,,,,
Mapa_Java.html:5.3:videos:2,Mapa_Java.html,05 · Buenas Prácticas y Control de Versiones,5.3 · Testing unitario con JUnit,Videos,video,Testing en Java: Introducción a JUnit 5 y Assertions,Makigas,,,https://www.youtube.com/results?search_query=Testing%20en%20Java%3A%20Introducci%C3%B3n%20a%20JUnit%205%20y%20Assertions%20Makigas,pendiente,,,,,,,
Mapa_Java.html:5.3:videos:3,Mapa_Java.html,05 · Buenas Prácticas y Control de Versiones,5.3 · Testing unitario con JUnit,Videos,video,Aprende Pruebas Unitarias en Java con JUnit 5,TodoCode,,,https://www.youtube.com/results?search_query=Aprende%20Pruebas%20Unitarias%20en%20Java%20con%20JUnit%205%20TodoCode,pendiente,,,,,,,
Mapa_Java.html:5.3:videos:4,Mapa_Java.html,05 · Buenas Prácticas y Control de Versiones,5.3 · Testing unitario con JUnit,Videos,video,Java Testing: Cobertura de Código y TDD Básico,Programación Ats,,,https://www.youtube.com/results?search_query=Java%20Testing%3A%20Cobertura%20de%20C%C3%B3digo%20y%20TDD%20B%C3%A1sico%20Programaci%C3%B3n%20Ats,pendiente,,,,,,,
Mapa_Java.html:5.3:biblio:0,Mapa_Java.html,05 · Buenas Prácticas y Control de Versiones,5.3 · Testing unitario con JUnit,Bibliografía,libro,JUnit 5 User Guide,JUnit 5 Team,"junit.org, pp. 1–60",,https://www.google.com/search?q=JUnit%205%20User%20Guide%20JUnit%205%20Team,pendiente,,,,,,,
Mapa_Java.html:5.3:biblio:1,Mapa_Java.html,05 · Buenas Prácticas y Control de Versiones,5.3 · Testing unitario con JUnit,Bibliografía,libro,"Introduction to Programming Using Java, 9th Ed.",David J. Eck,"Cap. 8.5: Unit Testing, pp. 415–425",https://math.hws.edu/javanotes/,https://www.google.com/search?q=Introduction%20to%20Programming%20Using%20Java%2C%209th%20Ed.%20David%20J.%20Eck,existente,,,,,,,
Mapa_Java.html:5.3:biblio:2,Mapa_Java.html,05 · Buenas Prácticas y Control de Versiones,5.3 · Testing unitario con JUnit,Bibliografía,libro,Pruebas Unitarias y Calidad del Software en Java,UNED,"e-Spacio, pp. 1–25",,https://www.google.com/search?q=Pruebas%20Unitarias%20y%20Calidad%20del%20Software%20en%20Java%20UNED,pendiente,,,,,,,
Mapa_Java.html:5.3:biblio:3,Mapa_Java.html,05 · Buenas Prácticas y Control de Versiones,5.3 · Testing unitario con JUnit,Bibliografía,libro,Guía de Testing Automatizado con JUnit,U. de Zaragoza,"ZORA, pp. 1–30",,https://www.google.com/search?q=Gu%C3%ADa%20de%20Testing%20Automatizado%20con%20JUnit%20U.%20de%20Zaragoza,pendiente,,,,,,,
Mapa_Java.html:5.3:biblio:4,Mapa_Java.html,05 · Buenas Prácticas y Control de Versiones,5.3 · Testing unitario con JUnit,Bibliografía,libro,TDD Practices in Java Open Source,OpenJDK,pp. 1–18,,https://www.google.com/search?q=TDD%20Practices%20in%20Java%20Open%20Source%20OpenJDK,pendiente,,,,,,,
Mapa_Java.html:5.3:practica:0,Mapa_Java.html,05 · Buenas Prácticas y Control de Versiones,5.3 · Testing unitario con JUnit,Práctica,practica,Ejercicios Resueltos de Pruebas Unitarias con JUnit 5,Programación Ats · YouTube,,,https://www.google.com/search?q=Ejercicios%20Resueltos%20de%20Pruebas%20Unitarias%20con%20JUnit%205%20Programaci%C3%B3n%20Ats%20%C2%B7%20YouTube,pendiente,,,,,,,
Mapa_Java.html:5.3:practica:1,Mapa_Java.html,05 · Buenas Prácticas y Control de Versiones,5.3 · Testing unitario con JUnit,Práctica,practica,Todos los ejercicios con suites JUnit 5,Exercism Java Track,,https://exercism.org/tracks/java,https://www.google.com/search?q=Todos%20los%20ejercicios%20con%20suites%20JUnit%205%20Exercism%20Java%20Track,existente,,,,,,,
Mapa_Java.html:5.3:practica:2,Mapa_Java.html,05 · Buenas Prácticas y Control de Versiones,5.3 · Testing unitario con JUnit,Práctica,practica,21_unit_testing,mouredev/hello-java · GitHub,,https://github.com/mouredev/hello-java,https://www.google.com/search?q=21_unit_testing%20mouredev%2Fhello-java%20%C2%B7%20GitHub,existente,,,,,,,
Mapa_Java.html:5.3:practica:3,Mapa_Java.html,05 · Buenas Prácticas y Control de Versiones,5.3 · Testing unitario con JUnit,Práctica,practica,Pruebas de Métodos con Casos de Borde,HackerRank,,,https://www.google.com/search?q=Pruebas%20de%20M%C3%A9todos%20con%20Casos%20de%20Borde%20HackerRank,pendiente,,,,,,,
Mapa_Java.html:5.3:practica:4,Mapa_Java.html,05 · Buenas Prácticas y Control de Versiones,5.3 · Testing unitario con JUnit,Práctica,practica,JUnit 5 User Guide · Sección 2.22: Code Samples,Documentación · pp. 55–60,,,https://www.google.com/search?q=JUnit%205%20User%20Guide%20%C2%B7%20Secci%C3%B3n%202.22%3A%20Code%20Samples%20Documentaci%C3%B3n%20%C2%B7%20pp.%2055%E2%80%9360,pendiente,,,,,,,
Mapa_Java.html:5.4:videos:0,Mapa_Java.html,05 · Buenas Prácticas y Control de Versiones,5.4 · Uso de Git y control de versiones,Videos,video,Curso de Git y GitHub desde cero,MoureDev,,,https://www.youtube.com/results?search_query=Curso%20de%20Git%20y%20GitHub%20desde%20cero%20MoureDev,pendiente,,,,,,,
Mapa_Java.html:5.4:videos:1,Mapa_Java.html,05 · Buenas Prácticas y Control de Versiones,5.4 · Uso de Git y control de versiones,Videos,video,Curso de Git y GitHub Completo desde Cero,pildorasinformaticas,,,https://www.youtube.com/results?search_query=Curso%20de%20Git%20y%20GitHub%20Completo%20desde%20Cero%20pildorasinformaticas,pendiente,,,,,,,
Mapa_Java.html:5.4:videos:2,Mapa_Java.html,05 · Buenas Prácticas y Control de Versiones,5.4 · Uso de Git y control de versiones,Videos,video,"Git: Ramas, Merges y Resolución de Conflictos",Makigas,,,https://www.youtube.com/results?search_query=Git%3A%20Ramas%2C%20Merges%20y%20Resoluci%C3%B3n%20de%20Conflictos%20Makigas,pendiente,,,,,,,
Mapa_Java.html:5.4:videos:3,Mapa_Java.html,05 · Buenas Prácticas y Control de Versiones,5.4 · Uso de Git y control de versiones,Videos,video,Git y GitHub para Programadores Java: Integración en IntelliJ,TodoCode,,,https://www.youtube.com/results?search_query=Git%20y%20GitHub%20para%20Programadores%20Java%3A%20Integraci%C3%B3n%20en%20IntelliJ%20TodoCode,pendiente,,,,,,,
Mapa_Java.html:5.4:videos:4,Mapa_Java.html,05 · Buenas Prácticas y Control de Versiones,5.4 · Uso de Git y control de versiones,Videos,video,Control de Versiones con Git y GitHub Paso a Paso,Programación Ats,,,https://www.youtube.com/results?search_query=Control%20de%20Versiones%20con%20Git%20y%20GitHub%20Paso%20a%20Paso%20Programaci%C3%B3n%20Ats,pendiente,,,,,,,
Mapa_Java.html:5.4:biblio:0,Mapa_Java.html,05 · Buenas Prácticas y Control de Versiones,5.4 · Uso de Git y control de versiones,Bibliografía,libro,"Pro Git, 2nd Edition",Scott Chacon & Ben Straub,"Cap. 1, 2 y 3, pp. 1–100 (git-scm.com/book)",https://git-scm.com/book/en/v2,https://www.google.com/search?q=Pro%20Git%2C%202nd%20Edition%20Scott%20Chacon%20%26%20Ben%20Straub,existente,,,,,,,
Mapa_Java.html:5.4:biblio:1,Mapa_Java.html,05 · Buenas Prácticas y Control de Versiones,5.4 · Uso de Git y control de versiones,Bibliografía,libro,hello-git: Material didáctico (45 clases),MoureDev,"GitHub, pp. 1–10",https://github.com/mouredev/hello-git,https://www.google.com/search?q=hello-git%3A%20Material%20did%C3%A1ctico%20(45%20clases)%20MoureDev,existente,,,,,,,
Mapa_Java.html:5.4:biblio:2,Mapa_Java.html,05 · Buenas Prácticas y Control de Versiones,5.4 · Uso de Git y control de versiones,Bibliografía,libro,Guía Teórico-Práctica de Control de Versiones con Git,U. de Alicante,"RUA, pp. 1–45",,https://www.google.com/search?q=Gu%C3%ADa%20Te%C3%B3rico-Pr%C3%A1ctica%20de%20Control%20de%20Versiones%20con%20Git%20U.%20de%20Alicante,pendiente,,,,,,,
Mapa_Java.html:5.4:biblio:3,Mapa_Java.html,05 · Buenas Prácticas y Control de Versiones,5.4 · Uso de Git y control de versiones,Bibliografía,libro,Version Control Systems in IntelliJ IDEA,JetBrains,"Docs, pp. 1–30",,https://www.google.com/search?q=Version%20Control%20Systems%20in%20IntelliJ%20IDEA%20JetBrains,pendiente,,,,,,,
Mapa_Java.html:5.4:biblio:4,Mapa_Java.html,05 · Buenas Prácticas y Control de Versiones,5.4 · Uso de Git y control de versiones,Bibliografía,libro,Manual de Git y GitHub para Proyectos de Software,UNAM,pp. 1–35,,https://www.google.com/search?q=Manual%20de%20Git%20y%20GitHub%20para%20Proyectos%20de%20Software%20UNAM,pendiente,,,,,,,
Mapa_Java.html:5.4:practica:0,Mapa_Java.html,05 · Buenas Prácticas y Control de Versiones,5.4 · Uso de Git y control de versiones,Práctica,practica,Taller Práctico Resuelto de Git y GitHub,MoureDev · YouTube,,,https://www.google.com/search?q=Taller%20Pr%C3%A1ctico%20Resuelto%20de%20Git%20y%20GitHub%20MoureDev%20%C2%B7%20YouTube,pendiente,,,,,,,
Mapa_Java.html:5.4:practica:1,Mapa_Java.html,05 · Buenas Prácticas y Control de Versiones,5.4 · Uso de Git y control de versiones,Práctica,practica,Niveles 1 al 34 de Gestión de Ramas y Commits,Learn Git Branching,,,https://www.google.com/search?q=Niveles%201%20al%2034%20de%20Gesti%C3%B3n%20de%20Ramas%20y%20Commits%20Learn%20Git%20Branching,pendiente,,,,,,,
Mapa_Java.html:5.4:practica:2,Mapa_Java.html,05 · Buenas Prácticas y Control de Versiones,5.4 · Uso de Git y control de versiones,Práctica,practica,hello-git: Flujo Pull Request,GitHub MoureDev,,https://github.com/mouredev/hello-git,https://www.google.com/search?q=hello-git%3A%20Flujo%20Pull%20Request%20GitHub%20MoureDev,existente,,,,,,,
Mapa_Java.html:5.4:practica:3,Mapa_Java.html,05 · Buenas Prácticas y Control de Versiones,5.4 · Uso de Git y control de versiones,Práctica,practica,Command Line Track: Katas de Git,Exercism,,https://exercism.org/tracks/java,https://www.google.com/search?q=Command%20Line%20Track%3A%20Katas%20de%20Git%20Exercism,existente,,,,,,,
Mapa_Java.html:5.4:practica:4,Mapa_Java.html,05 · Buenas Prácticas y Control de Versiones,5.4 · Uso de Git y control de versiones,Práctica,practica,Pro Git · Ejercicios Cap. 3 (Git Branching),Libro · pp. 95–100,,https://git-scm.com/book/en/v2,https://www.google.com/search?q=Pro%20Git%20%C2%B7%20Ejercicios%20Cap.%203%20(Git%20Branching)%20Libro%20%C2%B7%20pp.%2095%E2%80%93100,existente,,,,,,,
Mapa_Javascript.html:u1s1:videos:0,Mapa_Javascript.html,UNIDAD·01 · Fundamentos,"u1s1 · Sintaxis, tipos de datos y variables (var/let/const)",Videos,video,Curso de JavaScript desde cero,MoureDev por Brais Moure,,,https://www.youtube.com/results?search_query=Curso%20de%20JavaScript%20desde%20cero%20MoureDev%20por%20Brais%20Moure,pendiente,,,,,,,
Mapa_Javascript.html:u1s1:videos:1,Mapa_Javascript.html,UNIDAD·01 · Fundamentos,"u1s1 · Sintaxis, tipos de datos y variables (var/let/const)",Videos,video,Curso JavaScript: 1. Introducción,Jon Mircha,,,https://www.youtube.com/results?search_query=Curso%20JavaScript%3A%201.%20Introducci%C3%B3n%20Jon%20Mircha,pendiente,,,,,,,
Mapa_Javascript.html:u1s1:videos:2,Mapa_Javascript.html,UNIDAD·01 · Fundamentos,"u1s1 · Sintaxis, tipos de datos y variables (var/let/const)",Videos,video,CURSO DE JAVASCRIPT COMPLETO DESDE CERO en español (2025),Carlos Azaustre - AprendiendoDEV,,,https://www.youtube.com/results?search_query=CURSO%20DE%20JAVASCRIPT%20COMPLETO%20DESDE%20CERO%20en%20espa%C3%B1ol%20(2025)%20Carlos%20Azaustre%20-%20AprendiendoDEV,pendiente,,,,,,,
Mapa_Javascript.html:u1s1:videos:3,Mapa_Javascript.html,UNIDAD·01 · Fundamentos,"u1s1 · Sintaxis, tipos de datos y variables (var/let/const)",Videos,video,Curso de JavaScript desde Cero para Principiantes,TodoCode,,,https://www.youtube.com/results?search_query=Curso%20de%20JavaScript%20desde%20Cero%20para%20Principiantes%20TodoCode,pendiente,,,,,,,
Mapa_Javascript.html:u1s1:videos:4,Mapa_Javascript.html,UNIDAD·01 · Fundamentos,"u1s1 · Sintaxis, tipos de datos y variables (var/let/const)",Videos,video,JavaScript para Principiantes - Curso Completo desde Cero,Fazt,,,https://www.youtube.com/results?search_query=JavaScript%20para%20Principiantes%20-%20Curso%20Completo%20desde%20Cero%20Fazt,pendiente,,,,,,,
Mapa_Javascript.html:u1s1:biblio:0,Mapa_Javascript.html,UNIDAD·01 · Fundamentos,"u1s1 · Sintaxis, tipos de datos y variables (var/let/const)",Bibliografía,libro,Marijn Haverbeke,JavaScript Elocuente (4.ª ed.),"Cap. 1: Valores, Tipos y Operadores",,https://www.google.com/search?q=Marijn%20Haverbeke,pendiente,,,,,,,
Mapa_Javascript.html:u1s1:biblio:1,Mapa_Javascript.html,UNIDAD·01 · Fundamentos,"u1s1 · Sintaxis, tipos de datos y variables (var/let/const)",Bibliografía,libro,Kyle Simpson,You Don't Know JS: Primeros Pasos,Cap. 1: En la programación,,https://www.google.com/search?q=Kyle%20Simpson,pendiente,,,,,,,
Mapa_Javascript.html:u1s1:biblio:2,Mapa_Javascript.html,UNIDAD·01 · Fundamentos,"u1s1 · Sintaxis, tipos de datos y variables (var/let/const)",Bibliografía,libro,Ilya Kantor,El Tutorial de JavaScript Moderno,"Parte 1, Cap. 2 (Sec. 2.1-2.8)",,https://www.google.com/search?q=Ilya%20Kantor,pendiente,,,,,,,
Mapa_Javascript.html:u1s1:biblio:3,Mapa_Javascript.html,UNIDAD·01 · Fundamentos,"u1s1 · Sintaxis, tipos de datos y variables (var/let/const)",Bibliografía,libro,Mozilla Developer Network,Guía de JavaScript,Gramática y tipos,,https://www.google.com/search?q=Mozilla%20Developer%20Network,pendiente,,,,,,,
Mapa_Javascript.html:u1s1:biblio:4,Mapa_Javascript.html,UNIDAD·01 · Fundamentos,"u1s1 · Sintaxis, tipos de datos y variables (var/let/const)",Bibliografía,libro,ManzDev,LenguajeJS: Guía de JavaScript,Sección 1: Primeros Pasos,,https://www.google.com/search?q=ManzDev,pendiente,,,,,,,
Mapa_Javascript.html:u1s1:practica:0,Mapa_Javascript.html,UNIDAD·01 · Fundamentos,"u1s1 · Sintaxis, tipos de datos y variables (var/let/const)",Práctica,practica,Curso de JavaScript desde cero · Lección 18 - Ejercicios primeros pasos,MoureDev por Brais Moure,BÁSICO,,https://www.google.com/search?q=Curso%20de%20JavaScript%20desde%20cero%20%C2%B7%20Lecci%C3%B3n%2018%20-%20Ejercicios%20primeros%20pasos%20MoureDev%20por%20Brais%20Moure,pendiente,,,,,,,
Mapa_Javascript.html:u1s1:practica:1,Mapa_Javascript.html,UNIDAD·01 · Fundamentos,"u1s1 · Sintaxis, tipos de datos y variables (var/let/const)",Práctica,practica,freeCodeCamp · JavaScript Algorithms and Data Structures → Basic JavaScript,freeCodeCamp.org,BÁSICO,,https://www.google.com/search?q=freeCodeCamp%20%C2%B7%20JavaScript%20Algorithms%20and%20Data%20Structures%20%E2%86%92%20Basic%20JavaScript%20freeCodeCamp.org,pendiente,,,,,,,
Mapa_Javascript.html:u1s1:practica:2,Mapa_Javascript.html,UNIDAD·01 · Fundamentos,"u1s1 · Sintaxis, tipos de datos y variables (var/let/const)",Práctica,practica,aprendejavascript.dev · Sección 01: Tipos de datos y Variables,aprendejavascript.dev,BÁSICO,,https://www.google.com/search?q=aprendejavascript.dev%20%C2%B7%20Secci%C3%B3n%2001%3A%20Tipos%20de%20datos%20y%20Variables%20aprendejavascript.dev,pendiente,,,,,,,
Mapa_Javascript.html:u1s1:practica:3,Mapa_Javascript.html,UNIDAD·01 · Fundamentos,"u1s1 · Sintaxis, tipos de datos y variables (var/let/const)",Práctica,practica,Exercism · JavaScript Track → Lucian's Luscious Lasagna,exercism.org,BÁSICO,,https://www.google.com/search?q=Exercism%20%C2%B7%20JavaScript%20Track%20%E2%86%92%20Lucian's%20Luscious%20Lasagna%20exercism.org,pendiente,,,,,,,
Mapa_Javascript.html:u1s1:practica:4,Mapa_Javascript.html,UNIDAD·01 · Fundamentos,"u1s1 · Sintaxis, tipos de datos y variables (var/let/const)",Práctica,practica,Marijn Haverbeke · JavaScript Elocuente (4.ª ed.) · Ejercicios Cap. 2,Estructura del Programa,BÁSICO · pp. 44-45,,https://www.google.com/search?q=Marijn%20Haverbeke%20%C2%B7%20JavaScript%20Elocuente%20(4.%C2%AA%20ed.)%20%C2%B7%20Ejercicios%20Cap.%202%20Estructura%20del%20Programa,pendiente,,,,,,,
Mapa_Javascript.html:u1s2:videos:0,Mapa_Javascript.html,UNIDAD·01 · Fundamentos,u1s2 · Funciones y ámbito (scope),Videos,video,Curso COMPLETO de JavaScript INTERMEDIO · Funciones y Ámbito,MoureDev por Brais Moure,,,https://www.youtube.com/results?search_query=Curso%20COMPLETO%20de%20JavaScript%20INTERMEDIO%20%C2%B7%20Funciones%20y%20%C3%81mbito%20MoureDev%20por%20Brais%20Moure,pendiente,,,,,,,
Mapa_Javascript.html:u1s2:videos:1,Mapa_Javascript.html,UNIDAD·01 · Fundamentos,u1s2 · Funciones y ámbito (scope),Videos,video,Curso de lógica para aprender cualquier lenguaje · Lección 2: Funciones y alcance,MoureDev por Brais Moure,,,https://www.youtube.com/results?search_query=Curso%20de%20l%C3%B3gica%20para%20aprender%20cualquier%20lenguaje%20%C2%B7%20Lecci%C3%B3n%202%3A%20Funciones%20y%20alcance%20MoureDev%20por%20Brais%20Moure,pendiente,,,,,,,
Mapa_Javascript.html:u1s2:videos:2,Mapa_Javascript.html,UNIDAD·01 · Fundamentos,u1s2 · Funciones y ámbito (scope),Videos,video,Curso JavaScript: 11. Funciones,Jon Mircha,,,https://www.youtube.com/results?search_query=Curso%20JavaScript%3A%2011.%20Funciones%20Jon%20Mircha,pendiente,,,,,,,
Mapa_Javascript.html:u1s2:videos:3,Mapa_Javascript.html,UNIDAD·01 · Fundamentos,u1s2 · Funciones y ámbito (scope),Videos,video,Funciones en Javascript · Parámetros y Return [Con Ejemplos],Code Hive,,,https://www.youtube.com/results?search_query=Funciones%20en%20Javascript%20%C2%B7%20Par%C3%A1metros%20y%20Return%20%5BCon%20Ejemplos%5D%20Code%20Hive,pendiente,,,,,,,
Mapa_Javascript.html:u1s2:videos:4,Mapa_Javascript.html,UNIDAD·01 · Fundamentos,u1s2 · Funciones y ámbito (scope),Videos,video,Curso de JavaScript desde cero: Funciones y Scope,TodoCode,,,https://www.youtube.com/results?search_query=Curso%20de%20JavaScript%20desde%20cero%3A%20Funciones%20y%20Scope%20TodoCode,pendiente,,,,,,,
Mapa_Javascript.html:u1s2:biblio:0,Mapa_Javascript.html,UNIDAD·01 · Fundamentos,u1s2 · Funciones y ámbito (scope),Bibliografía,libro,Marijn Haverbeke,JavaScript Elocuente (4.ª ed.),Cap. 3: Funciones,,https://www.google.com/search?q=Marijn%20Haverbeke,pendiente,,,,,,,
Mapa_Javascript.html:u1s2:biblio:1,Mapa_Javascript.html,UNIDAD·01 · Fundamentos,u1s2 · Funciones y ámbito (scope),Bibliografía,libro,Kyle Simpson,You Don't Know JS: Scope & Closures,Cap. 1 y Cap. 3,,https://www.google.com/search?q=Kyle%20Simpson,pendiente,,,,,,,
Mapa_Javascript.html:u1s2:biblio:2,Mapa_Javascript.html,UNIDAD·01 · Fundamentos,u1s2 · Funciones y ámbito (scope),Bibliografía,libro,Ilya Kantor,El Tutorial de JavaScript Moderno,"Parte 1, Cap. 2 (Sec. 2.14-2.15)",,https://www.google.com/search?q=Ilya%20Kantor,pendiente,,,,,,,
Mapa_Javascript.html:u1s2:biblio:3,Mapa_Javascript.html,UNIDAD·01 · Fundamentos,u1s2 · Funciones y ámbito (scope),Bibliografía,libro,ManzDev,LenguajeJS,"Sección 1: Funciones, Callbacks y Arrow Functions",,https://www.google.com/search?q=ManzDev,pendiente,,,,,,,
Mapa_Javascript.html:u1s2:biblio:4,Mapa_Javascript.html,UNIDAD·01 · Fundamentos,u1s2 · Funciones y ámbito (scope),Bibliografía,libro,Alfredo Moreno y Mario Rubio,Aprende JavaScript en un fin de semana,"Fase 1, Objetivo 8",,https://www.google.com/search?q=Alfredo%20Moreno%20y%20Mario%20Rubio,pendiente,,,,,,,
Mapa_Javascript.html:u1s2:practica:0,Mapa_Javascript.html,UNIDAD·01 · Fundamentos,u1s2 · Funciones y ámbito (scope),Práctica,practica,Curso COMPLETO de JavaScript INTERMEDIO · Lección 12 - Funciones avanzadas,MoureDev por Brais Moure,INTERMEDIO,,https://www.google.com/search?q=Curso%20COMPLETO%20de%20JavaScript%20INTERMEDIO%20%C2%B7%20Lecci%C3%B3n%2012%20-%20Funciones%20avanzadas%20MoureDev%20por%20Brais%20Moure,pendiente,,,,,,,
Mapa_Javascript.html:u1s2:practica:1,Mapa_Javascript.html,UNIDAD·01 · Fundamentos,u1s2 · Funciones y ámbito (scope),Práctica,practica,HackerRank · 10 Days of JavaScript → Day 2: Functions / Let and Const,hackerrank.com,BÁSICO,,https://www.google.com/search?q=HackerRank%20%C2%B7%2010%20Days%20of%20JavaScript%20%E2%86%92%20Day%202%3A%20Functions%20%2F%20Let%20and%20Const%20hackerrank.com,pendiente,,,,,,,
Mapa_Javascript.html:u1s2:practica:2,Mapa_Javascript.html,UNIDAD·01 · Fundamentos,u1s2 · Funciones y ámbito (scope),Práctica,practica,Retos de Programación · Ejercicios de Lógica con Funciones,retosdeprogramacion.com,BÁSICO,,https://www.google.com/search?q=Retos%20de%20Programaci%C3%B3n%20%C2%B7%20Ejercicios%20de%20L%C3%B3gica%20con%20Funciones%20retosdeprogramacion.com,pendiente,,,,,,,
Mapa_Javascript.html:u1s2:practica:3,Mapa_Javascript.html,UNIDAD·01 · Fundamentos,u1s2 · Funciones y ámbito (scope),Práctica,practica,aprendejavascript.dev · Sección: Funciones y Ámbito en JS,aprendejavascript.dev,BÁSICO,,https://www.google.com/search?q=aprendejavascript.dev%20%C2%B7%20Secci%C3%B3n%3A%20Funciones%20y%20%C3%81mbito%20en%20JS%20aprendejavascript.dev,pendiente,,,,,,,
Mapa_Javascript.html:u1s2:practica:4,Mapa_Javascript.html,UNIDAD·01 · Fundamentos,u1s2 · Funciones y ámbito (scope),Práctica,practica,"Marijn Haverbeke · JavaScript Elocuente · Mínimo y Recursión, Cap. 3",pp. 63-64,INTERMEDIO,,https://www.google.com/search?q=Marijn%20Haverbeke%20%C2%B7%20JavaScript%20Elocuente%20%C2%B7%20M%C3%ADnimo%20y%20Recursi%C3%B3n%2C%20Cap.%203%20pp.%2063-64,pendiente,,,,,,,
Mapa_Javascript.html:u1s3:videos:0,Mapa_Javascript.html,UNIDAD·01 · Fundamentos,u1s3 · Estructuras de control y arrays,Videos,video,Curso de JavaScript desde cero · Lección 23: Condicionales / 25: Arrays / 29: Bucles,MoureDev por Brais Moure,,,https://www.youtube.com/results?search_query=Curso%20de%20JavaScript%20desde%20cero%20%C2%B7%20Lecci%C3%B3n%2023%3A%20Condicionales%20%2F%2025%3A%20Arrays%20%2F%2029%3A%20Bucles%20MoureDev%20por%20Brais%20Moure,pendiente,,,,,,,
Mapa_Javascript.html:u1s3:videos:1,Mapa_Javascript.html,UNIDAD·01 · Fundamentos,u1s3 · Estructuras de control y arrays,Videos,video,Curso de lógica para aprender cualquier lenguaje · Lección 1 y 3,MoureDev por Brais Moure,,,https://www.youtube.com/results?search_query=Curso%20de%20l%C3%B3gica%20para%20aprender%20cualquier%20lenguaje%20%C2%B7%20Lecci%C3%B3n%201%20y%203%20MoureDev%20por%20Brais%20Moure,pendiente,,,,,,,
Mapa_Javascript.html:u1s3:videos:2,Mapa_Javascript.html,UNIDAD·01 · Fundamentos,u1s3 · Estructuras de control y arrays,Videos,video,Curso JavaScript: 13. Condicionales y 17. Bucles,Jon Mircha,,,https://www.youtube.com/results?search_query=Curso%20JavaScript%3A%2013.%20Condicionales%20y%2017.%20Bucles%20Jon%20Mircha,pendiente,,,,,,,
Mapa_Javascript.html:u1s3:videos:3,Mapa_Javascript.html,UNIDAD·01 · Fundamentos,u1s3 · Estructuras de control y arrays,Videos,video,Aprende Arrays y sus Métodos en JavaScript,Carlos Azaustre - AprendiendoDEV,,,https://www.youtube.com/results?search_query=Aprende%20Arrays%20y%20sus%20M%C3%A9todos%20en%20JavaScript%20Carlos%20Azaustre%20-%20AprendiendoDEV,pendiente,,,,,,,
Mapa_Javascript.html:u1s3:videos:4,Mapa_Javascript.html,UNIDAD·01 · Fundamentos,u1s3 · Estructuras de control y arrays,Videos,video,Curso de JavaScript desde cero: Estructuras Repetitivas y Arrays,TodoCode,,,https://www.youtube.com/results?search_query=Curso%20de%20JavaScript%20desde%20cero%3A%20Estructuras%20Repetitivas%20y%20Arrays%20TodoCode,pendiente,,,,,,,
Mapa_Javascript.html:u1s3:biblio:0,Mapa_Javascript.html,UNIDAD·01 · Fundamentos,u1s3 · Estructuras de control y arrays,Bibliografía,libro,Marijn Haverbeke,JavaScript Elocuente (4.ª ed.),Cap. 4: Estructuras de Datos,,https://www.google.com/search?q=Marijn%20Haverbeke,pendiente,,,,,,,
Mapa_Javascript.html:u1s3:biblio:1,Mapa_Javascript.html,UNIDAD·01 · Fundamentos,u1s3 · Estructuras de control y arrays,Bibliografía,libro,Ilya Kantor,El Tutorial de JavaScript Moderno,"Parte 1, Cap. 5 (Sec. 5.4 y 5.5)",,https://www.google.com/search?q=Ilya%20Kantor,pendiente,,,,,,,
Mapa_Javascript.html:u1s3:biblio:2,Mapa_Javascript.html,UNIDAD·01 · Fundamentos,u1s3 · Estructuras de control y arrays,Bibliografía,libro,ManzDev,LenguajeJS,Sección 3: Arrays y Métodos de Iteración,,https://www.google.com/search?q=ManzDev,pendiente,,,,,,,
Mapa_Javascript.html:u1s3:biblio:3,Mapa_Javascript.html,UNIDAD·01 · Fundamentos,u1s3 · Estructuras de control y arrays,Bibliografía,libro,Mozilla Developer Network,Guía de JavaScript,"Control de flujo, bucles e iteradores",,https://www.google.com/search?q=Mozilla%20Developer%20Network,pendiente,,,,,,,
Mapa_Javascript.html:u1s3:biblio:4,Mapa_Javascript.html,UNIDAD·01 · Fundamentos,u1s3 · Estructuras de control y arrays,Bibliografía,libro,Kyle Simpson,You Don't Know JS: Primeros Pasos,Cap. 2: Bucles y Colecciones,,https://www.google.com/search?q=Kyle%20Simpson,pendiente,,,,,,,
Mapa_Javascript.html:u1s3:practica:0,Mapa_Javascript.html,UNIDAD·01 · Fundamentos,u1s3 · Estructuras de control y arrays,Práctica,practica,"Curso de JavaScript desde cero · Lecciones 24, 28 y 30 - Ejercicios",MoureDev por Brais Moure,BÁSICO,,https://www.google.com/search?q=Curso%20de%20JavaScript%20desde%20cero%20%C2%B7%20Lecciones%2024%2C%2028%20y%2030%20-%20Ejercicios%20MoureDev%20por%20Brais%20Moure,pendiente,,,,,,,
Mapa_Javascript.html:u1s3:practica:1,Mapa_Javascript.html,UNIDAD·01 · Fundamentos,u1s3 · Estructuras de control y arrays,Práctica,practica,HackerRank · Data Structures → Arrays - DS / 2D Array - DS,hackerrank.com,BÁSICO,,https://www.google.com/search?q=HackerRank%20%C2%B7%20Data%20Structures%20%E2%86%92%20Arrays%20-%20DS%20%2F%202D%20Array%20-%20DS%20hackerrank.com,pendiente,,,,,,,
Mapa_Javascript.html:u1s3:practica:2,Mapa_Javascript.html,UNIDAD·01 · Fundamentos,u1s3 · Estructuras de control y arrays,Práctica,practica,Exercism · JavaScript Track → Bird Watcher y Elyses Analytic Enchantments,exercism.org,BÁSICO,,https://www.google.com/search?q=Exercism%20%C2%B7%20JavaScript%20Track%20%E2%86%92%20Bird%20Watcher%20y%20Elyses%20Analytic%20Enchantments%20exercism.org,pendiente,,,,,,,
Mapa_Javascript.html:u1s3:practica:3,Mapa_Javascript.html,UNIDAD·01 · Fundamentos,u1s3 · Estructuras de control y arrays,Práctica,practica,aprendejavascript.dev · Sección: Arrays y Métodos de Iteración,aprendejavascript.dev,BÁSICO,,https://www.google.com/search?q=aprendejavascript.dev%20%C2%B7%20Secci%C3%B3n%3A%20Arrays%20y%20M%C3%A9todos%20de%20Iteraci%C3%B3n%20aprendejavascript.dev,pendiente,,,,,,,
Mapa_Javascript.html:u1s3:practica:4,Mapa_Javascript.html,UNIDAD·01 · Fundamentos,u1s3 · Estructuras de control y arrays,Práctica,practica,"Marijn Haverbeke · La suma de un rango / Revirtiendo un arreglo, Cap. 4",pp. 86-87,BÁSICO,,https://www.google.com/search?q=Marijn%20Haverbeke%20%C2%B7%20La%20suma%20de%20un%20rango%20%2F%20Revirtiendo%20un%20arreglo%2C%20Cap.%204%20pp.%2086-87,pendiente,,,,,,,
Mapa_Javascript.html:u1s4:videos:0,Mapa_Javascript.html,UNIDAD·01 · Fundamentos,u1s4 · DOM básico y manipulación de elementos,Videos,video,Curso de JavaScript desde cero: Módulo DOM · Lecciones 63 a 68,MoureDev por Brais Moure,,,https://www.youtube.com/results?search_query=Curso%20de%20JavaScript%20desde%20cero%3A%20M%C3%B3dulo%20DOM%20%C2%B7%20Lecciones%2063%20a%2068%20MoureDev%20por%20Brais%20Moure,pendiente,,,,,,,
Mapa_Javascript.html:u1s4:videos:1,Mapa_Javascript.html,UNIDAD·01 · Fundamentos,u1s4 · DOM básico y manipulación de elementos,Videos,video,Curso JavaScript: 60. WEB APIs y 61. DOM: Introducción,Jon Mircha,,,https://www.youtube.com/results?search_query=Curso%20JavaScript%3A%2060.%20WEB%20APIs%20y%2061.%20DOM%3A%20Introducci%C3%B3n%20Jon%20Mircha,pendiente,,,,,,,
Mapa_Javascript.html:u1s4:videos:2,Mapa_Javascript.html,UNIDAD·01 · Fundamentos,u1s4 · DOM básico y manipulación de elementos,Videos,video,Aprende a Manipular el DOM en JavaScript desde cero,Carlos Azaustre - AprendiendoDEV,,,https://www.youtube.com/results?search_query=Aprende%20a%20Manipular%20el%20DOM%20en%20JavaScript%20desde%20cero%20Carlos%20Azaustre%20-%20AprendiendoDEV,pendiente,,,,,,,
Mapa_Javascript.html:u1s4:videos:3,Mapa_Javascript.html,UNIDAD·01 · Fundamentos,u1s4 · DOM básico y manipulación de elementos,Videos,video,"DOM en JavaScript: Seleccionar elementos, eventos y crear HTML",midudev,,,https://www.youtube.com/results?search_query=DOM%20en%20JavaScript%3A%20Seleccionar%20elementos%2C%20eventos%20y%20crear%20HTML%20midudev,pendiente,,,,,,,
Mapa_Javascript.html:u1s4:videos:4,Mapa_Javascript.html,UNIDAD·01 · Fundamentos,u1s4 · DOM básico y manipulación de elementos,Videos,video,Curso de JavaScript desde cero: ¿Qué es el DOM y Proyecto Integrador final,TodoCode,,,https://www.youtube.com/results?search_query=Curso%20de%20JavaScript%20desde%20cero%3A%20%C2%BFQu%C3%A9%20es%20el%20DOM%20y%20Proyecto%20Integrador%20final%20TodoCode,pendiente,,,,,,,
Mapa_Javascript.html:u1s4:biblio:0,Mapa_Javascript.html,UNIDAD·01 · Fundamentos,u1s4 · DOM básico y manipulación de elementos,Bibliografía,libro,Marijn Haverbeke,JavaScript Elocuente (4.ª ed.),Cap. 14: El Modelo de Objetos del Documento,,https://www.google.com/search?q=Marijn%20Haverbeke,pendiente,,,,,,,
Mapa_Javascript.html:u1s4:biblio:1,Mapa_Javascript.html,UNIDAD·01 · Fundamentos,u1s4 · DOM básico y manipulación de elementos,Bibliografía,libro,Ilya Kantor,El Tutorial de JavaScript Moderno,"Parte 2, Cap. 1: El Documento (Sec. 1.1-1.7)",,https://www.google.com/search?q=Ilya%20Kantor,pendiente,,,,,,,
Mapa_Javascript.html:u1s4:biblio:2,Mapa_Javascript.html,UNIDAD·01 · Fundamentos,u1s4 · DOM básico y manipulación de elementos,Bibliografía,libro,Jon Mircha,Notas sobre el DOM,Manipulación de HTML con JavaScript,,https://www.google.com/search?q=Jon%20Mircha,pendiente,,,,,,,
Mapa_Javascript.html:u1s4:biblio:3,Mapa_Javascript.html,UNIDAD·01 · Fundamentos,u1s4 · DOM básico y manipulación de elementos,Bibliografía,libro,Mozilla Developer Network,Introducción al DOM,Manipulación de elementos,,https://www.google.com/search?q=Mozilla%20Developer%20Network,pendiente,,,,,,,
Mapa_Javascript.html:u1s4:biblio:4,Mapa_Javascript.html,UNIDAD·01 · Fundamentos,u1s4 · DOM básico y manipulación de elementos,Bibliografía,libro,ManzDev,LenguajeJS,Sección 10: Web APIs: El DOM,,https://www.google.com/search?q=ManzDev,pendiente,,,,,,,
Mapa_Javascript.html:u1s4:practica:0,Mapa_Javascript.html,UNIDAD·01 · Fundamentos,u1s4 · DOM básico y manipulación de elementos,Práctica,practica,Proyecto Lista de Tareas con DOM y JavaScript puro (Ejemplo 70),MoureDev por Brais Moure,BÁSICO,,https://www.google.com/search?q=Proyecto%20Lista%20de%20Tareas%20con%20DOM%20y%20JavaScript%20puro%20(Ejemplo%2070)%20MoureDev%20por%20Brais%20Moure,pendiente,,,,,,,
Mapa_Javascript.html:u1s4:practica:1,Mapa_Javascript.html,UNIDAD·01 · Fundamentos,u1s4 · DOM básico y manipulación de elementos,Práctica,practica,freeCodeCamp · JavaScript Algorithms → Role Playing Game (DOM),freeCodeCamp.org,BÁSICO,,https://www.google.com/search?q=freeCodeCamp%20%C2%B7%20JavaScript%20Algorithms%20%E2%86%92%20Role%20Playing%20Game%20(DOM)%20freeCodeCamp.org,pendiente,,,,,,,
Mapa_Javascript.html:u1s4:practica:2,Mapa_Javascript.html,UNIDAD·01 · Fundamentos,u1s4 · DOM básico y manipulación de elementos,Práctica,practica,aprendejavascript.dev · Sección: DOM y Eventos: Selección y manipulación,aprendejavascript.dev,BÁSICO,,https://www.google.com/search?q=aprendejavascript.dev%20%C2%B7%20Secci%C3%B3n%3A%20DOM%20y%20Eventos%3A%20Selecci%C3%B3n%20y%20manipulaci%C3%B3n%20aprendejavascript.dev,pendiente,,,,,,,
Mapa_Javascript.html:u1s4:practica:3,Mapa_Javascript.html,UNIDAD·01 · Fundamentos,u1s4 · DOM básico y manipulación de elementos,Práctica,practica,GitHub (mouredev/hello-javascript) · Carpeta: Ejemplos DOM,github.com/mouredev,BÁSICO,,https://www.google.com/search?q=GitHub%20(mouredev%2Fhello-javascript)%20%C2%B7%20Carpeta%3A%20Ejemplos%20DOM%20github.com%2Fmouredev,pendiente,,,,,,,
Mapa_Javascript.html:u1s4:practica:4,Mapa_Javascript.html,UNIDAD·01 · Fundamentos,u1s4 · DOM básico y manipulación de elementos,Práctica,practica,"Marijn Haverbeke · Construyendo una tabla / Elementos por nombre, Cap. 14",pp. 264-265,INTERMEDIO,,https://www.google.com/search?q=Marijn%20Haverbeke%20%C2%B7%20Construyendo%20una%20tabla%20%2F%20Elementos%20por%20nombre%2C%20Cap.%2014%20pp.%20264-265,pendiente,,,,,,,
Mapa_Javascript.html:u2s1:videos:0,Mapa_Javascript.html,UNIDAD·02 · POO y Funciones Avanzadas,u2s1 · Clases ES6 y herencia,Videos,video,Curso de JavaScript desde cero · Lección 37: Clases / 38: Herencia,MoureDev por Brais Moure,,,https://www.youtube.com/results?search_query=Curso%20de%20JavaScript%20desde%20cero%20%C2%B7%20Lecci%C3%B3n%2037%3A%20Clases%20%2F%2038%3A%20Herencia%20MoureDev%20por%20Brais%20Moure,pendiente,,,,,,,
Mapa_Javascript.html:u2s1:videos:1,Mapa_Javascript.html,UNIDAD·02 · POO y Funciones Avanzadas,u2s1 · Clases ES6 y herencia,Videos,video,Curso JavaScript: 22. Clases y 23. Herencia en Clases,Jon Mircha,,,https://www.youtube.com/results?search_query=Curso%20JavaScript%3A%2022.%20Clases%20y%2023.%20Herencia%20en%20Clases%20Jon%20Mircha,pendiente,,,,,,,
Mapa_Javascript.html:u2s1:videos:2,Mapa_Javascript.html,UNIDAD·02 · POO y Funciones Avanzadas,u2s1 · Clases ES6 y herencia,Videos,video,Aprende Programación Orientada a Objetos en JavaScript (Clases ES6),Carlos Azaustre - AprendiendoDEV,,,https://www.youtube.com/results?search_query=Aprende%20Programaci%C3%B3n%20Orientada%20a%20Objetos%20en%20JavaScript%20(Clases%20ES6)%20Carlos%20Azaustre%20-%20AprendiendoDEV,pendiente,,,,,,,
Mapa_Javascript.html:u2s1:videos:3,Mapa_Javascript.html,UNIDAD·02 · POO y Funciones Avanzadas,u2s1 · Clases ES6 y herencia,Videos,video,Orientación a Objetos y Clases en JavaScript Moderno,Fazt,,,https://www.youtube.com/results?search_query=Orientaci%C3%B3n%20a%20Objetos%20y%20Clases%20en%20JavaScript%20Moderno%20Fazt,pendiente,,,,,,,
Mapa_Javascript.html:u2s1:videos:4,Mapa_Javascript.html,UNIDAD·02 · POO y Funciones Avanzadas,u2s1 · Clases ES6 y herencia,Videos,video,Curso de lógica de programación · Lección 8: Clases y 9: Herencia,MoureDev por Brais Moure,,,https://www.youtube.com/results?search_query=Curso%20de%20l%C3%B3gica%20de%20programaci%C3%B3n%20%C2%B7%20Lecci%C3%B3n%208%3A%20Clases%20y%209%3A%20Herencia%20MoureDev%20por%20Brais%20Moure,pendiente,,,,,,,
Mapa_Javascript.html:u2s1:biblio:0,Mapa_Javascript.html,UNIDAD·02 · POO y Funciones Avanzadas,u2s1 · Clases ES6 y herencia,Bibliografía,libro,Marijn Haverbeke,JavaScript Elocuente (4.ª ed.),Cap. 6: La Vida Secreta de los Objetos,,https://www.google.com/search?q=Marijn%20Haverbeke,pendiente,,,,,,,
Mapa_Javascript.html:u2s1:biblio:1,Mapa_Javascript.html,UNIDAD·02 · POO y Funciones Avanzadas,u2s1 · Clases ES6 y herencia,Bibliografía,libro,Ilya Kantor,El Tutorial de JavaScript Moderno,"Parte 1, Cap. 9: Clases (Sec. 9.1-9.3)",,https://www.google.com/search?q=Ilya%20Kantor,pendiente,,,,,,,
Mapa_Javascript.html:u2s1:biblio:2,Mapa_Javascript.html,UNIDAD·02 · POO y Funciones Avanzadas,u2s1 · Clases ES6 y herencia,Bibliografía,libro,ManzDev,LenguajeJS,Sección 4: OOP: Clases y Herencia,,https://www.google.com/search?q=ManzDev,pendiente,,,,,,,
Mapa_Javascript.html:u2s1:biblio:3,Mapa_Javascript.html,UNIDAD·02 · POO y Funciones Avanzadas,u2s1 · Clases ES6 y herencia,Bibliografía,libro,Kyle Simpson,You Don't Know JS: this & Object Prototypes,Cap. 4: Mixing 'Class' Objects,,https://www.google.com/search?q=Kyle%20Simpson,pendiente,,,,,,,
Mapa_Javascript.html:u2s1:biblio:4,Mapa_Javascript.html,UNIDAD·02 · POO y Funciones Avanzadas,u2s1 · Clases ES6 y herencia,Bibliografía,libro,Alfredo Moreno y Mario Rubio,Aprende JavaScript en un fin de semana,Objetivo 12: Clases y Herencia,,https://www.google.com/search?q=Alfredo%20Moreno%20y%20Mario%20Rubio,pendiente,,,,,,,
Mapa_Javascript.html:u2s1:practica:0,Mapa_Javascript.html,UNIDAD·02 · POO y Funciones Avanzadas,u2s1 · Clases ES6 y herencia,Práctica,practica,Curso de JavaScript desde cero · Lección 39 - Ejercicios: Clases y Herencia,MoureDev por Brais Moure,INTERMEDIO,,https://www.google.com/search?q=Curso%20de%20JavaScript%20desde%20cero%20%C2%B7%20Lecci%C3%B3n%2039%20-%20Ejercicios%3A%20Clases%20y%20Herencia%20MoureDev%20por%20Brais%20Moure,pendiente,,,,,,,
Mapa_Javascript.html:u2s1:practica:1,Mapa_Javascript.html,UNIDAD·02 · POO y Funciones Avanzadas,u2s1 · Clases ES6 y herencia,Práctica,practica,Exercism · JavaScript Track → Wizarding Classes y Bank Account,exercism.org,INTERMEDIO,,https://www.google.com/search?q=Exercism%20%C2%B7%20JavaScript%20Track%20%E2%86%92%20Wizarding%20Classes%20y%20Bank%20Account%20exercism.org,pendiente,,,,,,,
Mapa_Javascript.html:u2s1:practica:2,Mapa_Javascript.html,UNIDAD·02 · POO y Funciones Avanzadas,u2s1 · Clases ES6 y herencia,Práctica,practica,aprendejavascript.dev · Sección: Clases y Herencia,aprendejavascript.dev,INTERMEDIO,,https://www.google.com/search?q=aprendejavascript.dev%20%C2%B7%20Secci%C3%B3n%3A%20Clases%20y%20Herencia%20aprendejavascript.dev,pendiente,,,,,,,
Mapa_Javascript.html:u2s1:practica:3,Mapa_Javascript.html,UNIDAD·02 · POO y Funciones Avanzadas,u2s1 · Clases ES6 y herencia,Práctica,practica,HackerRank · 10 Days of JavaScript → Day 6: Classes / Inheritance,hackerrank.com,BÁSICO,,https://www.google.com/search?q=HackerRank%20%C2%B7%2010%20Days%20of%20JavaScript%20%E2%86%92%20Day%206%3A%20Classes%20%2F%20Inheritance%20hackerrank.com,pendiente,,,,,,,
Mapa_Javascript.html:u2s1:practica:4,Mapa_Javascript.html,UNIDAD·02 · POO y Funciones Avanzadas,u2s1 · Clases ES6 y herencia,Práctica,practica,"Marijn Haverbeke · Un tipo vector / Conjuntos, Cap. 6",pp. 123-124,INTERMEDIO,,https://www.google.com/search?q=Marijn%20Haverbeke%20%C2%B7%20Un%20tipo%20vector%20%2F%20Conjuntos%2C%20Cap.%206%20pp.%20123-124,pendiente,,,,,,,
Mapa_Javascript.html:u2s2:videos:0,Mapa_Javascript.html,UNIDAD·02 · POO y Funciones Avanzadas,u2s2 · Closures (Clausuras),Videos,video,Curso COMPLETO de JavaScript INTERMEDIO · Lección 7: Closures,MoureDev por Brais Moure,,,https://www.youtube.com/results?search_query=Curso%20COMPLETO%20de%20JavaScript%20INTERMEDIO%20%C2%B7%20Lecci%C3%B3n%207%3A%20Closures%20MoureDev%20por%20Brais%20Moure,pendiente,,,,,,,
Mapa_Javascript.html:u2s2:videos:1,Mapa_Javascript.html,UNIDAD·02 · POO y Funciones Avanzadas,u2s2 · Closures (Clausuras),Videos,video,Curso JavaScript: 43. Closures (Clausuras en JS),Jon Mircha,,,https://www.youtube.com/results?search_query=Curso%20JavaScript%3A%2043.%20Closures%20(Clausuras%20en%20JS)%20Jon%20Mircha,pendiente,,,,,,,
Mapa_Javascript.html:u2s2:videos:2,Mapa_Javascript.html,UNIDAD·02 · POO y Funciones Avanzadas,u2s2 · Closures (Clausuras),Videos,video,Entiende de una vez por todas los Closures en JavaScript,Carlos Azaustre - AprendiendoDEV,,,https://www.youtube.com/results?search_query=Entiende%20de%20una%20vez%20por%20todas%20los%20Closures%20en%20JavaScript%20Carlos%20Azaustre%20-%20AprendiendoDEV,pendiente,,,,,,,
Mapa_Javascript.html:u2s2:videos:3,Mapa_Javascript.html,UNIDAD·02 · POO y Funciones Avanzadas,u2s2 · Closures (Clausuras),Videos,video,JavaScript Closures: Explicación gráfica y práctica,midudev,,,https://www.youtube.com/results?search_query=JavaScript%20Closures%3A%20Explicaci%C3%B3n%20gr%C3%A1fica%20y%20pr%C3%A1ctica%20midudev,pendiente,,,,,,,
Mapa_Javascript.html:u2s2:videos:4,Mapa_Javascript.html,UNIDAD·02 · POO y Funciones Avanzadas,u2s2 · Closures (Clausuras),Videos,video,Qué son los Closures y para qué sirven en JavaScript,Fazt,,,https://www.youtube.com/results?search_query=Qu%C3%A9%20son%20los%20Closures%20y%20para%20qu%C3%A9%20sirven%20en%20JavaScript%20Fazt,pendiente,,,,,,,
Mapa_Javascript.html:u2s2:biblio:0,Mapa_Javascript.html,UNIDAD·02 · POO y Funciones Avanzadas,u2s2 · Closures (Clausuras),Bibliografía,libro,Kyle Simpson,You Don't Know JS: Scope & Closures,Cap. 5: Scope Closures,,https://www.google.com/search?q=Kyle%20Simpson,pendiente,,,,,,,
Mapa_Javascript.html:u2s2:biblio:1,Mapa_Javascript.html,UNIDAD·02 · POO y Funciones Avanzadas,u2s2 · Closures (Clausuras),Bibliografía,libro,Ilya Kantor,El Tutorial de JavaScript Moderno,"Parte 1, Cap. 6 (Sec. 6.3)",,https://www.google.com/search?q=Ilya%20Kantor,pendiente,,,,,,,
Mapa_Javascript.html:u2s2:biblio:2,Mapa_Javascript.html,UNIDAD·02 · POO y Funciones Avanzadas,u2s2 · Closures (Clausuras),Bibliografía,libro,Marijn Haverbeke,JavaScript Elocuente (4.ª ed.),Cap. 3: Funciones: Cierres,,https://www.google.com/search?q=Marijn%20Haverbeke,pendiente,,,,,,,
Mapa_Javascript.html:u2s2:biblio:3,Mapa_Javascript.html,UNIDAD·02 · POO y Funciones Avanzadas,u2s2 · Closures (Clausuras),Bibliografía,libro,ManzDev,LenguajeJS,Sección 1: Funciones anónimas y clausuras,,https://www.google.com/search?q=ManzDev,pendiente,,,,,,,
Mapa_Javascript.html:u2s2:biblio:4,Mapa_Javascript.html,UNIDAD·02 · POO y Funciones Avanzadas,u2s2 · Closures (Clausuras),Bibliografía,libro,Mozilla Developer Network,Guía avanzada de JavaScript,Closures,,https://www.google.com/search?q=Mozilla%20Developer%20Network,pendiente,,,,,,,
Mapa_Javascript.html:u2s2:practica:0,Mapa_Javascript.html,UNIDAD·02 · POO y Funciones Avanzadas,u2s2 · Closures (Clausuras),Práctica,practica,Curso COMPLETO de JavaScript INTERMEDIO · Lección 12 - Closures resueltos,MoureDev por Brais Moure,AVANZADO,,https://www.google.com/search?q=Curso%20COMPLETO%20de%20JavaScript%20INTERMEDIO%20%C2%B7%20Lecci%C3%B3n%2012%20-%20Closures%20resueltos%20MoureDev%20por%20Brais%20Moure,pendiente,,,,,,,
Mapa_Javascript.html:u2s2:practica:1,Mapa_Javascript.html,UNIDAD·02 · POO y Funciones Avanzadas,u2s2 · Closures (Clausuras),Práctica,practica,Exercism · JavaScript Track → PasS - Closures and Private State,exercism.org,INTERMEDIO,,https://www.google.com/search?q=Exercism%20%C2%B7%20JavaScript%20Track%20%E2%86%92%20PasS%20-%20Closures%20and%20Private%20State%20exercism.org,pendiente,,,,,,,
Mapa_Javascript.html:u2s2:practica:2,Mapa_Javascript.html,UNIDAD·02 · POO y Funciones Avanzadas,u2s2 · Closures (Clausuras),Práctica,practica,aprendejavascript.dev · Sección: Scope y Closures,aprendejavascript.dev,INTERMEDIO,,https://www.google.com/search?q=aprendejavascript.dev%20%C2%B7%20Secci%C3%B3n%3A%20Scope%20y%20Closures%20aprendejavascript.dev,pendiente,,,,,,,
Mapa_Javascript.html:u2s2:practica:3,Mapa_Javascript.html,UNIDAD·02 · POO y Funciones Avanzadas,u2s2 · Closures (Clausuras),Práctica,practica,GitHub (mouredev/hello-javascript) · Funciones avanzadas y retención de ámbito,github.com/mouredev,AVANZADO,,https://www.google.com/search?q=GitHub%20(mouredev%2Fhello-javascript)%20%C2%B7%20Funciones%20avanzadas%20y%20retenci%C3%B3n%20de%20%C3%A1mbito%20github.com%2Fmouredev,pendiente,,,,,,,
Mapa_Javascript.html:u2s2:practica:4,Mapa_Javascript.html,UNIDAD·02 · POO y Funciones Avanzadas,u2s2 · Closures (Clausuras),Práctica,practica,"Ilya Kantor · Suma con cierre / Filtrar a través de una función, Sec. 6.3",pp. 233-235,AVANZADO,,https://www.google.com/search?q=Ilya%20Kantor%20%C2%B7%20Suma%20con%20cierre%20%2F%20Filtrar%20a%20trav%C3%A9s%20de%20una%20funci%C3%B3n%2C%20Sec.%206.3%20pp.%20233-235,pendiente,,,,,,,
Mapa_Javascript.html:u2s3:videos:0,Mapa_Javascript.html,UNIDAD·02 · POO y Funciones Avanzadas,u2s3 · Prototypes y prototype chain,Videos,video,Curso COMPLETO de JavaScript INTERMEDIO · Objetos y clases avanzados: Prototipos,MoureDev por Brais Moure,,,https://www.youtube.com/results?search_query=Curso%20COMPLETO%20de%20JavaScript%20INTERMEDIO%20%C2%B7%20Objetos%20y%20clases%20avanzados%3A%20Prototipos%20MoureDev%20por%20Brais%20Moure,pendiente,,,,,,,
Mapa_Javascript.html:u2s3:videos:1,Mapa_Javascript.html,UNIDAD·02 · POO y Funciones Avanzadas,u2s3 · Prototypes y prototype chain,Videos,video,Curso JavaScript: 21. Prototipos y Herencia Prototípica,Jon Mircha,,,https://www.youtube.com/results?search_query=Curso%20JavaScript%3A%2021.%20Prototipos%20y%20Herencia%20Protot%C3%ADpica%20Jon%20Mircha,pendiente,,,,,,,
Mapa_Javascript.html:u2s3:videos:2,Mapa_Javascript.html,UNIDAD·02 · POO y Funciones Avanzadas,u2s3 · Prototypes y prototype chain,Videos,video,Prototipos en JavaScript explicados de forma sencilla,Carlos Azaustre - AprendiendoDEV,,,https://www.youtube.com/results?search_query=Prototipos%20en%20JavaScript%20explicados%20de%20forma%20sencilla%20Carlos%20Azaustre%20-%20AprendiendoDEV,pendiente,,,,,,,
Mapa_Javascript.html:u2s3:videos:3,Mapa_Javascript.html,UNIDAD·02 · POO y Funciones Avanzadas,u2s3 · Prototypes y prototype chain,Videos,video,Entendiendo Prototype y Prototype Chain en JavaScript,midudev,,,https://www.youtube.com/results?search_query=Entendiendo%20Prototype%20y%20Prototype%20Chain%20en%20JavaScript%20midudev,pendiente,,,,,,,
Mapa_Javascript.html:u2s3:videos:4,Mapa_Javascript.html,UNIDAD·02 · POO y Funciones Avanzadas,u2s3 · Prototypes y prototype chain,Videos,video,Prototipos y Objetos en JavaScript Avanzado,Fazt,,,https://www.youtube.com/results?search_query=Prototipos%20y%20Objetos%20en%20JavaScript%20Avanzado%20Fazt,pendiente,,,,,,,
Mapa_Javascript.html:u2s3:biblio:0,Mapa_Javascript.html,UNIDAD·02 · POO y Funciones Avanzadas,u2s3 · Prototypes y prototype chain,Bibliografía,libro,Kyle Simpson,You Don't Know JS: this & Object Prototypes,Cap. 5: Prototypes,,https://www.google.com/search?q=Kyle%20Simpson,pendiente,,,,,,,
Mapa_Javascript.html:u2s3:biblio:1,Mapa_Javascript.html,UNIDAD·02 · POO y Funciones Avanzadas,u2s3 · Prototypes y prototype chain,Bibliografía,libro,Ilya Kantor,El Tutorial de JavaScript Moderno,"Parte 1, Cap. 8 (Sec. 8.1-8.4)",,https://www.google.com/search?q=Ilya%20Kantor,pendiente,,,,,,,
Mapa_Javascript.html:u2s3:biblio:2,Mapa_Javascript.html,UNIDAD·02 · POO y Funciones Avanzadas,u2s3 · Prototypes y prototype chain,Bibliografía,libro,Marijn Haverbeke,JavaScript Elocuente (4.ª ed.),Cap. 6: Prototipos y Cadena,,https://www.google.com/search?q=Marijn%20Haverbeke,pendiente,,,,,,,
Mapa_Javascript.html:u2s3:biblio:3,Mapa_Javascript.html,UNIDAD·02 · POO y Funciones Avanzadas,u2s3 · Prototypes y prototype chain,Bibliografía,libro,ManzDev,LenguajeJS,Sección 1: Cadena de prototipos,,https://www.google.com/search?q=ManzDev,pendiente,,,,,,,
Mapa_Javascript.html:u2s3:biblio:4,Mapa_Javascript.html,UNIDAD·02 · POO y Funciones Avanzadas,u2s3 · Prototypes y prototype chain,Bibliografía,libro,Mozilla Developer Network,Guía de JavaScript,Modelo de objetos y prototipos,,https://www.google.com/search?q=Mozilla%20Developer%20Network,pendiente,,,,,,,
Mapa_Javascript.html:u2s3:practica:0,Mapa_Javascript.html,UNIDAD·02 · POO y Funciones Avanzadas,u2s3 · Prototypes y prototype chain,Práctica,practica,Curso COMPLETO de JavaScript INTERMEDIO · Lección 23 - Objetos avanzados,MoureDev por Brais Moure,AVANZADO,,https://www.google.com/search?q=Curso%20COMPLETO%20de%20JavaScript%20INTERMEDIO%20%C2%B7%20Lecci%C3%B3n%2023%20-%20Objetos%20avanzados%20MoureDev%20por%20Brais%20Moure,pendiente,,,,,,,
Mapa_Javascript.html:u2s3:practica:1,Mapa_Javascript.html,UNIDAD·02 · POO y Funciones Avanzadas,u2s3 · Prototypes y prototype chain,Práctica,practica,freeCodeCamp · Object Oriented Programming → Prototype Chain,freeCodeCamp.org,INTERMEDIO,,https://www.google.com/search?q=freeCodeCamp%20%C2%B7%20Object%20Oriented%20Programming%20%E2%86%92%20Prototype%20Chain%20freeCodeCamp.org,pendiente,,,,,,,
Mapa_Javascript.html:u2s3:practica:2,Mapa_Javascript.html,UNIDAD·02 · POO y Funciones Avanzadas,u2s3 · Prototypes y prototype chain,Práctica,practica,aprendejavascript.dev · Sección: Referencias y Prototipos,aprendejavascript.dev,INTERMEDIO,,https://www.google.com/search?q=aprendejavascript.dev%20%C2%B7%20Secci%C3%B3n%3A%20Referencias%20y%20Prototipos%20aprendejavascript.dev,pendiente,,,,,,,
Mapa_Javascript.html:u2s3:practica:3,Mapa_Javascript.html,UNIDAD·02 · POO y Funciones Avanzadas,u2s3 · Prototypes y prototype chain,Práctica,practica,GitHub (mouredev/hello-javascript) · Módulo 25: Prototipos,github.com/mouredev,AVANZADO,,https://www.google.com/search?q=GitHub%20(mouredev%2Fhello-javascript)%20%C2%B7%20M%C3%B3dulo%2025%3A%20Prototipos%20github.com%2Fmouredev,pendiente,,,,,,,
Mapa_Javascript.html:u2s3:practica:4,Mapa_Javascript.html,UNIDAD·02 · POO y Funciones Avanzadas,u2s3 · Prototypes y prototype chain,Práctica,practica,"Ilya Kantor · ¿Dónde escribe? / Prototipos de objetos, Sec. 8.1",pp. 320-322,INTERMEDIO,,https://www.google.com/search?q=Ilya%20Kantor%20%C2%B7%20%C2%BFD%C3%B3nde%20escribe%3F%20%2F%20Prototipos%20de%20objetos%2C%20Sec.%208.1%20pp.%20320-322,pendiente,,,,,,,
Mapa_Javascript.html:u2s4:videos:0,Mapa_Javascript.html,UNIDAD·02 · POO y Funciones Avanzadas,u2s4 · Contexto y comportamiento de 'this',Videos,video,Curso COMPLETO de JavaScript INTERMEDIO · Comportamiento del contexto y binding,MoureDev por Brais Moure,,,https://www.youtube.com/results?search_query=Curso%20COMPLETO%20de%20JavaScript%20INTERMEDIO%20%C2%B7%20Comportamiento%20del%20contexto%20y%20binding%20MoureDev%20por%20Brais%20Moure,pendiente,,,,,,,
Mapa_Javascript.html:u2s4:videos:1,Mapa_Javascript.html,UNIDAD·02 · POO y Funciones Avanzadas,u2s4 · Contexto y comportamiento de 'this',Videos,video,"Curso JavaScript: 57. el objeto this y los métodos call, apply, bind",Jon Mircha,,,https://www.youtube.com/results?search_query=Curso%20JavaScript%3A%2057.%20el%20objeto%20this%20y%20los%20m%C3%A9todos%20call%2C%20apply%2C%20bind%20Jon%20Mircha,pendiente,,,,,,,
Mapa_Javascript.html:u2s4:videos:2,Mapa_Javascript.html,UNIDAD·02 · POO y Funciones Avanzadas,u2s4 · Contexto y comportamiento de 'this',Videos,video,¿Qué es 'this' en JavaScript y cómo funciona?,Carlos Azaustre - AprendiendoDEV,,,https://www.youtube.com/results?search_query=%C2%BFQu%C3%A9%20es%20'this'%20en%20JavaScript%20y%20c%C3%B3mo%20funciona%3F%20Carlos%20Azaustre%20-%20AprendiendoDEV,pendiente,,,,,,,
Mapa_Javascript.html:u2s4:videos:3,Mapa_Javascript.html,UNIDAD·02 · POO y Funciones Avanzadas,u2s4 · Contexto y comportamiento de 'this',Videos,video,Mastering THIS in JavaScript: Implicit vs Explicit binding,midudev,,,https://www.youtube.com/results?search_query=Mastering%20THIS%20in%20JavaScript%3A%20Implicit%20vs%20Explicit%20binding%20midudev,pendiente,,,,,,,
Mapa_Javascript.html:u2s4:videos:4,Mapa_Javascript.html,UNIDAD·02 · POO y Funciones Avanzadas,u2s4 · Contexto y comportamiento de 'this',Videos,video,El misterio de 'this' en JavaScript resuelto,Fazt,,,https://www.youtube.com/results?search_query=El%20misterio%20de%20'this'%20en%20JavaScript%20resuelto%20Fazt,pendiente,,,,,,,
Mapa_Javascript.html:u2s4:biblio:0,Mapa_Javascript.html,UNIDAD·02 · POO y Funciones Avanzadas,u2s4 · Contexto y comportamiento de 'this',Bibliografía,libro,Kyle Simpson,You Don't Know JS: this & Object Prototypes,Cap. 1 y Cap. 2,,https://www.google.com/search?q=Kyle%20Simpson,pendiente,,,,,,,
Mapa_Javascript.html:u2s4:biblio:1,Mapa_Javascript.html,UNIDAD·02 · POO y Funciones Avanzadas,u2s4 · Contexto y comportamiento de 'this',Bibliografía,libro,Ilya Kantor,El Tutorial de JavaScript Moderno,"Parte 1, Cap. 4: Métodos y 'this'",,https://www.google.com/search?q=Ilya%20Kantor,pendiente,,,,,,,
Mapa_Javascript.html:u2s4:biblio:2,Mapa_Javascript.html,UNIDAD·02 · POO y Funciones Avanzadas,u2s4 · Contexto y comportamiento de 'this',Bibliografía,libro,Marijn Haverbeke,JavaScript Elocuente (4.ª ed.),Cap. 6: Métodos y this,,https://www.google.com/search?q=Marijn%20Haverbeke,pendiente,,,,,,,
Mapa_Javascript.html:u2s4:biblio:3,Mapa_Javascript.html,UNIDAD·02 · POO y Funciones Avanzadas,u2s4 · Contexto y comportamiento de 'this',Bibliografía,libro,ManzDev,LenguajeJS,Sección 4: El identificador 'this',,https://www.google.com/search?q=ManzDev,pendiente,,,,,,,
Mapa_Javascript.html:u2s4:biblio:4,Mapa_Javascript.html,UNIDAD·02 · POO y Funciones Avanzadas,u2s4 · Contexto y comportamiento de 'this',Bibliografía,libro,Mozilla Developer Network,Referencia Técnica,Operador 'this' y Function.prototype.bind(),,https://www.google.com/search?q=Mozilla%20Developer%20Network,pendiente,,,,,,,
Mapa_Javascript.html:u2s4:practica:0,Mapa_Javascript.html,UNIDAD·02 · POO y Funciones Avanzadas,u2s4 · Contexto y comportamiento de 'this',Práctica,practica,Curso COMPLETO de JavaScript INTERMEDIO · Ejercicios de 'this' y binding,MoureDev por Brais Moure,AVANZADO,,https://www.google.com/search?q=Curso%20COMPLETO%20de%20JavaScript%20INTERMEDIO%20%C2%B7%20Ejercicios%20de%20'this'%20y%20binding%20MoureDev%20por%20Brais%20Moure,pendiente,,,,,,,
Mapa_Javascript.html:u2s4:practica:1,Mapa_Javascript.html,UNIDAD·02 · POO y Funciones Avanzadas,u2s4 · Contexto y comportamiento de 'this',Práctica,practica,Exercism · JavaScript Track → Context Binding & Implicit Dynamic Execution,exercism.org,AVANZADO,,https://www.google.com/search?q=Exercism%20%C2%B7%20JavaScript%20Track%20%E2%86%92%20Context%20Binding%20%26%20Implicit%20Dynamic%20Execution%20exercism.org,pendiente,,,,,,,
Mapa_Javascript.html:u2s4:practica:2,Mapa_Javascript.html,UNIDAD·02 · POO y Funciones Avanzadas,u2s4 · Contexto y comportamiento de 'this',Práctica,practica,aprendejavascript.dev · Sección: El objeto 'this' y sus reglas,aprendejavascript.dev,INTERMEDIO,,https://www.google.com/search?q=aprendejavascript.dev%20%C2%B7%20Secci%C3%B3n%3A%20El%20objeto%20'this'%20y%20sus%20reglas%20aprendejavascript.dev,pendiente,,,,,,,
Mapa_Javascript.html:u2s4:practica:3,Mapa_Javascript.html,UNIDAD·02 · POO y Funciones Avanzadas,u2s4 · Contexto y comportamiento de 'this',Práctica,practica,"GitHub (mouredev/hello-javascript) · Ejercicios .call(), .apply(), .bind()",github.com/mouredev,AVANZADO,,https://www.google.com/search?q=GitHub%20(mouredev%2Fhello-javascript)%20%C2%B7%20Ejercicios%20.call()%2C%20.apply()%2C%20.bind()%20github.com%2Fmouredev,pendiente,,,,,,,
Mapa_Javascript.html:u2s4:practica:4,Mapa_Javascript.html,UNIDAD·02 · POO y Funciones Avanzadas,u2s4 · Contexto y comportamiento de 'this',Práctica,practica,"Kyle Simpson · Verificación de reglas de enlace, Cap. 2",pp. 40-42,AVANZADO,,https://www.google.com/search?q=Kyle%20Simpson%20%C2%B7%20Verificaci%C3%B3n%20de%20reglas%20de%20enlace%2C%20Cap.%202%20pp.%2040-42,pendiente,,,,,,,
Mapa_Javascript.html:u3s1:videos:0,Mapa_Javascript.html,UNIDAD·03 · Asincronía y APIs,u3s1 · Callbacks,Videos,video,Curso COMPLETO de JavaScript INTERMEDIO · Lección 11: Callbacks / 39-42,MoureDev por Brais Moure,,,https://www.youtube.com/results?search_query=Curso%20COMPLETO%20de%20JavaScript%20INTERMEDIO%20%C2%B7%20Lecci%C3%B3n%2011%3A%20Callbacks%20%2F%2039-42%20MoureDev%20por%20Brais%20Moure,pendiente,,,,,,,
Mapa_Javascript.html:u3s1:videos:1,Mapa_Javascript.html,UNIDAD·03 · Asincronía y APIs,u3s1 · Callbacks,Videos,video,Curso JavaScript: 46. Callbacks,Jon Mircha,,,https://www.youtube.com/results?search_query=Curso%20JavaScript%3A%2046.%20Callbacks%20Jon%20Mircha,pendiente,,,,,,,
Mapa_Javascript.html:u3s1:videos:2,Mapa_Javascript.html,UNIDAD·03 · Asincronía y APIs,u3s1 · Callbacks,Videos,video,Aprende Callbacks en JavaScript: Entendiendo la Asincronía,Carlos Azaustre - AprendiendoDEV,,,https://www.youtube.com/results?search_query=Aprende%20Callbacks%20en%20JavaScript%3A%20Entendiendo%20la%20Asincron%C3%ADa%20Carlos%20Azaustre%20-%20AprendiendoDEV,pendiente,,,,,,,
Mapa_Javascript.html:u3s1:videos:3,Mapa_Javascript.html,UNIDAD·03 · Asincronía y APIs,u3s1 · Callbacks,Videos,video,Asincronía en JavaScript: Callbacks y Event Loop,midudev,,,https://www.youtube.com/results?search_query=Asincron%C3%ADa%20en%20JavaScript%3A%20Callbacks%20y%20Event%20Loop%20midudev,pendiente,,,,,,,
Mapa_Javascript.html:u3s1:videos:4,Mapa_Javascript.html,UNIDAD·03 · Asincronía y APIs,u3s1 · Callbacks,Videos,video,JavaScript Asíncrono: Callbacks explicados fácil,Fazt,,,https://www.youtube.com/results?search_query=JavaScript%20As%C3%ADncrono%3A%20Callbacks%20explicados%20f%C3%A1cil%20Fazt,pendiente,,,,,,,
Mapa_Javascript.html:u3s1:biblio:0,Mapa_Javascript.html,UNIDAD·03 · Asincronía y APIs,u3s1 · Callbacks,Bibliografía,libro,Kyle Simpson,You Don't Know JS: Async & Performance,Cap. 2: Callbacks,,https://www.google.com/search?q=Kyle%20Simpson,pendiente,,,,,,,
Mapa_Javascript.html:u3s1:biblio:1,Mapa_Javascript.html,UNIDAD·03 · Asincronía y APIs,u3s1 · Callbacks,Bibliografía,libro,Ilya Kantor,El Tutorial de JavaScript Moderno,"Parte 1, Cap. 11 (Sec. 11.1)",,https://www.google.com/search?q=Ilya%20Kantor,pendiente,,,,,,,
Mapa_Javascript.html:u3s1:biblio:2,Mapa_Javascript.html,UNIDAD·03 · Asincronía y APIs,u3s1 · Callbacks,Bibliografía,libro,Marijn Haverbeke,JavaScript Elocuente (4.ª ed.),Cap. 11: Programación Asincrónica,,https://www.google.com/search?q=Marijn%20Haverbeke,pendiente,,,,,,,
Mapa_Javascript.html:u3s1:biblio:3,Mapa_Javascript.html,UNIDAD·03 · Asincronía y APIs,u3s1 · Callbacks,Bibliografía,libro,ManzDev,LenguajeJS,Sección 9: Callbacks y HOF,,https://www.google.com/search?q=ManzDev,pendiente,,,,,,,
Mapa_Javascript.html:u3s1:biblio:4,Mapa_Javascript.html,UNIDAD·03 · Asincronía y APIs,u3s1 · Callbacks,Bibliografía,libro,Jon Mircha,Notas sobre JavaScript Asíncrono,Manejo de Callbacks,,https://www.google.com/search?q=Jon%20Mircha,pendiente,,,,,,,
Mapa_Javascript.html:u3s1:practica:0,Mapa_Javascript.html,UNIDAD·03 · Asincronía y APIs,u3s1 · Callbacks,Práctica,practica,Curso COMPLETO de JavaScript INTERMEDIO · Lección 12 y 45 - Asincronía básica,MoureDev por Brais Moure,INTERMEDIO,,https://www.google.com/search?q=Curso%20COMPLETO%20de%20JavaScript%20INTERMEDIO%20%C2%B7%20Lecci%C3%B3n%2012%20y%2045%20-%20Asincron%C3%ADa%20b%C3%A1sica%20MoureDev%20por%20Brais%20Moure,pendiente,,,,,,,
Mapa_Javascript.html:u3s1:practica:1,Mapa_Javascript.html,UNIDAD·03 · Asincronía y APIs,u3s1 · Callbacks,Práctica,practica,HackerRank · 10 Days of JavaScript → Day 5: Arrow Functions and Callbacks,hackerrank.com,BÁSICO,,https://www.google.com/search?q=HackerRank%20%C2%B7%2010%20Days%20of%20JavaScript%20%E2%86%92%20Day%205%3A%20Arrow%20Functions%20and%20Callbacks%20hackerrank.com,pendiente,,,,,,,
Mapa_Javascript.html:u3s1:practica:2,Mapa_Javascript.html,UNIDAD·03 · Asincronía y APIs,u3s1 · Callbacks,Práctica,practica,aprendejavascript.dev · Sección: Programación Asíncrona: Callbacks,aprendejavascript.dev,INTERMEDIO,,https://www.google.com/search?q=aprendejavascript.dev%20%C2%B7%20Secci%C3%B3n%3A%20Programaci%C3%B3n%20As%C3%ADncrona%3A%20Callbacks%20aprendejavascript.dev,pendiente,,,,,,,
Mapa_Javascript.html:u3s1:practica:3,Mapa_Javascript.html,UNIDAD·03 · Asincronía y APIs,u3s1 · Callbacks,Práctica,practica,GitHub (mouredev/hello-javascript) · Módulo 42: Callbacks y Temporizadores,github.com/mouredev,INTERMEDIO,,https://www.google.com/search?q=GitHub%20(mouredev%2Fhello-javascript)%20%C2%B7%20M%C3%B3dulo%2042%3A%20Callbacks%20y%20Temporizadores%20github.com%2Fmouredev,pendiente,,,,,,,
Mapa_Javascript.html:u3s1:practica:4,Mapa_Javascript.html,UNIDAD·03 · Asincronía y APIs,u3s1 · Callbacks,Práctica,practica,"Marijn Haverbeke · Control de flujo diferido, Cap. 11",pp. 216-218,INTERMEDIO,,https://www.google.com/search?q=Marijn%20Haverbeke%20%C2%B7%20Control%20de%20flujo%20diferido%2C%20Cap.%2011%20pp.%20216-218,pendiente,,,,,,,
Mapa_Javascript.html:u3s2:videos:0,Mapa_Javascript.html,UNIDAD·03 · Asincronía y APIs,u3s2 · Promises (Promesas),Videos,video,Curso COMPLETO de JavaScript INTERMEDIO · Lección 43: Promesas,MoureDev por Brais Moure,,,https://www.youtube.com/results?search_query=Curso%20COMPLETO%20de%20JavaScript%20INTERMEDIO%20%C2%B7%20Lecci%C3%B3n%2043%3A%20Promesas%20MoureDev%20por%20Brais%20Moure,pendiente,,,,,,,
Mapa_Javascript.html:u3s2:videos:1,Mapa_Javascript.html,UNIDAD·03 · Asincronía y APIs,u3s2 · Promises (Promesas),Videos,video,Curso JavaScript: 47. Promesas,Jon Mircha,,,https://www.youtube.com/results?search_query=Curso%20JavaScript%3A%2047.%20Promesas%20Jon%20Mircha,pendiente,,,,,,,
Mapa_Javascript.html:u3s2:videos:2,Mapa_Javascript.html,UNIDAD·03 · Asincronía y APIs,u3s2 · Promises (Promesas),Videos,video,Aprende Promesas en JavaScript desde Cero,Carlos Azaustre - AprendiendoDEV,,,https://www.youtube.com/results?search_query=Aprende%20Promesas%20en%20JavaScript%20desde%20Cero%20Carlos%20Azaustre%20-%20AprendiendoDEV,pendiente,,,,,,,
Mapa_Javascript.html:u3s2:videos:3,Mapa_Javascript.html,UNIDAD·03 · Asincronía y APIs,u3s2 · Promises (Promesas),Videos,video,Promesas en JavaScript: Tutorial completo desde cero,midudev,,,https://www.youtube.com/results?search_query=Promesas%20en%20JavaScript%3A%20Tutorial%20completo%20desde%20cero%20midudev,pendiente,,,,,,,
Mapa_Javascript.html:u3s2:videos:4,Mapa_Javascript.html,UNIDAD·03 · Asincronía y APIs,u3s2 · Promises (Promesas),Videos,video,Promises en JS: Todo lo que necesitas saber,Fazt,,,https://www.youtube.com/results?search_query=Promises%20en%20JS%3A%20Todo%20lo%20que%20necesitas%20saber%20Fazt,pendiente,,,,,,,
Mapa_Javascript.html:u3s2:biblio:0,Mapa_Javascript.html,UNIDAD·03 · Asincronía y APIs,u3s2 · Promises (Promesas),Bibliografía,libro,Kyle Simpson,You Don't Know JS: Async & Performance,Cap. 3: Promises,,https://www.google.com/search?q=Kyle%20Simpson,pendiente,,,,,,,
Mapa_Javascript.html:u3s2:biblio:1,Mapa_Javascript.html,UNIDAD·03 · Asincronía y APIs,u3s2 · Promises (Promesas),Bibliografía,libro,Ilya Kantor,El Tutorial de JavaScript Moderno,"Parte 1, Cap. 11 (Sec. 11.2-11.5)",,https://www.google.com/search?q=Ilya%20Kantor,pendiente,,,,,,,
Mapa_Javascript.html:u3s2:biblio:2,Mapa_Javascript.html,UNIDAD·03 · Asincronía y APIs,u3s2 · Promises (Promesas),Bibliografía,libro,Marijn Haverbeke,JavaScript Elocuente (4.ª ed.),Cap. 11: Promesas,,https://www.google.com/search?q=Marijn%20Haverbeke,pendiente,,,,,,,
Mapa_Javascript.html:u3s2:biblio:3,Mapa_Javascript.html,UNIDAD·03 · Asincronía y APIs,u3s2 · Promises (Promesas),Bibliografía,libro,ManzDev,LenguajeJS,Sección 9: Gestión de Promesas,,https://www.google.com/search?q=ManzDev,pendiente,,,,,,,
Mapa_Javascript.html:u3s2:biblio:4,Mapa_Javascript.html,UNIDAD·03 · Asincronía y APIs,u3s2 · Promises (Promesas),Bibliografía,libro,Mozilla Developer Network,Guía de JavaScript,Usando Promesas · Promise.all / Promise.race,,https://www.google.com/search?q=Mozilla%20Developer%20Network,pendiente,,,,,,,
Mapa_Javascript.html:u3s2:practica:0,Mapa_Javascript.html,UNIDAD·03 · Asincronía y APIs,u3s2 · Promises (Promesas),Práctica,practica,Curso COMPLETO de JavaScript INTERMEDIO · Lección 45 - Ejercicios: Promesas,MoureDev por Brais Moure,INTERMEDIO,,https://www.google.com/search?q=Curso%20COMPLETO%20de%20JavaScript%20INTERMEDIO%20%C2%B7%20Lecci%C3%B3n%2045%20-%20Ejercicios%3A%20Promesas%20MoureDev%20por%20Brais%20Moure,pendiente,,,,,,,
Mapa_Javascript.html:u3s2:practica:1,Mapa_Javascript.html,UNIDAD·03 · Asincronía y APIs,u3s2 · Promises (Promesas),Práctica,practica,freeCodeCamp · ES6 → Create a JavaScript Promise / Handle a Fulfilled Promise,freeCodeCamp.org,INTERMEDIO,,https://www.google.com/search?q=freeCodeCamp%20%C2%B7%20ES6%20%E2%86%92%20Create%20a%20JavaScript%20Promise%20%2F%20Handle%20a%20Fulfilled%20Promise%20freeCodeCamp.org,pendiente,,,,,,,
Mapa_Javascript.html:u3s2:practica:2,Mapa_Javascript.html,UNIDAD·03 · Asincronía y APIs,u3s2 · Promises (Promesas),Práctica,practica,Exercism · JavaScript Track → Promise-iton y Custom Promise All,exercism.org,INTERMEDIO,,https://www.google.com/search?q=Exercism%20%C2%B7%20JavaScript%20Track%20%E2%86%92%20Promise-iton%20y%20Custom%20Promise%20All%20exercism.org,pendiente,,,,,,,
Mapa_Javascript.html:u3s2:practica:3,Mapa_Javascript.html,UNIDAD·03 · Asincronía y APIs,u3s2 · Promises (Promesas),Práctica,practica,aprendejavascript.dev · Sección: Promises Básicas y Avanzadas,aprendejavascript.dev,INTERMEDIO,,https://www.google.com/search?q=aprendejavascript.dev%20%C2%B7%20Secci%C3%B3n%3A%20Promises%20B%C3%A1sicas%20y%20Avanzadas%20aprendejavascript.dev,pendiente,,,,,,,
Mapa_Javascript.html:u3s2:practica:4,Mapa_Javascript.html,UNIDAD·03 · Asincronía y APIs,u3s2 · Promises (Promesas),Práctica,practica,"Ilya Kantor · Re-resolver promesa / Animar con promesas, Sec. 11.2",pp. 433-435,INTERMEDIO,,https://www.google.com/search?q=Ilya%20Kantor%20%C2%B7%20Re-resolver%20promesa%20%2F%20Animar%20con%20promesas%2C%20Sec.%2011.2%20pp.%20433-435,pendiente,,,,,,,
Mapa_Javascript.html:u3s3:videos:0,Mapa_Javascript.html,UNIDAD·03 · Asincronía y APIs,u3s3 · Async / Await,Videos,video,Curso COMPLETO de JavaScript INTERMEDIO · Lección 44: Async/Await,MoureDev por Brais Moure,,,https://www.youtube.com/results?search_query=Curso%20COMPLETO%20de%20JavaScript%20INTERMEDIO%20%C2%B7%20Lecci%C3%B3n%2044%3A%20Async%2FAwait%20MoureDev%20por%20Brais%20Moure,pendiente,,,,,,,
Mapa_Javascript.html:u3s3:videos:1,Mapa_Javascript.html,UNIDAD·03 · Asincronía y APIs,u3s3 · Async / Await,Videos,video,Curso JavaScript: 48. Async - Await,Jon Mircha,,,https://www.youtube.com/results?search_query=Curso%20JavaScript%3A%2048.%20Async%20-%20Await%20Jon%20Mircha,pendiente,,,,,,,
Mapa_Javascript.html:u3s3:videos:2,Mapa_Javascript.html,UNIDAD·03 · Asincronía y APIs,u3s3 · Async / Await,Videos,video,Aprende Async/Await y Promesas en JavaScript,Carlos Azaustre - AprendiendoDEV,,,https://www.youtube.com/results?search_query=Aprende%20Async%2FAwait%20y%20Promesas%20en%20JavaScript%20Carlos%20Azaustre%20-%20AprendiendoDEV,pendiente,,,,,,,
Mapa_Javascript.html:u3s3:videos:3,Mapa_Javascript.html,UNIDAD·03 · Asincronía y APIs,u3s3 · Async / Await,Videos,video,Async / Await en JavaScript: La forma moderna de manejar asincronía,midudev,,,https://www.youtube.com/results?search_query=Async%20%2F%20Await%20en%20JavaScript%3A%20La%20forma%20moderna%20de%20manejar%20asincron%C3%ADa%20midudev,pendiente,,,,,,,
Mapa_Javascript.html:u3s3:videos:4,Mapa_Javascript.html,UNIDAD·03 · Asincronía y APIs,u3s3 · Async / Await,Videos,video,Async Await JavaScript Tutorial Práctico,Fazt,,,https://www.youtube.com/results?search_query=Async%20Await%20JavaScript%20Tutorial%20Pr%C3%A1ctico%20Fazt,pendiente,,,,,,,
Mapa_Javascript.html:u3s3:biblio:0,Mapa_Javascript.html,UNIDAD·03 · Asincronía y APIs,u3s3 · Async / Await,Bibliografía,libro,Ilya Kantor,El Tutorial de JavaScript Moderno,"Parte 1, Cap. 11 (Sec. 11.8)",,https://www.google.com/search?q=Ilya%20Kantor,pendiente,,,,,,,
Mapa_Javascript.html:u3s3:biblio:1,Mapa_Javascript.html,UNIDAD·03 · Asincronía y APIs,u3s3 · Async / Await,Bibliografía,libro,Marijn Haverbeke,JavaScript Elocuente (4.ª ed.),Cap. 11: Funciones Async,,https://www.google.com/search?q=Marijn%20Haverbeke,pendiente,,,,,,,
Mapa_Javascript.html:u3s3:biblio:2,Mapa_Javascript.html,UNIDAD·03 · Asincronía y APIs,u3s3 · Async / Await,Bibliografía,libro,Kyle Simpson,You Don't Know JS: Async & Performance,Cap. 4: Generators + Async,,https://www.google.com/search?q=Kyle%20Simpson,pendiente,,,,,,,
Mapa_Javascript.html:u3s3:biblio:3,Mapa_Javascript.html,UNIDAD·03 · Asincronía y APIs,u3s3 · Async / Await,Bibliografía,libro,ManzDev,LenguajeJS,Sección 9: Sintaxis Async/Await,,https://www.google.com/search?q=ManzDev,pendiente,,,,,,,
Mapa_Javascript.html:u3s3:biblio:4,Mapa_Javascript.html,UNIDAD·03 · Asincronía y APIs,u3s3 · Async / Await,Bibliografía,libro,Mozilla Developer Network,Referencia Técnica,Operador await y async function,,https://www.google.com/search?q=Mozilla%20Developer%20Network,pendiente,,,,,,,
Mapa_Javascript.html:u3s3:practica:0,Mapa_Javascript.html,UNIDAD·03 · Asincronía y APIs,u3s3 · Async / Await,Práctica,practica,Curso COMPLETO de JavaScript INTERMEDIO · Ejercicios de Async/Await,MoureDev por Brais Moure,AVANZADO,,https://www.google.com/search?q=Curso%20COMPLETO%20de%20JavaScript%20INTERMEDIO%20%C2%B7%20Ejercicios%20de%20Async%2FAwait%20MoureDev%20por%20Brais%20Moure,pendiente,,,,,,,
Mapa_Javascript.html:u3s3:practica:1,Mapa_Javascript.html,UNIDAD·03 · Asincronía y APIs,u3s3 · Async / Await,Práctica,practica,Exercism · JavaScript Track → Translation Service (Async/Await),exercism.org,AVANZADO,,https://www.google.com/search?q=Exercism%20%C2%B7%20JavaScript%20Track%20%E2%86%92%20Translation%20Service%20(Async%2FAwait)%20exercism.org,pendiente,,,,,,,
Mapa_Javascript.html:u3s3:practica:2,Mapa_Javascript.html,UNIDAD·03 · Asincronía y APIs,u3s3 · Async / Await,Práctica,practica,aprendejavascript.dev · Sección: Programación Asíncrona: async/await,aprendejavascript.dev,INTERMEDIO,,https://www.google.com/search?q=aprendejavascript.dev%20%C2%B7%20Secci%C3%B3n%3A%20Programaci%C3%B3n%20As%C3%ADncrona%3A%20async%2Fawait%20aprendejavascript.dev,pendiente,,,,,,,
Mapa_Javascript.html:u3s3:practica:3,Mapa_Javascript.html,UNIDAD·03 · Asincronía y APIs,u3s3 · Async / Await,Práctica,practica,GitHub (mouredev/hello-javascript) · Módulo 45: Promesas a Async/Await,github.com/mouredev,AVANZADO,,https://www.google.com/search?q=GitHub%20(mouredev%2Fhello-javascript)%20%C2%B7%20M%C3%B3dulo%2045%3A%20Promesas%20a%20Async%2FAwait%20github.com%2Fmouredev,pendiente,,,,,,,
Mapa_Javascript.html:u3s3:practica:4,Mapa_Javascript.html,UNIDAD·03 · Asincronía y APIs,u3s3 · Async / Await,Práctica,practica,"Ilya Kantor · Reescritura de promesas a async/await, Sec. 11.8",pp. 473-475,AVANZADO,,https://www.google.com/search?q=Ilya%20Kantor%20%C2%B7%20Reescritura%20de%20promesas%20a%20async%2Fawait%2C%20Sec.%2011.8%20pp.%20473-475,pendiente,,,,,,,
Mapa_Javascript.html:u3s4:videos:0,Mapa_Javascript.html,UNIDAD·03 · Asincronía y APIs,u3s4 · Fetch API y consumo de datos externos,Videos,video,Curso de JavaScript desde cero: Peticiones HTTP y Fetch API · Lecciones 53-57,MoureDev por Brais Moure,,,https://www.youtube.com/results?search_query=Curso%20de%20JavaScript%20desde%20cero%3A%20Peticiones%20HTTP%20y%20Fetch%20API%20%C2%B7%20Lecciones%2053-57%20MoureDev%20por%20Brais%20Moure,pendiente,,,,,,,
Mapa_Javascript.html:u3s4:videos:1,Mapa_Javascript.html,UNIDAD·03 · Asincronía y APIs,u3s4 · Fetch API y consumo de datos externos,Videos,video,Curso JavaScript: 68. Consumo de APIs con Fetch,Jon Mircha,,,https://www.youtube.com/results?search_query=Curso%20JavaScript%3A%2068.%20Consumo%20de%20APIs%20con%20Fetch%20Jon%20Mircha,pendiente,,,,,,,
Mapa_Javascript.html:u3s4:videos:2,Mapa_Javascript.html,UNIDAD·03 · Asincronía y APIs,u3s4 · Fetch API y consumo de datos externos,Videos,video,Consumir una API REST con JavaScript (Fetch API),Carlos Azaustre - AprendiendoDEV,,,https://www.youtube.com/results?search_query=Consumir%20una%20API%20REST%20con%20JavaScript%20(Fetch%20API)%20Carlos%20Azaustre%20-%20AprendiendoDEV,pendiente,,,,,,,
Mapa_Javascript.html:u3s4:videos:3,Mapa_Javascript.html,UNIDAD·03 · Asincronía y APIs,u3s4 · Fetch API y consumo de datos externos,Videos,video,Fetch API en JavaScript: Cómo hacer peticiones HTTP en JS,midudev,,,https://www.youtube.com/results?search_query=Fetch%20API%20en%20JavaScript%3A%20C%C3%B3mo%20hacer%20peticiones%20HTTP%20en%20JS%20midudev,pendiente,,,,,,,
Mapa_Javascript.html:u3s4:videos:4,Mapa_Javascript.html,UNIDAD·03 · Asincronía y APIs,u3s4 · Fetch API y consumo de datos externos,Videos,video,"Consumo de APIs en JavaScript: Fetch, Async Await y Renderizado DOM",Fazt,,,https://www.youtube.com/results?search_query=Consumo%20de%20APIs%20en%20JavaScript%3A%20Fetch%2C%20Async%20Await%20y%20Renderizado%20DOM%20Fazt,pendiente,,,,,,,
Mapa_Javascript.html:u3s4:biblio:0,Mapa_Javascript.html,UNIDAD·03 · Asincronía y APIs,u3s4 · Fetch API y consumo de datos externos,Bibliografía,libro,Ilya Kantor,El Tutorial de JavaScript Moderno,"Parte 3, Cap. 1: Fetch API (Sec. 1.1-1.4)",,https://www.google.com/search?q=Ilya%20Kantor,pendiente,,,,,,,
Mapa_Javascript.html:u3s4:biblio:1,Mapa_Javascript.html,UNIDAD·03 · Asincronía y APIs,u3s4 · Fetch API y consumo de datos externos,Bibliografía,libro,Marijn Haverbeke,JavaScript Elocuente (4.ª ed.),Cap. 18: HTTP y Formularios,,https://www.google.com/search?q=Marijn%20Haverbeke,pendiente,,,,,,,
Mapa_Javascript.html:u3s4:biblio:2,Mapa_Javascript.html,UNIDAD·03 · Asincronía y APIs,u3s4 · Fetch API y consumo de datos externos,Bibliografía,libro,ManzDev,LenguajeJS,Sección 9: Fetch API y Headers,,https://www.google.com/search?q=ManzDev,pendiente,,,,,,,
Mapa_Javascript.html:u3s4:biblio:3,Mapa_Javascript.html,UNIDAD·03 · Asincronía y APIs,u3s4 · Fetch API y consumo de datos externos,Bibliografía,libro,Jon Mircha,Notas sobre AJAX y Consumo de API REST,jonmircha.com/api-rest,,https://www.google.com/search?q=Jon%20Mircha,pendiente,,,,,,,
Mapa_Javascript.html:u3s4:biblio:4,Mapa_Javascript.html,UNIDAD·03 · Asincronía y APIs,u3s4 · Fetch API y consumo de datos externos,Bibliografía,libro,Mozilla Developer Network,Guía de APIs Web,Utilizando Fetch API,,https://www.google.com/search?q=Mozilla%20Developer%20Network,pendiente,,,,,,,
Mapa_Javascript.html:u3s4:practica:0,Mapa_Javascript.html,UNIDAD·03 · Asincronía y APIs,u3s4 · Fetch API y consumo de datos externos,Práctica,practica,Ejercicio de consumo de API de Pokémon/Weather con Fetch,MoureDev por Brais Moure,INTERMEDIO,,https://www.google.com/search?q=Ejercicio%20de%20consumo%20de%20API%20de%20Pok%C3%A9mon%2FWeather%20con%20Fetch%20MoureDev%20por%20Brais%20Moure,pendiente,,,,,,,
Mapa_Javascript.html:u3s4:practica:1,Mapa_Javascript.html,UNIDAD·03 · Asincronía y APIs,u3s4 · Fetch API y consumo de datos externos,Práctica,practica,freeCodeCamp · Asynchronous JavaScript → Use the Fetch API,freeCodeCamp.org,INTERMEDIO,,https://www.google.com/search?q=freeCodeCamp%20%C2%B7%20Asynchronous%20JavaScript%20%E2%86%92%20Use%20the%20Fetch%20API%20freeCodeCamp.org,pendiente,,,,,,,
Mapa_Javascript.html:u3s4:practica:2,Mapa_Javascript.html,UNIDAD·03 · Asincronía y APIs,u3s4 · Fetch API y consumo de datos externos,Práctica,practica,aprendejavascript.dev · Sección: Fetch API y Consumo de APIs REST,aprendejavascript.dev,INTERMEDIO,,https://www.google.com/search?q=aprendejavascript.dev%20%C2%B7%20Secci%C3%B3n%3A%20Fetch%20API%20y%20Consumo%20de%20APIs%20REST%20aprendejavascript.dev,pendiente,,,,,,,
Mapa_Javascript.html:u3s4:practica:3,Mapa_Javascript.html,UNIDAD·03 · Asincronía y APIs,u3s4 · Fetch API y consumo de datos externos,Práctica,practica,GitHub (mouredev/hello-javascript) · Módulo 53: PokéAPI/OpenWeather,github.com/mouredev,INTERMEDIO,,https://www.google.com/search?q=GitHub%20(mouredev%2Fhello-javascript)%20%C2%B7%20M%C3%B3dulo%2053%3A%20Pok%C3%A9API%2FOpenWeather%20github.com%2Fmouredev,pendiente,,,,,,,
Mapa_Javascript.html:u3s4:practica:4,Mapa_Javascript.html,UNIDAD·03 · Asincronía y APIs,u3s4 · Fetch API y consumo de datos externos,Práctica,practica,"Marijn Haverbeke · El contenido negociado, Cap. 18",pp. 340-342,AVANZADO,,https://www.google.com/search?q=Marijn%20Haverbeke%20%C2%B7%20El%20contenido%20negociado%2C%20Cap.%2018%20pp.%20340-342,pendiente,,,,,,,
Mapa_Javascript.html:u4s1:videos:0,Mapa_Javascript.html,UNIDAD·04 · Proyecto Integrador,u4s1 · Manejo de eventos avanzado,Videos,video,Curso de JavaScript desde cero: Elementos y eventos del DOM · Lección 68,MoureDev por Brais Moure,,,https://www.youtube.com/results?search_query=Curso%20de%20JavaScript%20desde%20cero%3A%20Elementos%20y%20eventos%20del%20DOM%20%C2%B7%20Lecci%C3%B3n%2068%20MoureDev%20por%20Brais%20Moure,pendiente,,,,,,,
Mapa_Javascript.html:u4s1:videos:1,Mapa_Javascript.html,UNIDAD·04 · Proyecto Integrador,u4s1 · Manejo de eventos avanzado,Videos,video,Curso JavaScript: 74. Flujo de Eventos y 76. Delegación,Jon Mircha,,,https://www.youtube.com/results?search_query=Curso%20JavaScript%3A%2074.%20Flujo%20de%20Eventos%20y%2076.%20Delegaci%C3%B3n%20Jon%20Mircha,pendiente,,,,,,,
Mapa_Javascript.html:u4s1:videos:2,Mapa_Javascript.html,UNIDAD·04 · Proyecto Integrador,u4s1 · Manejo de eventos avanzado,Videos,video,"Eventos en JavaScript: Propagación, Event Listener y Delegación",Carlos Azaustre - AprendiendoDEV,,,https://www.youtube.com/results?search_query=Eventos%20en%20JavaScript%3A%20Propagaci%C3%B3n%2C%20Event%20Listener%20y%20Delegaci%C3%B3n%20Carlos%20Azaustre%20-%20AprendiendoDEV,pendiente,,,,,,,
Mapa_Javascript.html:u4s1:videos:3,Mapa_Javascript.html,UNIDAD·04 · Proyecto Integrador,u4s1 · Manejo de eventos avanzado,Videos,video,Delegación de Eventos en JavaScript: Mejora el rendimiento de tu web,midudev,,,https://www.youtube.com/results?search_query=Delegaci%C3%B3n%20de%20Eventos%20en%20JavaScript%3A%20Mejora%20el%20rendimiento%20de%20tu%20web%20midudev,pendiente,,,,,,,
Mapa_Javascript.html:u4s1:videos:4,Mapa_Javascript.html,UNIDAD·04 · Proyecto Integrador,u4s1 · Manejo de eventos avanzado,Videos,video,Manejo de Eventos Avanzado en JavaScript,Fazt,,,https://www.youtube.com/results?search_query=Manejo%20de%20Eventos%20Avanzado%20en%20JavaScript%20Fazt,pendiente,,,,,,,
Mapa_Javascript.html:u4s1:biblio:0,Mapa_Javascript.html,UNIDAD·04 · Proyecto Integrador,u4s1 · Manejo de eventos avanzado,Bibliografía,libro,Marijn Haverbeke,JavaScript Elocuente (4.ª ed.),Cap. 15: Manejo de Eventos,,https://www.google.com/search?q=Marijn%20Haverbeke,pendiente,,,,,,,
Mapa_Javascript.html:u4s1:biblio:1,Mapa_Javascript.html,UNIDAD·04 · Proyecto Integrador,u4s1 · Manejo de eventos avanzado,Bibliografía,libro,Ilya Kantor,El Tutorial de JavaScript Moderno,"Parte 2, Cap. 2: Burbujeo, captura, delegación",,https://www.google.com/search?q=Ilya%20Kantor,pendiente,,,,,,,
Mapa_Javascript.html:u4s1:biblio:2,Mapa_Javascript.html,UNIDAD·04 · Proyecto Integrador,u4s1 · Manejo de eventos avanzado,Bibliografía,libro,Jon Mircha,Notas de estudio,Modelo de Eventos en el DOM,,https://www.google.com/search?q=Jon%20Mircha,pendiente,,,,,,,
Mapa_Javascript.html:u4s1:biblio:3,Mapa_Javascript.html,UNIDAD·04 · Proyecto Integrador,u4s1 · Manejo de eventos avanzado,Bibliografía,libro,ManzDev,LenguajeJS,Sección 10: Event Listeners Avanzados,,https://www.google.com/search?q=ManzDev,pendiente,,,,,,,
Mapa_Javascript.html:u4s1:biblio:4,Mapa_Javascript.html,UNIDAD·04 · Proyecto Integrador,u4s1 · Manejo de eventos avanzado,Bibliografía,libro,Mozilla Developer Network,Guía de Eventos,"Event target, Propagation, Delegation",,https://www.google.com/search?q=Mozilla%20Developer%20Network,pendiente,,,,,,,
Mapa_Javascript.html:u4s1:practica:0,Mapa_Javascript.html,UNIDAD·04 · Proyecto Integrador,u4s1 · Manejo de eventos avanzado,Práctica,practica,Práctica paso a paso de Eventos y Delegación en DOM,MoureDev por Brais Moure,INTERMEDIO,,https://www.google.com/search?q=Pr%C3%A1ctica%20paso%20a%20paso%20de%20Eventos%20y%20Delegaci%C3%B3n%20en%20DOM%20MoureDev%20por%20Brais%20Moure,pendiente,,,,,,,
Mapa_Javascript.html:u4s1:practica:1,Mapa_Javascript.html,UNIDAD·04 · Proyecto Integrador,u4s1 · Manejo de eventos avanzado,Práctica,practica,freeCodeCamp · DOM Manipulation and Event Handling,freeCodeCamp.org,INTERMEDIO,,https://www.google.com/search?q=freeCodeCamp%20%C2%B7%20DOM%20Manipulation%20and%20Event%20Handling%20freeCodeCamp.org,pendiente,,,,,,,
Mapa_Javascript.html:u4s1:practica:2,Mapa_Javascript.html,UNIDAD·04 · Proyecto Integrador,u4s1 · Manejo de eventos avanzado,Práctica,practica,aprendejavascript.dev · Sección: Eventos y Event Listeners,aprendejavascript.dev,INTERMEDIO,,https://www.google.com/search?q=aprendejavascript.dev%20%C2%B7%20Secci%C3%B3n%3A%20Eventos%20y%20Event%20Listeners%20aprendejavascript.dev,pendiente,,,,,,,
Mapa_Javascript.html:u4s1:practica:3,Mapa_Javascript.html,UNIDAD·04 · Proyecto Integrador,u4s1 · Manejo de eventos avanzado,Práctica,practica,GitHub (mouredev/hello-javascript) · Módulo 68: Eventos del DOM,github.com/mouredev,INTERMEDIO,,https://www.google.com/search?q=GitHub%20(mouredev%2Fhello-javascript)%20%C2%B7%20M%C3%B3dulo%2068%3A%20Eventos%20del%20DOM%20github.com%2Fmouredev,pendiente,,,,,,,
Mapa_Javascript.html:u4s1:practica:4,Mapa_Javascript.html,UNIDAD·04 · Proyecto Integrador,u4s1 · Manejo de eventos avanzado,Práctica,practica,"Marijn Haverbeke · Rastro del ratón / Pestañas, Cap. 15",pp. 283-285,INTERMEDIO,,https://www.google.com/search?q=Marijn%20Haverbeke%20%C2%B7%20Rastro%20del%20rat%C3%B3n%20%2F%20Pesta%C3%B1as%2C%20Cap.%2015%20pp.%20283-285,pendiente,,,,,,,
Mapa_Javascript.html:u4s2:videos:0,Mapa_Javascript.html,UNIDAD·04 · Proyecto Integrador,u4s2 · Introducción a un framework/librería (React),Videos,video,Curso de React desde cero con proyectos prácticos (15 horas),midudev,,,https://www.youtube.com/results?search_query=Curso%20de%20React%20desde%20cero%20con%20proyectos%20pr%C3%A1cticos%20(15%20horas)%20midudev,pendiente,,,,,,,
Mapa_Javascript.html:u4s2:videos:1,Mapa_Javascript.html,UNIDAD·04 · Proyecto Integrador,u4s2 · Introducción a un framework/librería (React),Videos,video,Aprende React JS desde Cero para Principiantes,Carlos Azaustre - AprendiendoDEV,,,https://www.youtube.com/results?search_query=Aprende%20React%20JS%20desde%20Cero%20para%20Principiantes%20Carlos%20Azaustre%20-%20AprendiendoDEV,pendiente,,,,,,,
Mapa_Javascript.html:u4s2:videos:2,Mapa_Javascript.html,UNIDAD·04 · Proyecto Integrador,u4s2 · Introducción a un framework/librería (React),Videos,video,React JS Curso Práctico para Principiantes,Fazt,,,https://www.youtube.com/results?search_query=React%20JS%20Curso%20Pr%C3%A1ctico%20para%20Principiantes%20Fazt,pendiente,,,,,,,
Mapa_Javascript.html:u4s2:videos:3,Mapa_Javascript.html,UNIDAD·04 · Proyecto Integrador,u4s2 · Introducción a un framework/librería (React),Videos,video,Curso JavaScript: 104. Reactividad Introducción,Jon Mircha,,,https://www.youtube.com/results?search_query=Curso%20JavaScript%3A%20104.%20Reactividad%20Introducci%C3%B3n%20Jon%20Mircha,pendiente,,,,,,,
Mapa_Javascript.html:u4s2:videos:4,Mapa_Javascript.html,UNIDAD·04 · Proyecto Integrador,u4s2 · Introducción a un framework/librería (React),Videos,video,React Router desde cero: Aprendiendo enrutado en React,midudev,,,https://www.youtube.com/results?search_query=React%20Router%20desde%20cero%3A%20Aprendiendo%20enrutado%20en%20React%20midudev,pendiente,,,,,,,
Mapa_Javascript.html:u4s2:biblio:0,Mapa_Javascript.html,UNIDAD·04 · Proyecto Integrador,u4s2 · Introducción a un framework/librería (React),Bibliografía,libro,Documentación Oficial de React,react.dev,Aprender React · Pensar en React,,https://www.google.com/search?q=Documentaci%C3%B3n%20Oficial%20de%20React,pendiente,,,,,,,
Mapa_Javascript.html:u4s2:biblio:1,Mapa_Javascript.html,UNIDAD·04 · Proyecto Integrador,u4s2 · Introducción a un framework/librería (React),Bibliografía,libro,Jon Mircha,Notas sobre Reactividad,Librerías de Interfaz,,https://www.google.com/search?q=Jon%20Mircha,pendiente,,,,,,,
Mapa_Javascript.html:u4s2:biblio:2,Mapa_Javascript.html,UNIDAD·04 · Proyecto Integrador,u4s2 · Introducción a un framework/librería (React),Bibliografía,libro,ManzDev,LenguajeJS / Frameworks,Transición Vanilla JS → Declarativas,,https://www.google.com/search?q=ManzDev,pendiente,,,,,,,
Mapa_Javascript.html:u4s2:biblio:3,Mapa_Javascript.html,UNIDAD·04 · Proyecto Integrador,u4s2 · Introducción a un framework/librería (React),Bibliografía,libro,Ilya Kantor,El Tutorial de JavaScript Moderno,"Parte 2, Cap. 4: Componentes y Estado",,https://www.google.com/search?q=Ilya%20Kantor,pendiente,,,,,,,
Mapa_Javascript.html:u4s2:biblio:4,Mapa_Javascript.html,UNIDAD·04 · Proyecto Integrador,u4s2 · Introducción a un framework/librería (React),Bibliografía,libro,Mozilla Developer Network,Entendiendo Frameworks Frontend,Introducción a React,,https://www.google.com/search?q=Mozilla%20Developer%20Network,pendiente,,,,,,,
Mapa_Javascript.html:u4s2:practica:0,Mapa_Javascript.html,UNIDAD·04 · Proyecto Integrador,u4s2 · Introducción a un framework/librería (React),Práctica,practica,Curso de React: Construyendo un Tres en Raya y un Buscador de Películas,midudev,INTERMEDIO,,https://www.google.com/search?q=Curso%20de%20React%3A%20Construyendo%20un%20Tres%20en%20Raya%20y%20un%20Buscador%20de%20Pel%C3%ADculas%20midudev,pendiente,,,,,,,
Mapa_Javascript.html:u4s2:practica:1,Mapa_Javascript.html,UNIDAD·04 · Proyecto Integrador,u4s2 · Introducción a un framework/librería (React),Práctica,practica,freeCodeCamp · Front End Development Libraries → React,freeCodeCamp.org,INTERMEDIO,,https://www.google.com/search?q=freeCodeCamp%20%C2%B7%20Front%20End%20Development%20Libraries%20%E2%86%92%20React%20freeCodeCamp.org,pendiente,,,,,,,
Mapa_Javascript.html:u4s2:practica:2,Mapa_Javascript.html,UNIDAD·04 · Proyecto Integrador,u4s2 · Introducción a un framework/librería (React),Práctica,practica,Exercism · React Track / JavaScript Frameworks,exercism.org,INTERMEDIO,,https://www.google.com/search?q=Exercism%20%C2%B7%20React%20Track%20%2F%20JavaScript%20Frameworks%20exercism.org,pendiente,,,,,,,
Mapa_Javascript.html:u4s2:practica:3,Mapa_Javascript.html,UNIDAD·04 · Proyecto Integrador,u4s2 · Introducción a un framework/librería (React),Práctica,practica,GitHub (midudev/curso-react) · Proyectos prácticos,github.com/midudev,INTERMEDIO,,https://www.google.com/search?q=GitHub%20(midudev%2Fcurso-react)%20%C2%B7%20Proyectos%20pr%C3%A1cticos%20github.com%2Fmidudev,pendiente,,,,,,,
Mapa_Javascript.html:u4s2:practica:4,Mapa_Javascript.html,UNIDAD·04 · Proyecto Integrador,u4s2 · Introducción a un framework/librería (React),Práctica,practica,react.dev · Tutorial interactivo: Tic-Tac-Toe con Gestión de Estado,react.dev,BÁSICO,,https://www.google.com/search?q=react.dev%20%C2%B7%20Tutorial%20interactivo%3A%20Tic-Tac-Toe%20con%20Gesti%C3%B3n%20de%20Estado%20react.dev,pendiente,,,,,,,
Mapa_Javascript.html:u4s3:videos:0,Mapa_Javascript.html,UNIDAD·04 · Proyecto Integrador,u4s3 · Buenas prácticas y organización de código,Videos,video,Curso de JavaScript desde cero: Buenas Prácticas y Guía de Estilo · Lección 14,MoureDev por Brais Moure,,,https://www.youtube.com/results?search_query=Curso%20de%20JavaScript%20desde%20cero%3A%20Buenas%20Pr%C3%A1cticas%20y%20Gu%C3%ADa%20de%20Estilo%20%C2%B7%20Lecci%C3%B3n%2014%20MoureDev%20por%20Brais%20Moure,pendiente,,,,,,,
Mapa_Javascript.html:u4s3:videos:1,Mapa_Javascript.html,UNIDAD·04 · Proyecto Integrador,u4s3 · Buenas prácticas y organización de código,Videos,video,Escribir código JavaScript Limpio y Mantenible (Clean Code),Carlos Azaustre - AprendiendoDEV,,,https://www.youtube.com/results?search_query=Escribir%20c%C3%B3digo%20JavaScript%20Limpio%20y%20Mantenible%20(Clean%20Code)%20Carlos%20Azaustre%20-%20AprendiendoDEV,pendiente,,,,,,,
Mapa_Javascript.html:u4s3:videos:2,Mapa_Javascript.html,UNIDAD·04 · Proyecto Integrador,u4s3 · Buenas prácticas y organización de código,Videos,video,Buenas Prácticas en JavaScript y Arquitectura de Código,midudev,,,https://www.youtube.com/results?search_query=Buenas%20Pr%C3%A1cticas%20en%20JavaScript%20y%20Arquitectura%20de%20C%C3%B3digo%20midudev,pendiente,,,,,,,
Mapa_Javascript.html:u4s3:videos:3,Mapa_Javascript.html,UNIDAD·04 · Proyecto Integrador,u4s3 · Buenas prácticas y organización de código,Videos,video,Principios SOLID en JavaScript explicados con ejemplos,Fazt,,,https://www.youtube.com/results?search_query=Principios%20SOLID%20en%20JavaScript%20explicados%20con%20ejemplos%20Fazt,pendiente,,,,,,,
Mapa_Javascript.html:u4s3:videos:4,Mapa_Javascript.html,UNIDAD·04 · Proyecto Integrador,u4s3 · Buenas prácticas y organización de código,Videos,video,Programación Lógica: La habilidad que nadie te enseña,MoureDev por Brais Moure,,,https://www.youtube.com/results?search_query=Programaci%C3%B3n%20L%C3%B3gica%3A%20La%20habilidad%20que%20nadie%20te%20ense%C3%B1a%20MoureDev%20por%20Brais%20Moure,pendiente,,,,,,,
Mapa_Javascript.html:u4s3:biblio:0,Mapa_Javascript.html,UNIDAD·04 · Proyecto Integrador,u4s3 · Buenas prácticas y organización de código,Bibliografía,libro,Ilya Kantor,El Tutorial de JavaScript Moderno,"Parte 1, Cap. 3 (Sec. 3.1 y 3.2)",,https://www.google.com/search?q=Ilya%20Kantor,pendiente,,,,,,,
Mapa_Javascript.html:u4s3:biblio:1,Mapa_Javascript.html,UNIDAD·04 · Proyecto Integrador,u4s3 · Buenas prácticas y organización de código,Bibliografía,libro,Marijn Haverbeke,JavaScript Elocuente (4.ª ed.),Cap. 10: Módulos y Arquitectura,,https://www.google.com/search?q=Marijn%20Haverbeke,pendiente,,,,,,,
Mapa_Javascript.html:u4s3:biblio:2,Mapa_Javascript.html,UNIDAD·04 · Proyecto Integrador,u4s3 · Buenas prácticas y organización de código,Bibliografía,libro,Kyle Simpson,You Don't Know JS: ES6 & Beyond,Cap. 3: Organización de Código,,https://www.google.com/search?q=Kyle%20Simpson,pendiente,,,,,,,
Mapa_Javascript.html:u4s3:biblio:3,Mapa_Javascript.html,UNIDAD·04 · Proyecto Integrador,u4s3 · Buenas prácticas y organización de código,Bibliografía,libro,ManzDev,LenguajeJS,Sección 5: ESLint y Linters,,https://www.google.com/search?q=ManzDev,pendiente,,,,,,,
Mapa_Javascript.html:u4s3:biblio:4,Mapa_Javascript.html,UNIDAD·04 · Proyecto Integrador,u4s3 · Buenas prácticas y organización de código,Bibliografía,libro,Guía de Estilo de JavaScript de Airbnb,(Traducción en español),Repositorio académico GitHub,,https://www.google.com/search?q=Gu%C3%ADa%20de%20Estilo%20de%20JavaScript%20de%20Airbnb,pendiente,,,,,,,
Mapa_Javascript.html:u4s3:practica:0,Mapa_Javascript.html,UNIDAD·04 · Proyecto Integrador,u4s3 · Buenas prácticas y organización de código,Práctica,practica,Refactorización de Código JavaScript Sucio a Código Limpio,Carlos Azaustre - AprendiendoDEV,INTERMEDIO,,https://www.google.com/search?q=Refactorizaci%C3%B3n%20de%20C%C3%B3digo%20JavaScript%20Sucio%20a%20C%C3%B3digo%20Limpio%20Carlos%20Azaustre%20-%20AprendiendoDEV,pendiente,,,,,,,
Mapa_Javascript.html:u4s3:practica:1,Mapa_Javascript.html,UNIDAD·04 · Proyecto Integrador,u4s3 · Buenas prácticas y organización de código,Práctica,practica,Exercism · JavaScript Track → Refactorización y Clean Code Katas,exercism.org,INTERMEDIO,,https://www.google.com/search?q=Exercism%20%C2%B7%20JavaScript%20Track%20%E2%86%92%20Refactorizaci%C3%B3n%20y%20Clean%20Code%20Katas%20exercism.org,pendiente,,,,,,,
Mapa_Javascript.html:u4s3:practica:2,Mapa_Javascript.html,UNIDAD·04 · Proyecto Integrador,u4s3 · Buenas prácticas y organización de código,Práctica,practica,aprendejavascript.dev · Sección: Patrones y Buenas Prácticas,aprendejavascript.dev,INTERMEDIO,,https://www.google.com/search?q=aprendejavascript.dev%20%C2%B7%20Secci%C3%B3n%3A%20Patrones%20y%20Buenas%20Pr%C3%A1cticas%20aprendejavascript.dev,pendiente,,,,,,,
Mapa_Javascript.html:u4s3:practica:3,Mapa_Javascript.html,UNIDAD·04 · Proyecto Integrador,u4s3 · Buenas prácticas y organización de código,Práctica,practica,GitHub (mouredev/hello-javascript) · Guía de Estilo y Buenas Prácticas,github.com/mouredev,INTERMEDIO,,https://www.google.com/search?q=GitHub%20(mouredev%2Fhello-javascript)%20%C2%B7%20Gu%C3%ADa%20de%20Estilo%20y%20Buenas%20Pr%C3%A1cticas%20github.com%2Fmouredev,pendiente,,,,,,,
Mapa_Javascript.html:u4s3:practica:4,Mapa_Javascript.html,UNIDAD·04 · Proyecto Integrador,u4s3 · Buenas prácticas y organización de código,Práctica,practica,"Ilya Kantor · Análisis de calidad de código, Sec. 3.5",pp. 102-105,INTERMEDIO,,https://www.google.com/search?q=Ilya%20Kantor%20%C2%B7%20An%C3%A1lisis%20de%20calidad%20de%20c%C3%B3digo%2C%20Sec.%203.5%20pp.%20102-105,pendiente,,,,,,,
Mapa_Javascript.html:u4s4:videos:0,Mapa_Javascript.html,UNIDAD·04 · Proyecto Integrador,u4s4 · Proyecto final integrador,Videos,video,Curso de JavaScript desde cero: Proyecto Final Aplicación Completa,MoureDev por Brais Moure,,,https://www.youtube.com/results?search_query=Curso%20de%20JavaScript%20desde%20cero%3A%20Proyecto%20Final%20Aplicaci%C3%B3n%20Completa%20MoureDev%20por%20Brais%20Moure,pendiente,,,,,,,
Mapa_Javascript.html:u4s4:videos:1,Mapa_Javascript.html,UNIDAD·04 · Proyecto Integrador,u4s4 · Proyecto final integrador,Videos,video,Curso de JavaScript desde cero: Proyecto Final Integrador (Calculadora y TodoApp),TodoCode,,,https://www.youtube.com/results?search_query=Curso%20de%20JavaScript%20desde%20cero%3A%20Proyecto%20Final%20Integrador%20(Calculadora%20y%20TodoApp)%20TodoCode,pendiente,,,,,,,
Mapa_Javascript.html:u4s4:videos:2,Mapa_Javascript.html,UNIDAD·04 · Proyecto Integrador,u4s4 · Proyecto final integrador,Videos,video,Crea una Aplicación Web Completa con JavaScript Vanilla,Carlos Azaustre - AprendiendoDEV,,,https://www.youtube.com/results?search_query=Crea%20una%20Aplicaci%C3%B3n%20Web%20Completa%20con%20JavaScript%20Vanilla%20Carlos%20Azaustre%20-%20AprendiendoDEV,pendiente,,,,,,,
Mapa_Javascript.html:u4s4:videos:3,Mapa_Javascript.html,UNIDAD·04 · Proyecto Integrador,u4s4 · Proyecto final integrador,Videos,video,Aprende JavaScript creando 10 Proyectos Reales paso a paso,midudev,,,https://www.youtube.com/results?search_query=Aprende%20JavaScript%20creando%2010%20Proyectos%20Reales%20paso%20a%20paso%20midudev,pendiente,,,,,,,
Mapa_Javascript.html:u4s4:videos:4,Mapa_Javascript.html,UNIDAD·04 · Proyecto Integrador,u4s4 · Proyecto final integrador,Videos,video,Proyecto Integrador JavaScript y Fetch API desde Cero,Fazt,,,https://www.youtube.com/results?search_query=Proyecto%20Integrador%20JavaScript%20y%20Fetch%20API%20desde%20Cero%20Fazt,pendiente,,,,,,,
Mapa_Javascript.html:u4s4:biblio:0,Mapa_Javascript.html,UNIDAD·04 · Proyecto Integrador,u4s4 · Proyecto final integrador,Bibliografía,libro,Marijn Haverbeke,JavaScript Elocuente (4.ª ed.),Cap. 7: Proyecto Un Robot / Cap. 19,,https://www.google.com/search?q=Marijn%20Haverbeke,pendiente,,,,,,,
Mapa_Javascript.html:u4s4:biblio:1,Mapa_Javascript.html,UNIDAD·04 · Proyecto Integrador,u4s4 · Proyecto final integrador,Bibliografía,libro,Ilya Kantor,El Tutorial de JavaScript Moderno,"Parte 2, Cap. 5: Proyectos e Interfaces",,https://www.google.com/search?q=Ilya%20Kantor,pendiente,,,,,,,
Mapa_Javascript.html:u4s4:biblio:2,Mapa_Javascript.html,UNIDAD·04 · Proyecto Integrador,u4s4 · Proyecto final integrador,Bibliografía,libro,Jon Mircha,Notas sobre Arquitectura SPA,jonmircha.com/spa,,https://www.google.com/search?q=Jon%20Mircha,pendiente,,,,,,,
Mapa_Javascript.html:u4s4:biblio:3,Mapa_Javascript.html,UNIDAD·04 · Proyecto Integrador,u4s4 · Proyecto final integrador,Bibliografía,libro,ManzDev,LenguajeJS,Sección 10: Proyectos Integrales,,https://www.google.com/search?q=ManzDev,pendiente,,,,,,,
Mapa_Javascript.html:u4s4:biblio:4,Mapa_Javascript.html,UNIDAD·04 · Proyecto Integrador,u4s4 · Proyecto final integrador,Bibliografía,libro,Mozilla Developer Network,Estructurando una aplicación web,JavaScript pura,,https://www.google.com/search?q=Mozilla%20Developer%20Network,pendiente,,,,,,,
Mapa_Javascript.html:u4s4:practica:0,Mapa_Javascript.html,UNIDAD·04 · Proyecto Integrador,u4s4 · Proyecto final integrador,Práctica,practica,Proyecto Integrador Lista de Tareas y Dashboard de Clima,MoureDev por Brais Moure,AVANZADO,,https://www.google.com/search?q=Proyecto%20Integrador%20Lista%20de%20Tareas%20y%20Dashboard%20de%20Clima%20MoureDev%20por%20Brais%20Moure,pendiente,,,,,,,
Mapa_Javascript.html:u4s4:practica:1,Mapa_Javascript.html,UNIDAD·04 · Proyecto Integrador,u4s4 · Proyecto final integrador,Práctica,practica,freeCodeCamp · JavaScript Algorithms and Data Structures Projects,freeCodeCamp.org,AVANZADO,,https://www.google.com/search?q=freeCodeCamp%20%C2%B7%20JavaScript%20Algorithms%20and%20Data%20Structures%20Projects%20freeCodeCamp.org,pendiente,,,,,,,
Mapa_Javascript.html:u4s4:practica:2,Mapa_Javascript.html,UNIDAD·04 · Proyecto Integrador,u4s4 · Proyecto final integrador,Práctica,practica,"aprendejavascript.dev · Proyecto Integrador: Estructura, Teclado e Historial",aprendejavascript.dev,INTERMEDIO,,https://www.google.com/search?q=aprendejavascript.dev%20%C2%B7%20Proyecto%20Integrador%3A%20Estructura%2C%20Teclado%20e%20Historial%20aprendejavascript.dev,pendiente,,,,,,,
Mapa_Javascript.html:u4s4:practica:3,Mapa_Javascript.html,UNIDAD·04 · Proyecto Integrador,u4s4 · Proyecto final integrador,Práctica,practica,GitHub (mouredev/hello-javascript) · Carpeta de proyectos integradores,github.com/mouredev,AVANZADO,,https://www.google.com/search?q=GitHub%20(mouredev%2Fhello-javascript)%20%C2%B7%20Carpeta%20de%20proyectos%20integradores%20github.com%2Fmouredev,pendiente,,,,,,,
Mapa_Javascript.html:u4s4:practica:4,Mapa_Javascript.html,UNIDAD·04 · Proyecto Integrador,u4s4 · Proyecto final integrador,Práctica,practica,"Marijn Haverbeke · Construcción completa: Un Robot, Cap. 7",pp. 126-140,AVANZADO,,https://www.google.com/search?q=Marijn%20Haverbeke%20%C2%B7%20Construcci%C3%B3n%20completa%3A%20Un%20Robot%2C%20Cap.%207%20pp.%20126-140,pendiente,,,,,,,
Mapa_Javascript.html:u5s1:videos:0,Mapa_Javascript.html,UNIDAD·05 · Buenas Prácticas y Ecosistema Moderno,u5s1 · Módulos ES6 (import/export),Videos,video,Curso de JavaScript desde cero: Módulos · Lección 44,MoureDev por Brais Moure,,,https://www.youtube.com/results?search_query=Curso%20de%20JavaScript%20desde%20cero%3A%20M%C3%B3dulos%20%C2%B7%20Lecci%C3%B3n%2044%20MoureDev%20por%20Brais%20Moure,pendiente,,,,,,,
Mapa_Javascript.html:u5s1:videos:1,Mapa_Javascript.html,UNIDAD·05 · Buenas Prácticas y Ecosistema Moderno,u5s1 · Módulos ES6 (import/export),Videos,video,Curso JavaScript: 33. Módulos (import / export),Jon Mircha,,,https://www.youtube.com/results?search_query=Curso%20JavaScript%3A%2033.%20M%C3%B3dulos%20(import%20%2F%20export)%20Jon%20Mircha,pendiente,,,,,,,
Mapa_Javascript.html:u5s1:videos:2,Mapa_Javascript.html,UNIDAD·05 · Buenas Prácticas y Ecosistema Moderno,u5s1 · Módulos ES6 (import/export),Videos,video,Módulos en JavaScript (ES Modules): Import y Export explicados,Carlos Azaustre - AprendiendoDEV,,,https://www.youtube.com/results?search_query=M%C3%B3dulos%20en%20JavaScript%20(ES%20Modules)%3A%20Import%20y%20Export%20explicados%20Carlos%20Azaustre%20-%20AprendiendoDEV,pendiente,,,,,,,
Mapa_Javascript.html:u5s1:videos:3,Mapa_Javascript.html,UNIDAD·05 · Buenas Prácticas y Ecosistema Moderno,u5s1 · Módulos ES6 (import/export),Videos,video,ES Modules en JavaScript: Todo lo que debes saber,midudev,,,https://www.youtube.com/results?search_query=ES%20Modules%20en%20JavaScript%3A%20Todo%20lo%20que%20debes%20saber%20midudev,pendiente,,,,,,,
Mapa_Javascript.html:u5s1:videos:4,Mapa_Javascript.html,UNIDAD·05 · Buenas Prácticas y Ecosistema Moderno,u5s1 · Módulos ES6 (import/export),Videos,video,Módulos en JavaScript Vanilla: Importación y Exportación,Fazt,,,https://www.youtube.com/results?search_query=M%C3%B3dulos%20en%20JavaScript%20Vanilla%3A%20Importaci%C3%B3n%20y%20Exportaci%C3%B3n%20Fazt,pendiente,,,,,,,
Mapa_Javascript.html:u5s1:biblio:0,Mapa_Javascript.html,UNIDAD·05 · Buenas Prácticas y Ecosistema Moderno,u5s1 · Módulos ES6 (import/export),Bibliografía,libro,Marijn Haverbeke,JavaScript Elocuente (4.ª ed.),Cap. 10: Módulos,,https://www.google.com/search?q=Marijn%20Haverbeke,pendiente,,,,,,,
Mapa_Javascript.html:u5s1:biblio:1,Mapa_Javascript.html,UNIDAD·05 · Buenas Prácticas y Ecosistema Moderno,u5s1 · Módulos ES6 (import/export),Bibliografía,libro,Ilya Kantor,El Tutorial de JavaScript Moderno,"Parte 1, Cap. 13 (Sec. 13.1-13.3)",,https://www.google.com/search?q=Ilya%20Kantor,pendiente,,,,,,,
Mapa_Javascript.html:u5s1:biblio:2,Mapa_Javascript.html,UNIDAD·05 · Buenas Prácticas y Ecosistema Moderno,u5s1 · Módulos ES6 (import/export),Bibliografía,libro,Kyle Simpson,You Don't Know JS: ES6 & Beyond,Cap. 3: Módulos ES6,,https://www.google.com/search?q=Kyle%20Simpson,pendiente,,,,,,,
Mapa_Javascript.html:u5s1:biblio:3,Mapa_Javascript.html,UNIDAD·05 · Buenas Prácticas y Ecosistema Moderno,u5s1 · Módulos ES6 (import/export),Bibliografía,libro,ManzDev,LenguajeJS,Sección 4: Módulos (ESM),,https://www.google.com/search?q=ManzDev,pendiente,,,,,,,
Mapa_Javascript.html:u5s1:biblio:4,Mapa_Javascript.html,UNIDAD·05 · Buenas Prácticas y Ecosistema Moderno,u5s1 · Módulos ES6 (import/export),Bibliografía,libro,Mozilla Developer Network,Guía de Módulos JavaScript,ES6 Modules,,https://www.google.com/search?q=Mozilla%20Developer%20Network,pendiente,,,,,,,
Mapa_Javascript.html:u5s1:practica:0,Mapa_Javascript.html,UNIDAD·05 · Buenas Prácticas y Ecosistema Moderno,u5s1 · Módulos ES6 (import/export),Práctica,practica,Curso de JavaScript desde cero · Lección 45 - Módulos y package.json,MoureDev por Brais Moure,INTERMEDIO,,https://www.google.com/search?q=Curso%20de%20JavaScript%20desde%20cero%20%C2%B7%20Lecci%C3%B3n%2045%20-%20M%C3%B3dulos%20y%20package.json%20MoureDev%20por%20Brais%20Moure,pendiente,,,,,,,
Mapa_Javascript.html:u5s1:practica:1,Mapa_Javascript.html,UNIDAD·05 · Buenas Prácticas y Ecosistema Moderno,u5s1 · Módulos ES6 (import/export),Práctica,practica,freeCodeCamp · ES6 → Export and Import Module Scripts,freeCodeCamp.org,BÁSICO,,https://www.google.com/search?q=freeCodeCamp%20%C2%B7%20ES6%20%E2%86%92%20Export%20and%20Import%20Module%20Scripts%20freeCodeCamp.org,pendiente,,,,,,,
Mapa_Javascript.html:u5s1:practica:2,Mapa_Javascript.html,UNIDAD·05 · Buenas Prácticas y Ecosistema Moderno,u5s1 · Módulos ES6 (import/export),Práctica,practica,aprendejavascript.dev · Sección: Módulos: Export e Import,aprendejavascript.dev,INTERMEDIO,,https://www.google.com/search?q=aprendejavascript.dev%20%C2%B7%20Secci%C3%B3n%3A%20M%C3%B3dulos%3A%20Export%20e%20Import%20aprendejavascript.dev,pendiente,,,,,,,
Mapa_Javascript.html:u5s1:practica:3,Mapa_Javascript.html,UNIDAD·05 · Buenas Prácticas y Ecosistema Moderno,u5s1 · Módulos ES6 (import/export),Práctica,practica,GitHub (mouredev/hello-javascript) · Módulo 44: Exportación modular,github.com/mouredev,INTERMEDIO,,https://www.google.com/search?q=GitHub%20(mouredev%2Fhello-javascript)%20%C2%B7%20M%C3%B3dulo%2044%3A%20Exportaci%C3%B3n%20modular%20github.com%2Fmouredev,pendiente,,,,,,,
Mapa_Javascript.html:u5s1:practica:4,Mapa_Javascript.html,UNIDAD·05 · Buenas Prácticas y Ecosistema Moderno,u5s1 · Módulos ES6 (import/export),Práctica,practica,"Marijn Haverbeke · Un robot modular, Cap. 10",pp. 194-195,INTERMEDIO,,https://www.google.com/search?q=Marijn%20Haverbeke%20%C2%B7%20Un%20robot%20modular%2C%20Cap.%2010%20pp.%20194-195,pendiente,,,,,,,
Mapa_Javascript.html:u5s2:videos:0,Mapa_Javascript.html,UNIDAD·05 · Buenas Prácticas y Ecosistema Moderno,u5s2 · Manejo de JSON y almacenamiento local,Videos,video,Curso de JavaScript desde cero: JSON y Almacenamiento Local,MoureDev por Brais Moure,,,https://www.youtube.com/results?search_query=Curso%20de%20JavaScript%20desde%20cero%3A%20JSON%20y%20Almacenamiento%20Local%20MoureDev%20por%20Brais%20Moure,pendiente,,,,,,,
Mapa_Javascript.html:u5s2:videos:1,Mapa_Javascript.html,UNIDAD·05 · Buenas Prácticas y Ecosistema Moderno,u5s2 · Manejo de JSON y almacenamiento local,Videos,video,Curso JavaScript: 59. JSON (JavaScript Object Notation),Jon Mircha,,,https://www.youtube.com/results?search_query=Curso%20JavaScript%3A%2059.%20JSON%20(JavaScript%20Object%20Notation)%20Jon%20Mircha,pendiente,,,,,,,
Mapa_Javascript.html:u5s2:videos:2,Mapa_Javascript.html,UNIDAD·05 · Buenas Prácticas y Ecosistema Moderno,u5s2 · Manejo de JSON y almacenamiento local,Videos,video,Aprende LocalStorage y SessionStorage en JavaScript,Carlos Azaustre - AprendiendoDEV,,,https://www.youtube.com/results?search_query=Aprende%20LocalStorage%20y%20SessionStorage%20en%20JavaScript%20Carlos%20Azaustre%20-%20AprendiendoDEV,pendiente,,,,,,,
Mapa_Javascript.html:u5s2:videos:3,Mapa_Javascript.html,UNIDAD·05 · Buenas Prácticas y Ecosistema Moderno,u5s2 · Manejo de JSON y almacenamiento local,Videos,video,Manejo de JSON y LocalStorage en JavaScript,midudev,,,https://www.youtube.com/results?search_query=Manejo%20de%20JSON%20y%20LocalStorage%20en%20JavaScript%20midudev,pendiente,,,,,,,
Mapa_Javascript.html:u5s2:videos:4,Mapa_Javascript.html,UNIDAD·05 · Buenas Prácticas y Ecosistema Moderno,u5s2 · Manejo de JSON y almacenamiento local,Videos,video,LocalStorage y JSON Parse/Stringify en JavaScript Práctico,Fazt,,,https://www.youtube.com/results?search_query=LocalStorage%20y%20JSON%20Parse%2FStringify%20en%20JavaScript%20Pr%C3%A1ctico%20Fazt,pendiente,,,,,,,
Mapa_Javascript.html:u5s2:biblio:0,Mapa_Javascript.html,UNIDAD·05 · Buenas Prácticas y Ecosistema Moderno,u5s2 · Manejo de JSON y almacenamiento local,Bibliografía,libro,Ilya Kantor,El Tutorial de JavaScript Moderno,"Parte 3, Cap. 2: LocalStorage, sessionStorage",,https://www.google.com/search?q=Ilya%20Kantor,pendiente,,,,,,,
Mapa_Javascript.html:u5s2:biblio:1,Mapa_Javascript.html,UNIDAD·05 · Buenas Prácticas y Ecosistema Moderno,u5s2 · Manejo de JSON y almacenamiento local,Bibliografía,libro,Jon Mircha,Notas sobre JSON,Estructura y sintaxis,,https://www.google.com/search?q=Jon%20Mircha,pendiente,,,,,,,
Mapa_Javascript.html:u5s2:biblio:2,Mapa_Javascript.html,UNIDAD·05 · Buenas Prácticas y Ecosistema Moderno,u5s2 · Manejo de JSON y almacenamiento local,Bibliografía,libro,Marijn Haverbeke,JavaScript Elocuente (4.ª ed.),Cap. 18: Formularios y Almacenamiento,,https://www.google.com/search?q=Marijn%20Haverbeke,pendiente,,,,,,,
Mapa_Javascript.html:u5s2:biblio:3,Mapa_Javascript.html,UNIDAD·05 · Buenas Prácticas y Ecosistema Moderno,u5s2 · Manejo de JSON y almacenamiento local,Bibliografía,libro,ManzDev,LenguajeJS,Sección 10: JSON y Web Storage API,,https://www.google.com/search?q=ManzDev,pendiente,,,,,,,
Mapa_Javascript.html:u5s2:biblio:4,Mapa_Javascript.html,UNIDAD·05 · Buenas Prácticas y Ecosistema Moderno,u5s2 · Manejo de JSON y almacenamiento local,Bibliografía,libro,Mozilla Developer Network,Guía de la Web Storage API,LocalStorage y JSON,,https://www.google.com/search?q=Mozilla%20Developer%20Network,pendiente,,,,,,,
Mapa_Javascript.html:u5s2:practica:0,Mapa_Javascript.html,UNIDAD·05 · Buenas Prácticas y Ecosistema Moderno,u5s2 · Manejo de JSON y almacenamiento local,Práctica,practica,Persistencia de datos de To-Do List en LocalStorage,MoureDev por Brais Moure,BÁSICO,,https://www.google.com/search?q=Persistencia%20de%20datos%20de%20To-Do%20List%20en%20LocalStorage%20MoureDev%20por%20Brais%20Moure,pendiente,,,,,,,
Mapa_Javascript.html:u5s2:practica:1,Mapa_Javascript.html,UNIDAD·05 · Buenas Prácticas y Ecosistema Moderno,u5s2 · Manejo de JSON y almacenamiento local,Práctica,practica,freeCodeCamp · JavaScript Algorithms → LocalStorage Basics,freeCodeCamp.org,BÁSICO,,https://www.google.com/search?q=freeCodeCamp%20%C2%B7%20JavaScript%20Algorithms%20%E2%86%92%20LocalStorage%20Basics%20freeCodeCamp.org,pendiente,,,,,,,
Mapa_Javascript.html:u5s2:practica:2,Mapa_Javascript.html,UNIDAD·05 · Buenas Prácticas y Ecosistema Moderno,u5s2 · Manejo de JSON y almacenamiento local,Práctica,practica,aprendejavascript.dev · Sección: JSON y Almacenamiento Local,aprendejavascript.dev,BÁSICO,,https://www.google.com/search?q=aprendejavascript.dev%20%C2%B7%20Secci%C3%B3n%3A%20JSON%20y%20Almacenamiento%20Local%20aprendejavascript.dev,pendiente,,,,,,,
Mapa_Javascript.html:u5s2:practica:3,Mapa_Javascript.html,UNIDAD·05 · Buenas Prácticas y Ecosistema Moderno,u5s2 · Manejo de JSON y almacenamiento local,Práctica,practica,GitHub (mouredev/hello-javascript) · JSON.stringify y JSON.parse,github.com/mouredev,BÁSICO,,https://www.google.com/search?q=GitHub%20(mouredev%2Fhello-javascript)%20%C2%B7%20JSON.stringify%20y%20JSON.parse%20github.com%2Fmouredev,pendiente,,,,,,,
Mapa_Javascript.html:u5s2:practica:4,Mapa_Javascript.html,UNIDAD·05 · Buenas Prácticas y Ecosistema Moderno,u5s2 · Manejo de JSON y almacenamiento local,Práctica,practica,"Ilya Kantor · Guardar campo de formulario, sección Web Storage",pp. 56-58,BÁSICO,,https://www.google.com/search?q=Ilya%20Kantor%20%C2%B7%20Guardar%20campo%20de%20formulario%2C%20secci%C3%B3n%20Web%20Storage%20pp.%2056-58,pendiente,,,,,,,
Mapa_Javascript.html:u5s3:videos:0,Mapa_Javascript.html,UNIDAD·05 · Buenas Prácticas y Ecosistema Moderno,u5s3 · Introducción a Node.js,Videos,video,Curso de JavaScript desde cero: Módulo Node.js y Entornos de Ejecución,MoureDev por Brais Moure,,,https://www.youtube.com/results?search_query=Curso%20de%20JavaScript%20desde%20cero%3A%20M%C3%B3dulo%20Node.js%20y%20Entornos%20de%20Ejecuci%C3%B3n%20MoureDev%20por%20Brais%20Moure,pendiente,,,,,,,
Mapa_Javascript.html:u5s3:videos:1,Mapa_Javascript.html,UNIDAD·05 · Buenas Prácticas y Ecosistema Moderno,u5s3 · Introducción a Node.js,Videos,video,Aprende Node.js desde Cero: Curso Completo,midudev,,,https://www.youtube.com/results?search_query=Aprende%20Node.js%20desde%20Cero%3A%20Curso%20Completo%20midudev,pendiente,,,,,,,
Mapa_Javascript.html:u5s3:videos:2,Mapa_Javascript.html,UNIDAD·05 · Buenas Prácticas y Ecosistema Moderno,u5s3 · Introducción a Node.js,Videos,video,Curso de Node.js y Express desde Cero para Principiantes,Carlos Azaustre - AprendiendoDEV,,,https://www.youtube.com/results?search_query=Curso%20de%20Node.js%20y%20Express%20desde%20Cero%20para%20Principiantes%20Carlos%20Azaustre%20-%20AprendiendoDEV,pendiente,,,,,,,
Mapa_Javascript.html:u5s3:videos:3,Mapa_Javascript.html,UNIDAD·05 · Buenas Prácticas y Ecosistema Moderno,u5s3 · Introducción a Node.js,Videos,video,Nodejs Curso Práctico desde Cero,Fazt,,,https://www.youtube.com/results?search_query=Nodejs%20Curso%20Pr%C3%A1ctico%20desde%20Cero%20Fazt,pendiente,,,,,,,
Mapa_Javascript.html:u5s3:videos:4,Mapa_Javascript.html,UNIDAD·05 · Buenas Prácticas y Ecosistema Moderno,u5s3 · Introducción a Node.js,Videos,video,Curso JavaScript: 105. Introducción a Node.js,Jon Mircha,,,https://www.youtube.com/results?search_query=Curso%20JavaScript%3A%20105.%20Introducci%C3%B3n%20a%20Node.js%20Jon%20Mircha,pendiente,,,,,,,
Mapa_Javascript.html:u5s3:biblio:0,Mapa_Javascript.html,UNIDAD·05 · Buenas Prácticas y Ecosistema Moderno,u5s3 · Introducción a Node.js,Bibliografía,libro,Marijn Haverbeke,JavaScript Elocuente (4.ª ed.),Cap. 20: Node.js,,https://www.google.com/search?q=Marijn%20Haverbeke,pendiente,,,,,,,
Mapa_Javascript.html:u5s3:biblio:1,Mapa_Javascript.html,UNIDAD·05 · Buenas Prácticas y Ecosistema Moderno,u5s3 · Introducción a Node.js,Bibliografía,libro,Ilya Kantor,El Tutorial de JavaScript Moderno,"Parte 1, Cap. 1: Entornos Node.js",,https://www.google.com/search?q=Ilya%20Kantor,pendiente,,,,,,,
Mapa_Javascript.html:u5s3:biblio:2,Mapa_Javascript.html,UNIDAD·05 · Buenas Prácticas y Ecosistema Moderno,u5s3 · Introducción a Node.js,Bibliografía,libro,Documentación Oficial de Node.js,Guía de Inicio,Node.js y NPM,,https://www.google.com/search?q=Documentaci%C3%B3n%20Oficial%20de%20Node.js,pendiente,,,,,,,
Mapa_Javascript.html:u5s3:biblio:3,Mapa_Javascript.html,UNIDAD·05 · Buenas Prácticas y Ecosistema Moderno,u5s3 · Introducción a Node.js,Bibliografía,libro,ManzDev,LenguajeJS,"Sección 5: Node.js, NPM y Scripts",,https://www.google.com/search?q=ManzDev,pendiente,,,,,,,
Mapa_Javascript.html:u5s3:biblio:4,Mapa_Javascript.html,UNIDAD·05 · Buenas Prácticas y Ecosistema Moderno,u5s3 · Introducción a Node.js,Bibliografía,libro,Alfredo Moreno y Mario Rubio,Aprende JavaScript en un fin de semana,Objetivo 3: NodeJS,,https://www.google.com/search?q=Alfredo%20Moreno%20y%20Mario%20Rubio,pendiente,,,,,,,
Mapa_Javascript.html:u5s3:practica:0,Mapa_Javascript.html,UNIDAD·05 · Buenas Prácticas y Ecosistema Moderno,u5s3 · Introducción a Node.js,Práctica,practica,Creación de un script CLI con Node.js y manejo de paquetes con NPM,midudev,INTERMEDIO,,https://www.google.com/search?q=Creaci%C3%B3n%20de%20un%20script%20CLI%20con%20Node.js%20y%20manejo%20de%20paquetes%20con%20NPM%20midudev,pendiente,,,,,,,
Mapa_Javascript.html:u5s3:practica:1,Mapa_Javascript.html,UNIDAD·05 · Buenas Prácticas y Ecosistema Moderno,u5s3 · Introducción a Node.js,Práctica,practica,Exercism · JavaScript Track → Ejercicios de ejecución en Node.js,exercism.org,BÁSICO,,https://www.google.com/search?q=Exercism%20%C2%B7%20JavaScript%20Track%20%E2%86%92%20Ejercicios%20de%20ejecuci%C3%B3n%20en%20Node.js%20exercism.org,pendiente,,,,,,,
Mapa_Javascript.html:u5s3:practica:2,Mapa_Javascript.html,UNIDAD·05 · Buenas Prácticas y Ecosistema Moderno,u5s3 · Introducción a Node.js,Práctica,practica,freeCodeCamp · Managing Packages con npm,freeCodeCamp.org,BÁSICO,,https://www.google.com/search?q=freeCodeCamp%20%C2%B7%20Managing%20Packages%20con%20npm%20freeCodeCamp.org,pendiente,,,,,,,
Mapa_Javascript.html:u5s3:practica:3,Mapa_Javascript.html,UNIDAD·05 · Buenas Prácticas y Ecosistema Moderno,u5s3 · Introducción a Node.js,Práctica,practica,GitHub (mouredev/hello-javascript) · Node.js y package.json,github.com/mouredev,BÁSICO,,https://www.google.com/search?q=GitHub%20(mouredev%2Fhello-javascript)%20%C2%B7%20Node.js%20y%20package.json%20github.com%2Fmouredev,pendiente,,,,,,,
Mapa_Javascript.html:u5s3:practica:4,Mapa_Javascript.html,UNIDAD·05 · Buenas Prácticas y Ecosistema Moderno,u5s3 · Introducción a Node.js,Práctica,practica,"Marijn Haverbeke · Una herramienta de búsqueda (Grep), Cap. 20",pp. 383-385,INTERMEDIO,,https://www.google.com/search?q=Marijn%20Haverbeke%20%C2%B7%20Una%20herramienta%20de%20b%C3%BAsqueda%20(Grep)%2C%20Cap.%2020%20pp.%20383-385,pendiente,,,,,,,
Mapa_Javascript.html:u5s4:videos:0,Mapa_Javascript.html,UNIDAD·05 · Buenas Prácticas y Ecosistema Moderno,u5s4 · Uso de Git y control de versiones,Videos,video,Git y GitHub desde cero,MoureDev por Brais Moure,,,https://www.youtube.com/results?search_query=Git%20y%20GitHub%20desde%20cero%20MoureDev%20por%20Brais%20Moure,pendiente,,,,,,,
Mapa_Javascript.html:u5s4:videos:1,Mapa_Javascript.html,UNIDAD·05 · Buenas Prácticas y Ecosistema Moderno,u5s4 · Uso de Git y control de versiones,Videos,video,Curso de Git y GitHub desde Cero,midudev,,,https://www.youtube.com/results?search_query=Curso%20de%20Git%20y%20GitHub%20desde%20Cero%20midudev,pendiente,,,,,,,
Mapa_Javascript.html:u5s4:videos:2,Mapa_Javascript.html,UNIDAD·05 · Buenas Prácticas y Ecosistema Moderno,u5s4 · Uso de Git y control de versiones,Videos,video,Curso de Git y GitHub desde Cero,Soy Dalto,,,https://www.youtube.com/results?search_query=Curso%20de%20Git%20y%20GitHub%20desde%20Cero%20Soy%20Dalto,pendiente,,,,,,,
Mapa_Javascript.html:u5s4:videos:3,Mapa_Javascript.html,UNIDAD·05 · Buenas Prácticas y Ecosistema Moderno,u5s4 · Uso de Git y control de versiones,Videos,video,Aprende Git y GitHub desde Cero (Tutorial paso a paso),Carlos Azaustre - AprendiendoDEV,,,https://www.youtube.com/results?search_query=Aprende%20Git%20y%20GitHub%20desde%20Cero%20(Tutorial%20paso%20a%20paso)%20Carlos%20Azaustre%20-%20AprendiendoDEV,pendiente,,,,,,,
Mapa_Javascript.html:u5s4:videos:4,Mapa_Javascript.html,UNIDAD·05 · Buenas Prácticas y Ecosistema Moderno,u5s4 · Uso de Git y control de versiones,Videos,video,Aprende Git y GitHub desde cero,MoureDev TV,,,https://www.youtube.com/results?search_query=Aprende%20Git%20y%20GitHub%20desde%20cero%20MoureDev%20TV,pendiente,,,,,,,
Mapa_Javascript.html:u5s4:biblio:0,Mapa_Javascript.html,UNIDAD·05 · Buenas Prácticas y Ecosistema Moderno,u5s4 · Uso de Git y control de versiones,Bibliografía,libro,Brais Moure,Git & GitHub desde cero,Capítulos 1 al 4,,https://www.google.com/search?q=Brais%20Moure,pendiente,,,,,,,
Mapa_Javascript.html:u5s4:biblio:1,Mapa_Javascript.html,UNIDAD·05 · Buenas Prácticas y Ecosistema Moderno,u5s4 · Uso de Git y control de versiones,Bibliografía,libro,Scott Chacon y Ben Straub,Pro Git (2.ª edición),Cap. 1: Inicio / Cap. 2: Fundamentos,,https://www.google.com/search?q=Scott%20Chacon%20y%20Ben%20Straub,pendiente,,,,,,,
Mapa_Javascript.html:u5s4:biblio:2,Mapa_Javascript.html,UNIDAD·05 · Buenas Prácticas y Ecosistema Moderno,u5s4 · Uso de Git y control de versiones,Bibliografía,libro,Ilya Kantor,El Tutorial de JavaScript Moderno,"Parte 1, Cap. 3: Control de Versiones",,https://www.google.com/search?q=Ilya%20Kantor,pendiente,,,,,,,
Mapa_Javascript.html:u5s4:biblio:3,Mapa_Javascript.html,UNIDAD·05 · Buenas Prácticas y Ecosistema Moderno,u5s4 · Uso de Git y control de versiones,Bibliografía,libro,ManzDev,LenguajeJS,Sección 5: Integración Continua y Git,,https://www.google.com/search?q=ManzDev,pendiente,,,,,,,
Mapa_Javascript.html:u5s4:biblio:4,Mapa_Javascript.html,UNIDAD·05 · Buenas Prácticas y Ecosistema Moderno,u5s4 · Uso de Git y control de versiones,Bibliografía,libro,Documentación Oficial de GitHub,Guías de aprendizaje,GitHub Docs,,https://www.google.com/search?q=Documentaci%C3%B3n%20Oficial%20de%20GitHub,pendiente,,,,,,,
Mapa_Javascript.html:u5s4:practica:0,Mapa_Javascript.html,UNIDAD·05 · Buenas Prácticas y Ecosistema Moderno,u5s4 · Uso de Git y control de versiones,Práctica,practica,Aprende Git y GitHub: Ejercicios reales de comandos y flujos (Lecciones 1-20),MoureDev por Brais Moure,BÁSICO,,https://www.google.com/search?q=Aprende%20Git%20y%20GitHub%3A%20Ejercicios%20reales%20de%20comandos%20y%20flujos%20(Lecciones%201-20)%20MoureDev%20por%20Brais%20Moure,pendiente,,,,,,,
Mapa_Javascript.html:u5s4:practica:1,Mapa_Javascript.html,UNIDAD·05 · Buenas Prácticas y Ecosistema Moderno,u5s4 · Uso de Git y control de versiones,Práctica,practica,Learn Git Branching · Juego interactivo en línea,learngitbranching.js.org,BÁSICO,,https://www.google.com/search?q=Learn%20Git%20Branching%20%C2%B7%20Juego%20interactivo%20en%20l%C3%ADnea%20learngitbranching.js.org,pendiente,,,,,,,
Mapa_Javascript.html:u5s4:practica:2,Mapa_Javascript.html,UNIDAD·05 · Buenas Prácticas y Ecosistema Moderno,u5s4 · Uso de Git y control de versiones,Práctica,practica,GitHub (mouredev/hello-git) · Pull Request y flujo colaborativo (lección 36),github.com/mouredev,BÁSICO,,https://www.google.com/search?q=GitHub%20(mouredev%2Fhello-git)%20%C2%B7%20Pull%20Request%20y%20flujo%20colaborativo%20(lecci%C3%B3n%2036)%20github.com%2Fmouredev,pendiente,,,,,,,
Mapa_Javascript.html:u5s4:practica:3,Mapa_Javascript.html,UNIDAD·05 · Buenas Prácticas y Ecosistema Moderno,u5s4 · Uso de Git y control de versiones,Práctica,practica,freeCodeCamp · Developer Pass → Git and GitHub Basics,freeCodeCamp.org,BÁSICO,,https://www.google.com/search?q=freeCodeCamp%20%C2%B7%20Developer%20Pass%20%E2%86%92%20Git%20and%20GitHub%20Basics%20freeCodeCamp.org,pendiente,,,,,,,
Mapa_Javascript.html:u5s4:practica:4,Mapa_Javascript.html,UNIDAD·05 · Buenas Prácticas y Ecosistema Moderno,u5s4 · Uso de Git y control de versiones,Práctica,practica,"Brais Moure · Primeros commits / Resolución de conflictos, Cap. 2 y 3","pp. 70-72, 110-115",BÁSICO,,https://www.google.com/search?q=Brais%20Moure%20%C2%B7%20Primeros%20commits%20%2F%20Resoluci%C3%B3n%20de%20conflictos%2C%20Cap.%202%20y%203%20pp.%2070-72%2C%20110-115,pendiente,,,,,,,
Mapa_Mate_superior.html:1.1:videos:0,Mapa_Mate_superior.html,"Funciones, Polinomiales y Racionales",1.1 · 1.1 Dominio y Rango,Videos,video,Dominio y rango de una función,Profe Alex,,,https://www.youtube.com/results?search_query=Dominio%20y%20rango%20de%20una%20funci%C3%B3n%20Profe%20Alex,pendiente,,,,,,,
Mapa_Mate_superior.html:1.1:videos:1,Mapa_Mate_superior.html,"Funciones, Polinomiales y Racionales",1.1 · 1.1 Dominio y Rango,Videos,video,Dominio de funciones analíticas,Julio Profe,,,https://www.youtube.com/results?search_query=Dominio%20de%20funciones%20anal%C3%ADticas%20Julio%20Profe,pendiente,,,,,,,
Mapa_Mate_superior.html:1.1:videos:2,Mapa_Mate_superior.html,"Funciones, Polinomiales y Racionales",1.1 · 1.1 Dominio y Rango,Videos,video,Dominio y rango de una función,Khan Academy en Español,,,https://www.youtube.com/results?search_query=Dominio%20y%20rango%20de%20una%20funci%C3%B3n%20Khan%20Academy%20en%20Espa%C3%B1ol,pendiente,,,,,,,
Mapa_Mate_superior.html:1.1:videos:3,Mapa_Mate_superior.html,"Funciones, Polinomiales y Racionales",1.1 · 1.1 Dominio y Rango,Videos,video,Dominio y rango (funciones racionales y radicales),Unicoos,,,https://www.youtube.com/results?search_query=Dominio%20y%20rango%20(funciones%20racionales%20y%20radicales)%20Unicoos,pendiente,,,,,,,
Mapa_Mate_superior.html:1.1:biblio:0,Mapa_Mate_superior.html,"Funciones, Polinomiales y Racionales",1.1 · 1.1 Dominio y Rango,Bibliografía,libro,Precálculo 2ed,OpenStax,pp. 60-75,,https://www.google.com/search?q=Prec%C3%A1lculo%202ed%20OpenStax,pendiente,,,,,,,
Mapa_Mate_superior.html:1.1:biblio:1,Mapa_Mate_superior.html,"Funciones, Polinomiales y Racionales",1.1 · 1.1 Dominio y Rango,Bibliografía,libro,Álgebra y Trigonometría,OpenStax,pp. 315-328,,https://www.google.com/search?q=%C3%81lgebra%20y%20Trigonometr%C3%ADa%20OpenStax,pendiente,,,,,,,
Mapa_Mate_superior.html:1.1:biblio:2,Mapa_Mate_superior.html,"Funciones, Polinomiales y Racionales",1.1 · 1.1 Dominio y Rango,Bibliografía,libro,Matemáticas Precálculo,LibreTexts,pp. 12-28,,https://www.google.com/search?q=Matem%C3%A1ticas%20Prec%C3%A1lculo%20LibreTexts,pendiente,,,,,,,
Mapa_Mate_superior.html:1.1:biblio:3,Mapa_Mate_superior.html,"Funciones, Polinomiales y Racionales",1.1 · 1.1 Dominio y Rango,Bibliografía,libro,Precálculo 2ed,OpenStax,pp. 45-59,,https://www.google.com/search?q=Prec%C3%A1lculo%202ed%20OpenStax,pendiente,,,,,,,
Mapa_Mate_superior.html:1.1:practica:0,Mapa_Mate_superior.html,"Funciones, Polinomiales y Racionales",1.1 · 1.1 Dominio y Rango,Práctica,practica,,,,,https://www.google.com/search?q=,pendiente,,,,,,,
Mapa_Mate_superior.html:1.1:practica:1,Mapa_Mate_superior.html,"Funciones, Polinomiales y Racionales",1.1 · 1.1 Dominio y Rango,Práctica,practica,,,,,https://www.google.com/search?q=,pendiente,,,,,,,
Mapa_Mate_superior.html:1.1:practica:2,Mapa_Mate_superior.html,"Funciones, Polinomiales y Racionales",1.1 · 1.1 Dominio y Rango,Práctica,practica,,,,,https://www.google.com/search?q=,pendiente,,,,,,,
Mapa_Mate_superior.html:1.1:practica:3,Mapa_Mate_superior.html,"Funciones, Polinomiales y Racionales",1.1 · 1.1 Dominio y Rango,Práctica,practica,,,,,https://www.google.com/search?q=,pendiente,,,,,,,
Mapa_Mate_superior.html:1.2:videos:0,Mapa_Mate_superior.html,"Funciones, Polinomiales y Racionales",1.2 · 1.2 Gráfica de Funciones,Videos,video,Reconocer gráficas de funciones,Khan Academy en Español,,,https://www.youtube.com/results?search_query=Reconocer%20gr%C3%A1ficas%20de%20funciones%20Khan%20Academy%20en%20Espa%C3%B1ol,pendiente,,,,,,,
Mapa_Mate_superior.html:1.2:videos:1,Mapa_Mate_superior.html,"Funciones, Polinomiales y Racionales",1.2 · 1.2 Gráfica de Funciones,Videos,video,Trazado de gráficas y transformaciones,Unicoos,,,https://www.youtube.com/results?search_query=Trazado%20de%20gr%C3%A1ficas%20y%20transformaciones%20Unicoos,pendiente,,,,,,,
Mapa_Mate_superior.html:1.2:videos:2,Mapa_Mate_superior.html,"Funciones, Polinomiales y Racionales",1.2 · 1.2 Gráfica de Funciones,Videos,video,Transformaciones de funciones,Profe Alex,,,https://www.youtube.com/results?search_query=Transformaciones%20de%20funciones%20Profe%20Alex,pendiente,,,,,,,
Mapa_Mate_superior.html:1.2:videos:3,Mapa_Mate_superior.html,"Funciones, Polinomiales y Racionales",1.2 · 1.2 Gráfica de Funciones,Videos,video,Gráficas de funciones elementales,Julio Profe,,,https://www.youtube.com/results?search_query=Gr%C3%A1ficas%20de%20funciones%20elementales%20Julio%20Profe,pendiente,,,,,,,
Mapa_Mate_superior.html:1.2:biblio:0,Mapa_Mate_superior.html,"Funciones, Polinomiales y Racionales",1.2 · 1.2 Gráfica de Funciones,Bibliografía,libro,Precálculo 2ed,OpenStax,pp. 89-105,,https://www.google.com/search?q=Prec%C3%A1lculo%202ed%20OpenStax,pendiente,,,,,,,
Mapa_Mate_superior.html:1.2:biblio:1,Mapa_Mate_superior.html,"Funciones, Polinomiales y Racionales",1.2 · 1.2 Gráfica de Funciones,Bibliografía,libro,Álgebra y Trigonometría,OpenStax,pp. 380-395,,https://www.google.com/search?q=%C3%81lgebra%20y%20Trigonometr%C3%ADa%20OpenStax,pendiente,,,,,,,
Mapa_Mate_superior.html:1.2:biblio:2,Mapa_Mate_superior.html,"Funciones, Polinomiales y Racionales",1.2 · 1.2 Gráfica de Funciones,Bibliografía,libro,Libro de Precálculo,LibreTexts,pp. 45-60,,https://www.google.com/search?q=Libro%20de%20Prec%C3%A1lculo%20LibreTexts,pendiente,,,,,,,
Mapa_Mate_superior.html:1.2:biblio:3,Mapa_Mate_superior.html,"Funciones, Polinomiales y Racionales",1.2 · 1.2 Gráfica de Funciones,Bibliografía,libro,Precálculo 2ed,OpenStax,pp. 76-88,,https://www.google.com/search?q=Prec%C3%A1lculo%202ed%20OpenStax,pendiente,,,,,,,
Mapa_Mate_superior.html:1.2:practica:0,Mapa_Mate_superior.html,"Funciones, Polinomiales y Racionales",1.2 · 1.2 Gráfica de Funciones,Práctica,practica,,,,,https://www.google.com/search?q=,pendiente,,,,,,,
Mapa_Mate_superior.html:1.2:practica:1,Mapa_Mate_superior.html,"Funciones, Polinomiales y Racionales",1.2 · 1.2 Gráfica de Funciones,Práctica,practica,,,,,https://www.google.com/search?q=,pendiente,,,,,,,
Mapa_Mate_superior.html:1.2:practica:2,Mapa_Mate_superior.html,"Funciones, Polinomiales y Racionales",1.2 · 1.2 Gráfica de Funciones,Práctica,practica,,,,,https://www.google.com/search?q=,pendiente,,,,,,,
Mapa_Mate_superior.html:1.2:practica:3,Mapa_Mate_superior.html,"Funciones, Polinomiales y Racionales",1.2 · 1.2 Gráfica de Funciones,Práctica,practica,,,,,https://www.google.com/search?q=,pendiente,,,,,,,
Mapa_Mate_superior.html:1.3:videos:0,Mapa_Mate_superior.html,"Funciones, Polinomiales y Racionales",1.3 · 1.3 Tipos de Funciones,Videos,video,Clasificación de funciones,Profe Alex,,,https://www.youtube.com/results?search_query=Clasificaci%C3%B3n%20de%20funciones%20Profe%20Alex,pendiente,,,,,,,
Mapa_Mate_superior.html:1.3:videos:1,Mapa_Mate_superior.html,"Funciones, Polinomiales y Racionales",1.3 · 1.3 Tipos de Funciones,Videos,video,Funciones inyectivas y sobreyectivas,Julio Profe,,,https://www.youtube.com/results?search_query=Funciones%20inyectivas%20y%20sobreyectivas%20Julio%20Profe,pendiente,,,,,,,
Mapa_Mate_superior.html:1.3:videos:2,Mapa_Mate_superior.html,"Funciones, Polinomiales y Racionales",1.3 · 1.3 Tipos de Funciones,Videos,video,Tipos de funciones y sus gráficas,Unicoos,,,https://www.youtube.com/results?search_query=Tipos%20de%20funciones%20y%20sus%20gr%C3%A1ficas%20Unicoos,pendiente,,,,,,,
Mapa_Mate_superior.html:1.3:videos:3,Mapa_Mate_superior.html,"Funciones, Polinomiales y Racionales",1.3 · 1.3 Tipos de Funciones,Videos,video,Relaciones y funciones,Khan Academy en Español,,,https://www.youtube.com/results?search_query=Relaciones%20y%20funciones%20Khan%20Academy%20en%20Espa%C3%B1ol,pendiente,,,,,,,
Mapa_Mate_superior.html:1.3:biblio:0,Mapa_Mate_superior.html,"Funciones, Polinomiales y Racionales",1.3 · 1.3 Tipos de Funciones,Bibliografía,libro,Precálculo 2ed,OpenStax,pp. 45-59,,https://www.google.com/search?q=Prec%C3%A1lculo%202ed%20OpenStax,pendiente,,,,,,,
Mapa_Mate_superior.html:1.3:biblio:1,Mapa_Mate_superior.html,"Funciones, Polinomiales y Racionales",1.3 · 1.3 Tipos de Funciones,Bibliografía,libro,Álgebra y Trigonometría,OpenStax,pp. 340-355,,https://www.google.com/search?q=%C3%81lgebra%20y%20Trigonometr%C3%ADa%20OpenStax,pendiente,,,,,,,
Mapa_Mate_superior.html:1.3:biblio:2,Mapa_Mate_superior.html,"Funciones, Polinomiales y Racionales",1.3 · 1.3 Tipos de Funciones,Bibliografía,libro,Precálculo,LibreTexts,pp. 5-15,,https://www.google.com/search?q=Prec%C3%A1lculo%20LibreTexts,pendiente,,,,,,,
Mapa_Mate_superior.html:1.3:biblio:3,Mapa_Mate_superior.html,"Funciones, Polinomiales y Racionales",1.3 · 1.3 Tipos de Funciones,Bibliografía,libro,College Algebra,OpenStax,pp. 390-405,,https://www.google.com/search?q=College%20Algebra%20OpenStax,pendiente,,,,,,,
Mapa_Mate_superior.html:1.3:practica:0,Mapa_Mate_superior.html,"Funciones, Polinomiales y Racionales",1.3 · 1.3 Tipos de Funciones,Práctica,practica,,,,,https://www.google.com/search?q=,pendiente,,,,,,,
Mapa_Mate_superior.html:1.3:practica:1,Mapa_Mate_superior.html,"Funciones, Polinomiales y Racionales",1.3 · 1.3 Tipos de Funciones,Práctica,practica,,,,,https://www.google.com/search?q=,pendiente,,,,,,,
Mapa_Mate_superior.html:1.3:practica:2,Mapa_Mate_superior.html,"Funciones, Polinomiales y Racionales",1.3 · 1.3 Tipos de Funciones,Práctica,practica,,,,,https://www.google.com/search?q=,pendiente,,,,,,,
Mapa_Mate_superior.html:1.3:practica:3,Mapa_Mate_superior.html,"Funciones, Polinomiales y Racionales",1.3 · 1.3 Tipos de Funciones,Práctica,practica,,,,,https://www.google.com/search?q=,pendiente,,,,,,,
Mapa_Mate_superior.html:1.4:videos:0,Mapa_Mate_superior.html,"Funciones, Polinomiales y Racionales",1.4 · 1.4 Funciones a Trozos,Videos,video,Gráfico de una función a trozos,Profe Alex,,,https://www.youtube.com/results?search_query=Gr%C3%A1fico%20de%20una%20funci%C3%B3n%20a%20trozos%20Profe%20Alex,pendiente,,,,,,,
Mapa_Mate_superior.html:1.4:videos:1,Mapa_Mate_superior.html,"Funciones, Polinomiales y Racionales",1.4 · 1.4 Funciones a Trozos,Videos,video,Funciones a trozos,Khan Academy en Español,,,https://www.youtube.com/results?search_query=Funciones%20a%20trozos%20Khan%20Academy%20en%20Espa%C3%B1ol,pendiente,,,,,,,
Mapa_Mate_superior.html:1.4:videos:2,Mapa_Mate_superior.html,"Funciones, Polinomiales y Racionales",1.4 · 1.4 Funciones a Trozos,Videos,video,Evaluar funciones definidas por partes,Julio Profe,,,https://www.youtube.com/results?search_query=Evaluar%20funciones%20definidas%20por%20partes%20Julio%20Profe,pendiente,,,,,,,
Mapa_Mate_superior.html:1.4:videos:3,Mapa_Mate_superior.html,"Funciones, Polinomiales y Racionales",1.4 · 1.4 Funciones a Trozos,Videos,video,Funciones a trozos y valor absoluto,Unicoos,,,https://www.youtube.com/results?search_query=Funciones%20a%20trozos%20y%20valor%20absoluto%20Unicoos,pendiente,,,,,,,
Mapa_Mate_superior.html:1.4:biblio:0,Mapa_Mate_superior.html,"Funciones, Polinomiales y Racionales",1.4 · 1.4 Funciones a Trozos,Bibliografía,libro,Precálculo 2ed,OpenStax,pp. 68-75,,https://www.google.com/search?q=Prec%C3%A1lculo%202ed%20OpenStax,pendiente,,,,,,,
Mapa_Mate_superior.html:1.4:biblio:1,Mapa_Mate_superior.html,"Funciones, Polinomiales y Racionales",1.4 · 1.4 Funciones a Trozos,Bibliografía,libro,College Algebra,OpenStax,pp. 300-315,,https://www.google.com/search?q=College%20Algebra%20OpenStax,pendiente,,,,,,,
Mapa_Mate_superior.html:1.4:biblio:2,Mapa_Mate_superior.html,"Funciones, Polinomiales y Racionales",1.4 · 1.4 Funciones a Trozos,Bibliografía,libro,Precálculo,LibreTexts,pp. 70-80,,https://www.google.com/search?q=Prec%C3%A1lculo%20LibreTexts,pendiente,,,,,,,
Mapa_Mate_superior.html:1.4:biblio:3,Mapa_Mate_superior.html,"Funciones, Polinomiales y Racionales",1.4 · 1.4 Funciones a Trozos,Bibliografía,libro,Álgebra y Trigonometría,OpenStax,pp. 330-340,,https://www.google.com/search?q=%C3%81lgebra%20y%20Trigonometr%C3%ADa%20OpenStax,pendiente,,,,,,,
Mapa_Mate_superior.html:1.4:practica:0,Mapa_Mate_superior.html,"Funciones, Polinomiales y Racionales",1.4 · 1.4 Funciones a Trozos,Práctica,practica,,,,,https://www.google.com/search?q=,pendiente,,,,,,,
Mapa_Mate_superior.html:1.4:practica:1,Mapa_Mate_superior.html,"Funciones, Polinomiales y Racionales",1.4 · 1.4 Funciones a Trozos,Práctica,practica,,,,,https://www.google.com/search?q=,pendiente,,,,,,,
Mapa_Mate_superior.html:1.4:practica:2,Mapa_Mate_superior.html,"Funciones, Polinomiales y Racionales",1.4 · 1.4 Funciones a Trozos,Práctica,practica,,,,,https://www.google.com/search?q=,pendiente,,,,,,,
Mapa_Mate_superior.html:1.4:practica:3,Mapa_Mate_superior.html,"Funciones, Polinomiales y Racionales",1.4 · 1.4 Funciones a Trozos,Práctica,practica,,,,,https://www.google.com/search?q=,pendiente,,,,,,,
Mapa_Mate_superior.html:1.5:videos:0,Mapa_Mate_superior.html,"Funciones, Polinomiales y Racionales",1.5 · 1.5 Álgebra y Composición de Funciones,Videos,video,Función compuesta e introducción,Profe Alex,,,https://www.youtube.com/results?search_query=Funci%C3%B3n%20compuesta%20e%20introducci%C3%B3n%20Profe%20Alex,pendiente,,,,,,,
Mapa_Mate_superior.html:1.5:videos:1,Mapa_Mate_superior.html,"Funciones, Polinomiales y Racionales",1.5 · 1.5 Álgebra y Composición de Funciones,Videos,video,Composición de funciones,Julio Profe,,,https://www.youtube.com/results?search_query=Composici%C3%B3n%20de%20funciones%20Julio%20Profe,pendiente,,,,,,,
Mapa_Mate_superior.html:1.5:videos:2,Mapa_Mate_superior.html,"Funciones, Polinomiales y Racionales",1.5 · 1.5 Álgebra y Composición de Funciones,Videos,video,Composición de funciones,Khan Academy en Español,,,https://www.youtube.com/results?search_query=Composici%C3%B3n%20de%20funciones%20Khan%20Academy%20en%20Espa%C3%B1ol,pendiente,,,,,,,
Mapa_Mate_superior.html:1.5:videos:3,Mapa_Mate_superior.html,"Funciones, Polinomiales y Racionales",1.5 · 1.5 Álgebra y Composición de Funciones,Videos,video,Operaciones con funciones,Unicoos,,,https://www.youtube.com/results?search_query=Operaciones%20con%20funciones%20Unicoos,pendiente,,,,,,,
Mapa_Mate_superior.html:1.5:biblio:0,Mapa_Mate_superior.html,"Funciones, Polinomiales y Racionales",1.5 · 1.5 Álgebra y Composición de Funciones,Bibliografía,libro,Precálculo 2ed,OpenStax,pp. 81-88,,https://www.google.com/search?q=Prec%C3%A1lculo%202ed%20OpenStax,pendiente,,,,,,,
Mapa_Mate_superior.html:1.5:biblio:1,Mapa_Mate_superior.html,"Funciones, Polinomiales y Racionales",1.5 · 1.5 Álgebra y Composición de Funciones,Bibliografía,libro,College Algebra,OpenStax,pp. 330-345,,https://www.google.com/search?q=College%20Algebra%20OpenStax,pendiente,,,,,,,
Mapa_Mate_superior.html:1.5:biblio:2,Mapa_Mate_superior.html,"Funciones, Polinomiales y Racionales",1.5 · 1.5 Álgebra y Composición de Funciones,Bibliografía,libro,Precálculo,LibreTexts,pp. 90-102,,https://www.google.com/search?q=Prec%C3%A1lculo%20LibreTexts,pendiente,,,,,,,
Mapa_Mate_superior.html:1.5:biblio:3,Mapa_Mate_superior.html,"Funciones, Polinomiales y Racionales",1.5 · 1.5 Álgebra y Composición de Funciones,Bibliografía,libro,Álgebra y Trigonometría,OpenStax,pp. 360-375,,https://www.google.com/search?q=%C3%81lgebra%20y%20Trigonometr%C3%ADa%20OpenStax,pendiente,,,,,,,
Mapa_Mate_superior.html:1.5:practica:0,Mapa_Mate_superior.html,"Funciones, Polinomiales y Racionales",1.5 · 1.5 Álgebra y Composición de Funciones,Práctica,practica,,,,,https://www.google.com/search?q=,pendiente,,,,,,,
Mapa_Mate_superior.html:1.5:practica:1,Mapa_Mate_superior.html,"Funciones, Polinomiales y Racionales",1.5 · 1.5 Álgebra y Composición de Funciones,Práctica,practica,,,,,https://www.google.com/search?q=,pendiente,,,,,,,
Mapa_Mate_superior.html:1.5:practica:2,Mapa_Mate_superior.html,"Funciones, Polinomiales y Racionales",1.5 · 1.5 Álgebra y Composición de Funciones,Práctica,practica,,,,,https://www.google.com/search?q=,pendiente,,,,,,,
Mapa_Mate_superior.html:1.5:practica:3,Mapa_Mate_superior.html,"Funciones, Polinomiales y Racionales",1.5 · 1.5 Álgebra y Composición de Funciones,Práctica,practica,,,,,https://www.google.com/search?q=,pendiente,,,,,,,
Mapa_Mate_superior.html:1.6:videos:0,Mapa_Mate_superior.html,"Funciones, Polinomiales y Racionales",1.6 · 1.6 Funciones Inversas,Videos,video,Introducción a funciones inversas,Khan Academy en Español,,,https://www.youtube.com/results?search_query=Introducci%C3%B3n%20a%20funciones%20inversas%20Khan%20Academy%20en%20Espa%C3%B1ol,pendiente,,,,,,,
Mapa_Mate_superior.html:1.6:videos:1,Mapa_Mate_superior.html,"Funciones, Polinomiales y Racionales",1.6 · 1.6 Funciones Inversas,Videos,video,Cálculo analítico de la inversa,Unicoos,,,https://www.youtube.com/results?search_query=C%C3%A1lculo%20anal%C3%ADtico%20de%20la%20inversa%20Unicoos,pendiente,,,,,,,
Mapa_Mate_superior.html:1.6:videos:2,Mapa_Mate_superior.html,"Funciones, Polinomiales y Racionales",1.6 · 1.6 Funciones Inversas,Videos,video,Funciones inversas,Profe Alex,,,https://www.youtube.com/results?search_query=Funciones%20inversas%20Profe%20Alex,pendiente,,,,,,,
Mapa_Mate_superior.html:1.6:videos:3,Mapa_Mate_superior.html,"Funciones, Polinomiales y Racionales",1.6 · 1.6 Funciones Inversas,Videos,video,Cómo hallar la función inversa,Julio Profe,,,https://www.youtube.com/results?search_query=C%C3%B3mo%20hallar%20la%20funci%C3%B3n%20inversa%20Julio%20Profe,pendiente,,,,,,,
Mapa_Mate_superior.html:1.6:biblio:0,Mapa_Mate_superior.html,"Funciones, Polinomiales y Racionales",1.6 · 1.6 Funciones Inversas,Bibliografía,libro,Precálculo 2ed,OpenStax,pp. 106-115,,https://www.google.com/search?q=Prec%C3%A1lculo%202ed%20OpenStax,pendiente,,,,,,,
Mapa_Mate_superior.html:1.6:biblio:1,Mapa_Mate_superior.html,"Funciones, Polinomiales y Racionales",1.6 · 1.6 Funciones Inversas,Bibliografía,libro,Álgebra y Trigonometría,OpenStax,pp. 390-405,,https://www.google.com/search?q=%C3%81lgebra%20y%20Trigonometr%C3%ADa%20OpenStax,pendiente,,,,,,,
Mapa_Mate_superior.html:1.6:biblio:2,Mapa_Mate_superior.html,"Funciones, Polinomiales y Racionales",1.6 · 1.6 Funciones Inversas,Bibliografía,libro,Precálculo,LibreTexts,pp. 110-125,,https://www.google.com/search?q=Prec%C3%A1lculo%20LibreTexts,pendiente,,,,,,,
Mapa_Mate_superior.html:1.6:biblio:3,Mapa_Mate_superior.html,"Funciones, Polinomiales y Racionales",1.6 · 1.6 Funciones Inversas,Bibliografía,libro,College Algebra,OpenStax,pp. 360-375,,https://www.google.com/search?q=College%20Algebra%20OpenStax,pendiente,,,,,,,
Mapa_Mate_superior.html:1.6:practica:0,Mapa_Mate_superior.html,"Funciones, Polinomiales y Racionales",1.6 · 1.6 Funciones Inversas,Práctica,practica,,,,,https://www.google.com/search?q=,pendiente,,,,,,,
Mapa_Mate_superior.html:1.6:practica:1,Mapa_Mate_superior.html,"Funciones, Polinomiales y Racionales",1.6 · 1.6 Funciones Inversas,Práctica,practica,,,,,https://www.google.com/search?q=,pendiente,,,,,,,
Mapa_Mate_superior.html:1.6:practica:2,Mapa_Mate_superior.html,"Funciones, Polinomiales y Racionales",1.6 · 1.6 Funciones Inversas,Práctica,practica,,,,,https://www.google.com/search?q=,pendiente,,,,,,,
Mapa_Mate_superior.html:1.6:practica:3,Mapa_Mate_superior.html,"Funciones, Polinomiales y Racionales",1.6 · 1.6 Funciones Inversas,Práctica,practica,,,,,https://www.google.com/search?q=,pendiente,,,,,,,
Mapa_Mate_superior.html:1.7:videos:0,Mapa_Mate_superior.html,"Funciones, Polinomiales y Racionales",1.7 · 1.7 Funciones Polinomiales,Videos,video,Funciones polinomiales y grado,Profe Alex,,,https://www.youtube.com/results?search_query=Funciones%20polinomiales%20y%20grado%20Profe%20Alex,pendiente,,,,,,,
Mapa_Mate_superior.html:1.7:videos:1,Mapa_Mate_superior.html,"Funciones, Polinomiales y Racionales",1.7 · 1.7 Funciones Polinomiales,Videos,video,Introducción a los polinomios,Julio Profe,,,https://www.youtube.com/results?search_query=Introducci%C3%B3n%20a%20los%20polinomios%20Julio%20Profe,pendiente,,,,,,,
Mapa_Mate_superior.html:1.7:videos:2,Mapa_Mate_superior.html,"Funciones, Polinomiales y Racionales",1.7 · 1.7 Funciones Polinomiales,Videos,video,Grado y comportamiento final,Khan Academy en Español,,,https://www.youtube.com/results?search_query=Grado%20y%20comportamiento%20final%20Khan%20Academy%20en%20Espa%C3%B1ol,pendiente,,,,,,,
Mapa_Mate_superior.html:1.7:videos:3,Mapa_Mate_superior.html,"Funciones, Polinomiales y Racionales",1.7 · 1.7 Funciones Polinomiales,Videos,video,Funciones polinomiales,Unicoos,,,https://www.youtube.com/results?search_query=Funciones%20polinomiales%20Unicoos,pendiente,,,,,,,
Mapa_Mate_superior.html:1.7:biblio:0,Mapa_Mate_superior.html,"Funciones, Polinomiales y Racionales",1.7 · 1.7 Funciones Polinomiales,Bibliografía,libro,Precálculo 2ed,OpenStax,pp. 180-195,,https://www.google.com/search?q=Prec%C3%A1lculo%202ed%20OpenStax,pendiente,,,,,,,
Mapa_Mate_superior.html:1.7:biblio:1,Mapa_Mate_superior.html,"Funciones, Polinomiales y Racionales",1.7 · 1.7 Funciones Polinomiales,Bibliografía,libro,Álgebra y Trigonometría,OpenStax,pp. 450-465,,https://www.google.com/search?q=%C3%81lgebra%20y%20Trigonometr%C3%ADa%20OpenStax,pendiente,,,,,,,
Mapa_Mate_superior.html:1.7:biblio:2,Mapa_Mate_superior.html,"Funciones, Polinomiales y Racionales",1.7 · 1.7 Funciones Polinomiales,Bibliografía,libro,Precálculo,LibreTexts,pp. 140-155,,https://www.google.com/search?q=Prec%C3%A1lculo%20LibreTexts,pendiente,,,,,,,
Mapa_Mate_superior.html:1.7:biblio:3,Mapa_Mate_superior.html,"Funciones, Polinomiales y Racionales",1.7 · 1.7 Funciones Polinomiales,Bibliografía,libro,Precálculo 2ed,OpenStax,pp. 170-179,,https://www.google.com/search?q=Prec%C3%A1lculo%202ed%20OpenStax,pendiente,,,,,,,
Mapa_Mate_superior.html:1.7:practica:0,Mapa_Mate_superior.html,"Funciones, Polinomiales y Racionales",1.7 · 1.7 Funciones Polinomiales,Práctica,practica,,,,,https://www.google.com/search?q=,pendiente,,,,,,,
Mapa_Mate_superior.html:1.7:practica:1,Mapa_Mate_superior.html,"Funciones, Polinomiales y Racionales",1.7 · 1.7 Funciones Polinomiales,Práctica,practica,,,,,https://www.google.com/search?q=,pendiente,,,,,,,
Mapa_Mate_superior.html:1.7:practica:2,Mapa_Mate_superior.html,"Funciones, Polinomiales y Racionales",1.7 · 1.7 Funciones Polinomiales,Práctica,practica,,,,,https://www.google.com/search?q=,pendiente,,,,,,,
Mapa_Mate_superior.html:1.7:practica:3,Mapa_Mate_superior.html,"Funciones, Polinomiales y Racionales",1.7 · 1.7 Funciones Polinomiales,Práctica,practica,,,,,https://www.google.com/search?q=,pendiente,,,,,,,
Mapa_Mate_superior.html:1.8:videos:0,Mapa_Mate_superior.html,"Funciones, Polinomiales y Racionales",1.8 · 1.8 Gráfica de Polinomios,Videos,video,Gráficas y multiplicidad de ceros,Khan Academy en Español,,,https://www.youtube.com/results?search_query=Gr%C3%A1ficas%20y%20multiplicidad%20de%20ceros%20Khan%20Academy%20en%20Espa%C3%B1ol,pendiente,,,,,,,
Mapa_Mate_superior.html:1.8:videos:1,Mapa_Mate_superior.html,"Funciones, Polinomiales y Racionales",1.8 · 1.8 Gráfica de Polinomios,Videos,video,Representación de polinomios,Unicoos,,,https://www.youtube.com/results?search_query=Representaci%C3%B3n%20de%20polinomios%20Unicoos,pendiente,,,,,,,
Mapa_Mate_superior.html:1.8:videos:2,Mapa_Mate_superior.html,"Funciones, Polinomiales y Racionales",1.8 · 1.8 Gráfica de Polinomios,Videos,video,Trazado de funciones polinomiales,Profe Alex,,,https://www.youtube.com/results?search_query=Trazado%20de%20funciones%20polinomiales%20Profe%20Alex,pendiente,,,,,,,
Mapa_Mate_superior.html:1.8:videos:3,Mapa_Mate_superior.html,"Funciones, Polinomiales y Racionales",1.8 · 1.8 Gráfica de Polinomios,Videos,video,Gráfica de polinomios de grado n,Julio Profe,,,https://www.youtube.com/results?search_query=Gr%C3%A1fica%20de%20polinomios%20de%20grado%20n%20Julio%20Profe,pendiente,,,,,,,
Mapa_Mate_superior.html:1.8:biblio:0,Mapa_Mate_superior.html,"Funciones, Polinomiales y Racionales",1.8 · 1.8 Gráfica de Polinomios,Bibliografía,libro,Precálculo 2ed,OpenStax,pp. 196-210,,https://www.google.com/search?q=Prec%C3%A1lculo%202ed%20OpenStax,pendiente,,,,,,,
Mapa_Mate_superior.html:1.8:biblio:1,Mapa_Mate_superior.html,"Funciones, Polinomiales y Racionales",1.8 · 1.8 Gráfica de Polinomios,Bibliografía,libro,Álgebra y Trigonometría,OpenStax,pp. 470-485,,https://www.google.com/search?q=%C3%81lgebra%20y%20Trigonometr%C3%ADa%20OpenStax,pendiente,,,,,,,
Mapa_Mate_superior.html:1.8:biblio:2,Mapa_Mate_superior.html,"Funciones, Polinomiales y Racionales",1.8 · 1.8 Gráfica de Polinomios,Bibliografía,libro,Precálculo,LibreTexts,pp. 160-175,,https://www.google.com/search?q=Prec%C3%A1lculo%20LibreTexts,pendiente,,,,,,,
Mapa_Mate_superior.html:1.8:biblio:3,Mapa_Mate_superior.html,"Funciones, Polinomiales y Racionales",1.8 · 1.8 Gráfica de Polinomios,Bibliografía,libro,College Algebra,OpenStax,pp. 410-425,,https://www.google.com/search?q=College%20Algebra%20OpenStax,pendiente,,,,,,,
Mapa_Mate_superior.html:1.8:practica:0,Mapa_Mate_superior.html,"Funciones, Polinomiales y Racionales",1.8 · 1.8 Gráfica de Polinomios,Práctica,practica,,,,,https://www.google.com/search?q=,pendiente,,,,,,,
Mapa_Mate_superior.html:1.8:practica:1,Mapa_Mate_superior.html,"Funciones, Polinomiales y Racionales",1.8 · 1.8 Gráfica de Polinomios,Práctica,practica,,,,,https://www.google.com/search?q=,pendiente,,,,,,,
Mapa_Mate_superior.html:1.8:practica:2,Mapa_Mate_superior.html,"Funciones, Polinomiales y Racionales",1.8 · 1.8 Gráfica de Polinomios,Práctica,practica,,,,,https://www.google.com/search?q=,pendiente,,,,,,,
Mapa_Mate_superior.html:1.8:practica:3,Mapa_Mate_superior.html,"Funciones, Polinomiales y Racionales",1.8 · 1.8 Gráfica de Polinomios,Práctica,practica,,,,,https://www.google.com/search?q=,pendiente,,,,,,,
Mapa_Mate_superior.html:1.9:videos:0,Mapa_Mate_superior.html,"Funciones, Polinomiales y Racionales",1.9 · 1.9 Ceros de Polinomios,Videos,video,División sintética y ceros de un polinomio,Julio Profe,,,https://www.youtube.com/results?search_query=Divisi%C3%B3n%20sint%C3%A9tica%20y%20ceros%20de%20un%20polinomio%20Julio%20Profe,pendiente,,,,,,,
Mapa_Mate_superior.html:1.9:videos:1,Mapa_Mate_superior.html,"Funciones, Polinomiales y Racionales",1.9 · 1.9 Ceros de Polinomios,Videos,video,Teorema del residuo,Profe Alex,,,https://www.youtube.com/results?search_query=Teorema%20del%20residuo%20Profe%20Alex,pendiente,,,,,,,
Mapa_Mate_superior.html:1.9:videos:2,Mapa_Mate_superior.html,"Funciones, Polinomiales y Racionales",1.9 · 1.9 Ceros de Polinomios,Videos,video,Teorema de ceros racionales,Khan Academy en Español,,,https://www.youtube.com/results?search_query=Teorema%20de%20ceros%20racionales%20Khan%20Academy%20en%20Espa%C3%B1ol,pendiente,,,,,,,
Mapa_Mate_superior.html:1.9:videos:3,Mapa_Mate_superior.html,"Funciones, Polinomiales y Racionales",1.9 · 1.9 Ceros de Polinomios,Videos,video,Factorización de polinomios de alto grado,Unicoos,,,https://www.youtube.com/results?search_query=Factorizaci%C3%B3n%20de%20polinomios%20de%20alto%20grado%20Unicoos,pendiente,,,,,,,
Mapa_Mate_superior.html:1.9:biblio:0,Mapa_Mate_superior.html,"Funciones, Polinomiales y Racionales",1.9 · 1.9 Ceros de Polinomios,Bibliografía,libro,Precálculo 2ed,OpenStax,pp. 211-225,,https://www.google.com/search?q=Prec%C3%A1lculo%202ed%20OpenStax,pendiente,,,,,,,
Mapa_Mate_superior.html:1.9:biblio:1,Mapa_Mate_superior.html,"Funciones, Polinomiales y Racionales",1.9 · 1.9 Ceros de Polinomios,Bibliografía,libro,Álgebra y Trigonometría,OpenStax,pp. 490-505,,https://www.google.com/search?q=%C3%81lgebra%20y%20Trigonometr%C3%ADa%20OpenStax,pendiente,,,,,,,
Mapa_Mate_superior.html:1.9:biblio:2,Mapa_Mate_superior.html,"Funciones, Polinomiales y Racionales",1.9 · 1.9 Ceros de Polinomios,Bibliografía,libro,Precálculo 2ed,OpenStax,pp. 226-235,,https://www.google.com/search?q=Prec%C3%A1lculo%202ed%20OpenStax,pendiente,,,,,,,
Mapa_Mate_superior.html:1.9:biblio:3,Mapa_Mate_superior.html,"Funciones, Polinomiales y Racionales",1.9 · 1.9 Ceros de Polinomios,Bibliografía,libro,Precálculo,LibreTexts,pp. 180-195,,https://www.google.com/search?q=Prec%C3%A1lculo%20LibreTexts,pendiente,,,,,,,
Mapa_Mate_superior.html:1.9:practica:0,Mapa_Mate_superior.html,"Funciones, Polinomiales y Racionales",1.9 · 1.9 Ceros de Polinomios,Práctica,practica,,,,,https://www.google.com/search?q=,pendiente,,,,,,,
Mapa_Mate_superior.html:1.9:practica:1,Mapa_Mate_superior.html,"Funciones, Polinomiales y Racionales",1.9 · 1.9 Ceros de Polinomios,Práctica,practica,,,,,https://www.google.com/search?q=,pendiente,,,,,,,
Mapa_Mate_superior.html:1.9:practica:2,Mapa_Mate_superior.html,"Funciones, Polinomiales y Racionales",1.9 · 1.9 Ceros de Polinomios,Práctica,practica,,,,,https://www.google.com/search?q=,pendiente,,,,,,,
Mapa_Mate_superior.html:1.9:practica:3,Mapa_Mate_superior.html,"Funciones, Polinomiales y Racionales",1.9 · 1.9 Ceros de Polinomios,Práctica,practica,,,,,https://www.google.com/search?q=,pendiente,,,,,,,
Mapa_Mate_superior.html:1.10:videos:0,Mapa_Mate_superior.html,"Funciones, Polinomiales y Racionales",1.10 · 1.10 Funciones Racionales,Videos,video,Dominio y rango de función racional,Profe Alex,,,https://www.youtube.com/results?search_query=Dominio%20y%20rango%20de%20funci%C3%B3n%20racional%20Profe%20Alex,pendiente,,,,,,,
Mapa_Mate_superior.html:1.10:videos:1,Mapa_Mate_superior.html,"Funciones, Polinomiales y Racionales",1.10 · 1.10 Funciones Racionales,Videos,video,Análisis de funciones racionales,Unicoos,,,https://www.youtube.com/results?search_query=An%C3%A1lisis%20de%20funciones%20racionales%20Unicoos,pendiente,,,,,,,
Mapa_Mate_superior.html:1.10:videos:2,Mapa_Mate_superior.html,"Funciones, Polinomiales y Racionales",1.10 · 1.10 Funciones Racionales,Videos,video,Introducción a funciones racionales,Khan Academy en Español,,,https://www.youtube.com/results?search_query=Introducci%C3%B3n%20a%20funciones%20racionales%20Khan%20Academy%20en%20Espa%C3%B1ol,pendiente,,,,,,,
Mapa_Mate_superior.html:1.10:videos:3,Mapa_Mate_superior.html,"Funciones, Polinomiales y Racionales",1.10 · 1.10 Funciones Racionales,Videos,video,Gráficas de funciones racionales,Julio Profe,,,https://www.youtube.com/results?search_query=Gr%C3%A1ficas%20de%20funciones%20racionales%20Julio%20Profe,pendiente,,,,,,,
Mapa_Mate_superior.html:1.10:biblio:0,Mapa_Mate_superior.html,"Funciones, Polinomiales y Racionales",1.10 · 1.10 Funciones Racionales,Bibliografía,libro,Precálculo 2ed,OpenStax,pp. 240-255,,https://www.google.com/search?q=Prec%C3%A1lculo%202ed%20OpenStax,pendiente,,,,,,,
Mapa_Mate_superior.html:1.10:biblio:1,Mapa_Mate_superior.html,"Funciones, Polinomiales y Racionales",1.10 · 1.10 Funciones Racionales,Bibliografía,libro,Álgebra y Trigonometría,OpenStax,pp. 520-535,,https://www.google.com/search?q=%C3%81lgebra%20y%20Trigonometr%C3%ADa%20OpenStax,pendiente,,,,,,,
Mapa_Mate_superior.html:1.10:biblio:2,Mapa_Mate_superior.html,"Funciones, Polinomiales y Racionales",1.10 · 1.10 Funciones Racionales,Bibliografía,libro,Precálculo,LibreTexts,pp. 200-215,,https://www.google.com/search?q=Prec%C3%A1lculo%20LibreTexts,pendiente,,,,,,,
Mapa_Mate_superior.html:1.10:biblio:3,Mapa_Mate_superior.html,"Funciones, Polinomiales y Racionales",1.10 · 1.10 Funciones Racionales,Bibliografía,libro,College Algebra,OpenStax,pp. 440-455,,https://www.google.com/search?q=College%20Algebra%20OpenStax,pendiente,,,,,,,
Mapa_Mate_superior.html:1.10:practica:0,Mapa_Mate_superior.html,"Funciones, Polinomiales y Racionales",1.10 · 1.10 Funciones Racionales,Práctica,practica,,,,,https://www.google.com/search?q=,pendiente,,,,,,,
Mapa_Mate_superior.html:1.10:practica:1,Mapa_Mate_superior.html,"Funciones, Polinomiales y Racionales",1.10 · 1.10 Funciones Racionales,Práctica,practica,,,,,https://www.google.com/search?q=,pendiente,,,,,,,
Mapa_Mate_superior.html:1.10:practica:2,Mapa_Mate_superior.html,"Funciones, Polinomiales y Racionales",1.10 · 1.10 Funciones Racionales,Práctica,practica,,,,,https://www.google.com/search?q=,pendiente,,,,,,,
Mapa_Mate_superior.html:1.10:practica:3,Mapa_Mate_superior.html,"Funciones, Polinomiales y Racionales",1.10 · 1.10 Funciones Racionales,Práctica,practica,,,,,https://www.google.com/search?q=,pendiente,,,,,,,
Mapa_Mate_superior.html:1.11:videos:0,Mapa_Mate_superior.html,"Funciones, Polinomiales y Racionales",1.11 · 1.11 Asíntotas Racionales,Videos,video,"Asíntotas verticales, horizontales y oblicuas",Profe Alex,,,https://www.youtube.com/results?search_query=As%C3%ADntotas%20verticales%2C%20horizontales%20y%20oblicuas%20Profe%20Alex,pendiente,,,,,,,
Mapa_Mate_superior.html:1.11:videos:1,Mapa_Mate_superior.html,"Funciones, Polinomiales y Racionales",1.11 · 1.11 Asíntotas Racionales,Videos,video,Asíntotas oblicuas,Julio Profe,,,https://www.youtube.com/results?search_query=As%C3%ADntotas%20oblicuas%20Julio%20Profe,pendiente,,,,,,,
Mapa_Mate_superior.html:1.11:videos:2,Mapa_Mate_superior.html,"Funciones, Polinomiales y Racionales",1.11 · 1.11 Asíntotas Racionales,Videos,video,Asíntotas de funciones racionales,Khan Academy en Español,,,https://www.youtube.com/results?search_query=As%C3%ADntotas%20de%20funciones%20racionales%20Khan%20Academy%20en%20Espa%C3%B1ol,pendiente,,,,,,,
Mapa_Mate_superior.html:1.11:videos:3,Mapa_Mate_superior.html,"Funciones, Polinomiales y Racionales",1.11 · 1.11 Asíntotas Racionales,Videos,video,Cálculo de asíntotas,Unicoos,,,https://www.youtube.com/results?search_query=C%C3%A1lculo%20de%20as%C3%ADntotas%20Unicoos,pendiente,,,,,,,
Mapa_Mate_superior.html:1.11:biblio:0,Mapa_Mate_superior.html,"Funciones, Polinomiales y Racionales",1.11 · 1.11 Asíntotas Racionales,Bibliografía,libro,Precálculo 2ed,OpenStax,pp. 256-265,,https://www.google.com/search?q=Prec%C3%A1lculo%202ed%20OpenStax,pendiente,,,,,,,
Mapa_Mate_superior.html:1.11:biblio:1,Mapa_Mate_superior.html,"Funciones, Polinomiales y Racionales",1.11 · 1.11 Asíntotas Racionales,Bibliografía,libro,Álgebra y Trigonometría,OpenStax,pp. 536-545,,https://www.google.com/search?q=%C3%81lgebra%20y%20Trigonometr%C3%ADa%20OpenStax,pendiente,,,,,,,
Mapa_Mate_superior.html:1.11:biblio:2,Mapa_Mate_superior.html,"Funciones, Polinomiales y Racionales",1.11 · 1.11 Asíntotas Racionales,Bibliografía,libro,Precálculo,LibreTexts,pp. 220-230,,https://www.google.com/search?q=Prec%C3%A1lculo%20LibreTexts,pendiente,,,,,,,
Mapa_Mate_superior.html:1.11:biblio:3,Mapa_Mate_superior.html,"Funciones, Polinomiales y Racionales",1.11 · 1.11 Asíntotas Racionales,Bibliografía,libro,College Algebra,OpenStax,pp. 460-470,,https://www.google.com/search?q=College%20Algebra%20OpenStax,pendiente,,,,,,,
Mapa_Mate_superior.html:1.11:practica:0,Mapa_Mate_superior.html,"Funciones, Polinomiales y Racionales",1.11 · 1.11 Asíntotas Racionales,Práctica,practica,,,,,https://www.google.com/search?q=,pendiente,,,,,,,
Mapa_Mate_superior.html:1.11:practica:1,Mapa_Mate_superior.html,"Funciones, Polinomiales y Racionales",1.11 · 1.11 Asíntotas Racionales,Práctica,practica,,,,,https://www.google.com/search?q=,pendiente,,,,,,,
Mapa_Mate_superior.html:1.11:practica:2,Mapa_Mate_superior.html,"Funciones, Polinomiales y Racionales",1.11 · 1.11 Asíntotas Racionales,Práctica,practica,,,,,https://www.google.com/search?q=,pendiente,,,,,,,
Mapa_Mate_superior.html:1.11:practica:3,Mapa_Mate_superior.html,"Funciones, Polinomiales y Racionales",1.11 · 1.11 Asíntotas Racionales,Práctica,practica,,,,,https://www.google.com/search?q=,pendiente,,,,,,,
Mapa_Mate_superior.html:2.1:videos:0,Mapa_Mate_superior.html,Funciones Trascendentes y Trigonometría,2.1 · 2.1 Funciones Exponenciales,Videos,video,Función Exponencial y características,Profe Alex,,,https://www.youtube.com/results?search_query=Funci%C3%B3n%20Exponencial%20y%20caracter%C3%ADsticas%20Profe%20Alex,pendiente,,,,,,,
Mapa_Mate_superior.html:2.1:videos:1,Mapa_Mate_superior.html,Funciones Trascendentes y Trigonometría,2.1 · 2.1 Funciones Exponenciales,Videos,video,Gráficas exponenciales,Julio Profe,,,https://www.youtube.com/results?search_query=Gr%C3%A1ficas%20exponenciales%20Julio%20Profe,pendiente,,,,,,,
Mapa_Mate_superior.html:2.1:videos:2,Mapa_Mate_superior.html,Funciones Trascendentes y Trigonometría,2.1 · 2.1 Funciones Exponenciales,Videos,video,Funciones exponenciales,Khan Academy en Español,,,https://www.youtube.com/results?search_query=Funciones%20exponenciales%20Khan%20Academy%20en%20Espa%C3%B1ol,pendiente,,,,,,,
Mapa_Mate_superior.html:2.1:videos:3,Mapa_Mate_superior.html,Funciones Trascendentes y Trigonometría,2.1 · 2.1 Funciones Exponenciales,Videos,video,Crecimiento y decaimiento,Unicoos,,,https://www.youtube.com/results?search_query=Crecimiento%20y%20decaimiento%20Unicoos,pendiente,,,,,,,
Mapa_Mate_superior.html:2.1:biblio:0,Mapa_Mate_superior.html,Funciones Trascendentes y Trigonometría,2.1 · 2.1 Funciones Exponenciales,Bibliografía,libro,Precálculo 2ed,OpenStax,pp. 270-285,,https://www.google.com/search?q=Prec%C3%A1lculo%202ed%20OpenStax,pendiente,,,,,,,
Mapa_Mate_superior.html:2.1:biblio:1,Mapa_Mate_superior.html,Funciones Trascendentes y Trigonometría,2.1 · 2.1 Funciones Exponenciales,Bibliografía,libro,Álgebra y Trigonometría,OpenStax,pp. 550-565,,https://www.google.com/search?q=%C3%81lgebra%20y%20Trigonometr%C3%ADa%20OpenStax,pendiente,,,,,,,
Mapa_Mate_superior.html:2.1:biblio:2,Mapa_Mate_superior.html,Funciones Trascendentes y Trigonometría,2.1 · 2.1 Funciones Exponenciales,Bibliografía,libro,Precálculo,LibreTexts,pp. 10-25,,https://www.google.com/search?q=Prec%C3%A1lculo%20LibreTexts,pendiente,,,,,,,
Mapa_Mate_superior.html:2.1:biblio:3,Mapa_Mate_superior.html,Funciones Trascendentes y Trigonometría,2.1 · 2.1 Funciones Exponenciales,Bibliografía,libro,Precálculo 2ed,OpenStax,pp. 286-295,,https://www.google.com/search?q=Prec%C3%A1lculo%202ed%20OpenStax,pendiente,,,,,,,
Mapa_Mate_superior.html:2.1:practica:0,Mapa_Mate_superior.html,Funciones Trascendentes y Trigonometría,2.1 · 2.1 Funciones Exponenciales,Práctica,practica,,,,,https://www.google.com/search?q=,pendiente,,,,,,,
Mapa_Mate_superior.html:2.1:practica:1,Mapa_Mate_superior.html,Funciones Trascendentes y Trigonometría,2.1 · 2.1 Funciones Exponenciales,Práctica,practica,,,,,https://www.google.com/search?q=,pendiente,,,,,,,
Mapa_Mate_superior.html:2.1:practica:2,Mapa_Mate_superior.html,Funciones Trascendentes y Trigonometría,2.1 · 2.1 Funciones Exponenciales,Práctica,practica,,,,,https://www.google.com/search?q=,pendiente,,,,,,,
Mapa_Mate_superior.html:2.1:practica:3,Mapa_Mate_superior.html,Funciones Trascendentes y Trigonometría,2.1 · 2.1 Funciones Exponenciales,Práctica,practica,,,,,https://www.google.com/search?q=,pendiente,,,,,,,
Mapa_Mate_superior.html:2.2:videos:0,Mapa_Mate_superior.html,Funciones Trascendentes y Trigonometría,2.2 · 2.2 Funciones Logarítmicas,Videos,video,Logaritmos e introducción,Profe Alex,,,https://www.youtube.com/results?search_query=Logaritmos%20e%20introducci%C3%B3n%20Profe%20Alex,pendiente,,,,,,,
Mapa_Mate_superior.html:2.2:videos:1,Mapa_Mate_superior.html,Funciones Trascendentes y Trigonometría,2.2 · 2.2 Funciones Logarítmicas,Videos,video,Concepto de logaritmo,Khan Academy en Español,,,https://www.youtube.com/results?search_query=Concepto%20de%20logaritmo%20Khan%20Academy%20en%20Espa%C3%B1ol,pendiente,,,,,,,
Mapa_Mate_superior.html:2.2:videos:2,Mapa_Mate_superior.html,Funciones Trascendentes y Trigonometría,2.2 · 2.2 Funciones Logarítmicas,Videos,video,Funciones logarítmicas,Julio Profe,,,https://www.youtube.com/results?search_query=Funciones%20logar%C3%ADtmicas%20Julio%20Profe,pendiente,,,,,,,
Mapa_Mate_superior.html:2.2:videos:3,Mapa_Mate_superior.html,Funciones Trascendentes y Trigonometría,2.2 · 2.2 Funciones Logarítmicas,Videos,video,Gráficas logarítmicas,Unicoos,,,https://www.youtube.com/results?search_query=Gr%C3%A1ficas%20logar%C3%ADtmicas%20Unicoos,pendiente,,,,,,,
Mapa_Mate_superior.html:2.2:biblio:0,Mapa_Mate_superior.html,Funciones Trascendentes y Trigonometría,2.2 · 2.2 Funciones Logarítmicas,Bibliografía,libro,Precálculo 2ed,OpenStax,pp. 296-310,,https://www.google.com/search?q=Prec%C3%A1lculo%202ed%20OpenStax,pendiente,,,,,,,
Mapa_Mate_superior.html:2.2:biblio:1,Mapa_Mate_superior.html,Funciones Trascendentes y Trigonometría,2.2 · 2.2 Funciones Logarítmicas,Bibliografía,libro,Álgebra y Trigonometría,OpenStax,pp. 580-595,,https://www.google.com/search?q=%C3%81lgebra%20y%20Trigonometr%C3%ADa%20OpenStax,pendiente,,,,,,,
Mapa_Mate_superior.html:2.2:biblio:2,Mapa_Mate_superior.html,Funciones Trascendentes y Trigonometría,2.2 · 2.2 Funciones Logarítmicas,Bibliografía,libro,Precálculo,LibreTexts,pp. 30-45,,https://www.google.com/search?q=Prec%C3%A1lculo%20LibreTexts,pendiente,,,,,,,
Mapa_Mate_superior.html:2.2:biblio:3,Mapa_Mate_superior.html,Funciones Trascendentes y Trigonometría,2.2 · 2.2 Funciones Logarítmicas,Bibliografía,libro,Precálculo 2ed,OpenStax,pp. 311-320,,https://www.google.com/search?q=Prec%C3%A1lculo%202ed%20OpenStax,pendiente,,,,,,,
Mapa_Mate_superior.html:2.2:practica:0,Mapa_Mate_superior.html,Funciones Trascendentes y Trigonometría,2.2 · 2.2 Funciones Logarítmicas,Práctica,practica,,,,,https://www.google.com/search?q=,pendiente,,,,,,,
Mapa_Mate_superior.html:2.2:practica:1,Mapa_Mate_superior.html,Funciones Trascendentes y Trigonometría,2.2 · 2.2 Funciones Logarítmicas,Práctica,practica,,,,,https://www.google.com/search?q=,pendiente,,,,,,,
Mapa_Mate_superior.html:2.2:practica:2,Mapa_Mate_superior.html,Funciones Trascendentes y Trigonometría,2.2 · 2.2 Funciones Logarítmicas,Práctica,practica,,,,,https://www.google.com/search?q=,pendiente,,,,,,,
Mapa_Mate_superior.html:2.2:practica:3,Mapa_Mate_superior.html,Funciones Trascendentes y Trigonometría,2.2 · 2.2 Funciones Logarítmicas,Práctica,practica,,,,,https://www.google.com/search?q=,pendiente,,,,,,,
Mapa_Mate_superior.html:2.3:videos:0,Mapa_Mate_superior.html,Funciones Trascendentes y Trigonometría,2.3 · 2.3 Leyes de Exponentes y Logaritmos,Videos,video,Propiedades de los logaritmos,Profe Alex,,,https://www.youtube.com/results?search_query=Propiedades%20de%20los%20logaritmos%20Profe%20Alex,pendiente,,,,,,,
Mapa_Mate_superior.html:2.3:videos:1,Mapa_Mate_superior.html,Funciones Trascendentes y Trigonometría,2.3 · 2.3 Leyes de Exponentes y Logaritmos,Videos,video,Leyes de logaritmos y exponentes,Unicoos,,,https://www.youtube.com/results?search_query=Leyes%20de%20logaritmos%20y%20exponentes%20Unicoos,pendiente,,,,,,,
Mapa_Mate_superior.html:2.3:videos:2,Mapa_Mate_superior.html,Funciones Trascendentes y Trigonometría,2.3 · 2.3 Leyes de Exponentes y Logaritmos,Videos,video,Propiedades de los logaritmos,Khan Academy en Español,,,https://www.youtube.com/results?search_query=Propiedades%20de%20los%20logaritmos%20Khan%20Academy%20en%20Espa%C3%B1ol,pendiente,,,,,,,
Mapa_Mate_superior.html:2.3:videos:3,Mapa_Mate_superior.html,Funciones Trascendentes y Trigonometría,2.3 · 2.3 Leyes de Exponentes y Logaritmos,Videos,video,Expansión y condensación logarítmica,Julio Profe,,,https://www.youtube.com/results?search_query=Expansi%C3%B3n%20y%20condensaci%C3%B3n%20logar%C3%ADtmica%20Julio%20Profe,pendiente,,,,,,,
Mapa_Mate_superior.html:2.3:biblio:0,Mapa_Mate_superior.html,Funciones Trascendentes y Trigonometría,2.3 · 2.3 Leyes de Exponentes y Logaritmos,Bibliografía,libro,Precálculo 2ed,OpenStax,pp. 321-335,,https://www.google.com/search?q=Prec%C3%A1lculo%202ed%20OpenStax,pendiente,,,,,,,
Mapa_Mate_superior.html:2.3:biblio:1,Mapa_Mate_superior.html,Funciones Trascendentes y Trigonometría,2.3 · 2.3 Leyes de Exponentes y Logaritmos,Bibliografía,libro,Álgebra y Trigonometría,OpenStax,pp. 610-625,,https://www.google.com/search?q=%C3%81lgebra%20y%20Trigonometr%C3%ADa%20OpenStax,pendiente,,,,,,,
Mapa_Mate_superior.html:2.3:biblio:2,Mapa_Mate_superior.html,Funciones Trascendentes y Trigonometría,2.3 · 2.3 Leyes de Exponentes y Logaritmos,Bibliografía,libro,Precálculo,LibreTexts,pp. 50-65,,https://www.google.com/search?q=Prec%C3%A1lculo%20LibreTexts,pendiente,,,,,,,
Mapa_Mate_superior.html:2.3:biblio:3,Mapa_Mate_superior.html,Funciones Trascendentes y Trigonometría,2.3 · 2.3 Leyes de Exponentes y Logaritmos,Bibliografía,libro,College Algebra,OpenStax,pp. 500-515,,https://www.google.com/search?q=College%20Algebra%20OpenStax,pendiente,,,,,,,
Mapa_Mate_superior.html:2.3:practica:0,Mapa_Mate_superior.html,Funciones Trascendentes y Trigonometría,2.3 · 2.3 Leyes de Exponentes y Logaritmos,Práctica,practica,,,,,https://www.google.com/search?q=,pendiente,,,,,,,
Mapa_Mate_superior.html:2.3:practica:1,Mapa_Mate_superior.html,Funciones Trascendentes y Trigonometría,2.3 · 2.3 Leyes de Exponentes y Logaritmos,Práctica,practica,,,,,https://www.google.com/search?q=,pendiente,,,,,,,
Mapa_Mate_superior.html:2.3:practica:2,Mapa_Mate_superior.html,Funciones Trascendentes y Trigonometría,2.3 · 2.3 Leyes de Exponentes y Logaritmos,Práctica,practica,,,,,https://www.google.com/search?q=,pendiente,,,,,,,
Mapa_Mate_superior.html:2.3:practica:3,Mapa_Mate_superior.html,Funciones Trascendentes y Trigonometría,2.3 · 2.3 Leyes de Exponentes y Logaritmos,Práctica,practica,,,,,https://www.google.com/search?q=,pendiente,,,,,,,
Mapa_Mate_superior.html:2.4:videos:0,Mapa_Mate_superior.html,Funciones Trascendentes y Trigonometría,2.4 · 2.4 Ecuaciones Exponenciales y Logarítmicas,Videos,video,Ecuaciones exponenciales y logarítmicas,Julio Profe,,,https://www.youtube.com/results?search_query=Ecuaciones%20exponenciales%20y%20logar%C3%ADtmicas%20Julio%20Profe,pendiente,,,,,,,
Mapa_Mate_superior.html:2.4:videos:1,Mapa_Mate_superior.html,Funciones Trascendentes y Trigonometría,2.4 · 2.4 Ecuaciones Exponenciales y Logarítmicas,Videos,video,Ecuaciones logarítmicas,Khan Academy en Español,,,https://www.youtube.com/results?search_query=Ecuaciones%20logar%C3%ADtmicas%20Khan%20Academy%20en%20Espa%C3%B1ol,pendiente,,,,,,,
Mapa_Mate_superior.html:2.4:videos:2,Mapa_Mate_superior.html,Funciones Trascendentes y Trigonometría,2.4 · 2.4 Ecuaciones Exponenciales y Logarítmicas,Videos,video,Resolución de ecuaciones exponenciales,Profe Alex,,,https://www.youtube.com/results?search_query=Resoluci%C3%B3n%20de%20ecuaciones%20exponenciales%20Profe%20Alex,pendiente,,,,,,,
Mapa_Mate_superior.html:2.4:videos:3,Mapa_Mate_superior.html,Funciones Trascendentes y Trigonometría,2.4 · 2.4 Ecuaciones Exponenciales y Logarítmicas,Videos,video,Ecuaciones con logaritmos,Unicoos,,,https://www.youtube.com/results?search_query=Ecuaciones%20con%20logaritmos%20Unicoos,pendiente,,,,,,,
Mapa_Mate_superior.html:2.4:biblio:0,Mapa_Mate_superior.html,Funciones Trascendentes y Trigonometría,2.4 · 2.4 Ecuaciones Exponenciales y Logarítmicas,Bibliografía,libro,Precálculo 2ed,OpenStax,pp. 336-350,,https://www.google.com/search?q=Prec%C3%A1lculo%202ed%20OpenStax,pendiente,,,,,,,
Mapa_Mate_superior.html:2.4:biblio:1,Mapa_Mate_superior.html,Funciones Trascendentes y Trigonometría,2.4 · 2.4 Ecuaciones Exponenciales y Logarítmicas,Bibliografía,libro,Álgebra y Trigonometría,OpenStax,pp. 630-645,,https://www.google.com/search?q=%C3%81lgebra%20y%20Trigonometr%C3%ADa%20OpenStax,pendiente,,,,,,,
Mapa_Mate_superior.html:2.4:biblio:2,Mapa_Mate_superior.html,Funciones Trascendentes y Trigonometría,2.4 · 2.4 Ecuaciones Exponenciales y Logarítmicas,Bibliografía,libro,Precálculo,LibreTexts,pp. 70-85,,https://www.google.com/search?q=Prec%C3%A1lculo%20LibreTexts,pendiente,,,,,,,
Mapa_Mate_superior.html:2.4:biblio:3,Mapa_Mate_superior.html,Funciones Trascendentes y Trigonometría,2.4 · 2.4 Ecuaciones Exponenciales y Logarítmicas,Bibliografía,libro,College Algebra,OpenStax,pp. 520-535,,https://www.google.com/search?q=College%20Algebra%20OpenStax,pendiente,,,,,,,
Mapa_Mate_superior.html:2.4:practica:0,Mapa_Mate_superior.html,Funciones Trascendentes y Trigonometría,2.4 · 2.4 Ecuaciones Exponenciales y Logarítmicas,Práctica,practica,,,,,https://www.google.com/search?q=,pendiente,,,,,,,
Mapa_Mate_superior.html:2.4:practica:1,Mapa_Mate_superior.html,Funciones Trascendentes y Trigonometría,2.4 · 2.4 Ecuaciones Exponenciales y Logarítmicas,Práctica,practica,,,,,https://www.google.com/search?q=,pendiente,,,,,,,
Mapa_Mate_superior.html:2.4:practica:2,Mapa_Mate_superior.html,Funciones Trascendentes y Trigonometría,2.4 · 2.4 Ecuaciones Exponenciales y Logarítmicas,Práctica,practica,,,,,https://www.google.com/search?q=,pendiente,,,,,,,
Mapa_Mate_superior.html:2.4:practica:3,Mapa_Mate_superior.html,Funciones Trascendentes y Trigonometría,2.4 · 2.4 Ecuaciones Exponenciales y Logarítmicas,Práctica,practica,,,,,https://www.google.com/search?q=,pendiente,,,,,,,
Mapa_Mate_superior.html:2.5:videos:0,Mapa_Mate_superior.html,Funciones Trascendentes y Trigonometría,2.5 · 2.5 Modelado Exponencial y Logarítmico,Videos,video,Aplicaciones del crecimiento poblacional,Profe Alex,,,https://www.youtube.com/results?search_query=Aplicaciones%20del%20crecimiento%20poblacional%20Profe%20Alex,pendiente,,,,,,,
Mapa_Mate_superior.html:2.5:videos:1,Mapa_Mate_superior.html,Funciones Trascendentes y Trigonometría,2.5 · 2.5 Modelado Exponencial y Logarítmico,Videos,video,Problemas de desintegración radiactiva,Unicoos,,,https://www.youtube.com/results?search_query=Problemas%20de%20desintegraci%C3%B3n%20radiactiva%20Unicoos,pendiente,,,,,,,
Mapa_Mate_superior.html:2.5:videos:2,Mapa_Mate_superior.html,Funciones Trascendentes y Trigonometría,2.5 · 2.5 Modelado Exponencial y Logarítmico,Videos,video,Modelos exponenciales,Khan Academy en Español,,,https://www.youtube.com/results?search_query=Modelos%20exponenciales%20Khan%20Academy%20en%20Espa%C3%B1ol,pendiente,,,,,,,
Mapa_Mate_superior.html:2.5:videos:3,Mapa_Mate_superior.html,Funciones Trascendentes y Trigonometría,2.5 · 2.5 Modelado Exponencial y Logarítmico,Videos,video,Interés compuesto continuo,Julio Profe,,,https://www.youtube.com/results?search_query=Inter%C3%A9s%20compuesto%20continuo%20Julio%20Profe,pendiente,,,,,,,
Mapa_Mate_superior.html:2.5:biblio:0,Mapa_Mate_superior.html,Funciones Trascendentes y Trigonometría,2.5 · 2.5 Modelado Exponencial y Logarítmico,Bibliografía,libro,Precálculo 2ed,OpenStax,pp. 351-365,,https://www.google.com/search?q=Prec%C3%A1lculo%202ed%20OpenStax,pendiente,,,,,,,
Mapa_Mate_superior.html:2.5:biblio:1,Mapa_Mate_superior.html,Funciones Trascendentes y Trigonometría,2.5 · 2.5 Modelado Exponencial y Logarítmico,Bibliografía,libro,Álgebra y Trigonometría,OpenStax,pp. 650-665,,https://www.google.com/search?q=%C3%81lgebra%20y%20Trigonometr%C3%ADa%20OpenStax,pendiente,,,,,,,
Mapa_Mate_superior.html:2.5:biblio:2,Mapa_Mate_superior.html,Funciones Trascendentes y Trigonometría,2.5 · 2.5 Modelado Exponencial y Logarítmico,Bibliografía,libro,Precálculo,LibreTexts,pp. 90-105,,https://www.google.com/search?q=Prec%C3%A1lculo%20LibreTexts,pendiente,,,,,,,
Mapa_Mate_superior.html:2.5:biblio:3,Mapa_Mate_superior.html,Funciones Trascendentes y Trigonometría,2.5 · 2.5 Modelado Exponencial y Logarítmico,Bibliografía,libro,College Algebra,OpenStax,pp. 540-555,,https://www.google.com/search?q=College%20Algebra%20OpenStax,pendiente,,,,,,,
Mapa_Mate_superior.html:2.5:practica:0,Mapa_Mate_superior.html,Funciones Trascendentes y Trigonometría,2.5 · 2.5 Modelado Exponencial y Logarítmico,Práctica,practica,,,,,https://www.google.com/search?q=,pendiente,,,,,,,
Mapa_Mate_superior.html:2.5:practica:1,Mapa_Mate_superior.html,Funciones Trascendentes y Trigonometría,2.5 · 2.5 Modelado Exponencial y Logarítmico,Práctica,practica,,,,,https://www.google.com/search?q=,pendiente,,,,,,,
Mapa_Mate_superior.html:2.5:practica:2,Mapa_Mate_superior.html,Funciones Trascendentes y Trigonometría,2.5 · 2.5 Modelado Exponencial y Logarítmico,Práctica,practica,,,,,https://www.google.com/search?q=,pendiente,,,,,,,
Mapa_Mate_superior.html:2.5:practica:3,Mapa_Mate_superior.html,Funciones Trascendentes y Trigonometría,2.5 · 2.5 Modelado Exponencial y Logarítmico,Práctica,practica,,,,,https://www.google.com/search?q=,pendiente,,,,,,,
Mapa_Mate_superior.html:2.6:videos:0,Mapa_Mate_superior.html,Funciones Trascendentes y Trigonometría,2.6 · 2.6 Círculo Unitario y Trigonometría,Videos,video,Círculo unitario y razones trigonométricas,Profe Alex,,,https://www.youtube.com/results?search_query=C%C3%ADrculo%20unitario%20y%20razones%20trigonom%C3%A9tricas%20Profe%20Alex,pendiente,,,,,,,
Mapa_Mate_superior.html:2.6:videos:1,Mapa_Mate_superior.html,Funciones Trascendentes y Trigonometría,2.6 · 2.6 Círculo Unitario y Trigonometría,Videos,video,El círculo unitario,Khan Academy en Español,,,https://www.youtube.com/results?search_query=El%20c%C3%ADrculo%20unitario%20Khan%20Academy%20en%20Espa%C3%B1ol,pendiente,,,,,,,
Mapa_Mate_superior.html:2.6:videos:2,Mapa_Mate_superior.html,Funciones Trascendentes y Trigonometría,2.6 · 2.6 Círculo Unitario y Trigonometría,Videos,video,Trigonometría: Círculo Unitario,Julio Profe,,,https://www.youtube.com/results?search_query=Trigonometr%C3%ADa%3A%20C%C3%ADrculo%20Unitario%20Julio%20Profe,pendiente,,,,,,,
Mapa_Mate_superior.html:2.6:videos:3,Mapa_Mate_superior.html,Funciones Trascendentes y Trigonometría,2.6 · 2.6 Círculo Unitario y Trigonometría,Videos,video,Razones trigonométricas,Unicoos,,,https://www.youtube.com/results?search_query=Razones%20trigonom%C3%A9tricas%20Unicoos,pendiente,,,,,,,
Mapa_Mate_superior.html:2.6:biblio:0,Mapa_Mate_superior.html,Funciones Trascendentes y Trigonometría,2.6 · 2.6 Círculo Unitario y Trigonometría,Bibliografía,libro,Precálculo 2ed,OpenStax,pp. 370-385,,https://www.google.com/search?q=Prec%C3%A1lculo%202ed%20OpenStax,pendiente,,,,,,,
Mapa_Mate_superior.html:2.6:biblio:1,Mapa_Mate_superior.html,Funciones Trascendentes y Trigonometría,2.6 · 2.6 Círculo Unitario y Trigonometría,Bibliografía,libro,Álgebra y Trigonometría,OpenStax,pp. 670-685,,https://www.google.com/search?q=%C3%81lgebra%20y%20Trigonometr%C3%ADa%20OpenStax,pendiente,,,,,,,
Mapa_Mate_superior.html:2.6:biblio:2,Mapa_Mate_superior.html,Funciones Trascendentes y Trigonometría,2.6 · 2.6 Círculo Unitario y Trigonometría,Bibliografía,libro,Precálculo,LibreTexts,pp. 10-25,,https://www.google.com/search?q=Prec%C3%A1lculo%20LibreTexts,pendiente,,,,,,,
Mapa_Mate_superior.html:2.6:biblio:3,Mapa_Mate_superior.html,Funciones Trascendentes y Trigonometría,2.6 · 2.6 Círculo Unitario y Trigonometría,Bibliografía,libro,Precálculo 2ed,OpenStax,pp. 360-369,,https://www.google.com/search?q=Prec%C3%A1lculo%202ed%20OpenStax,pendiente,,,,,,,
Mapa_Mate_superior.html:2.6:practica:0,Mapa_Mate_superior.html,Funciones Trascendentes y Trigonometría,2.6 · 2.6 Círculo Unitario y Trigonometría,Práctica,practica,,,,,https://www.google.com/search?q=,pendiente,,,,,,,
Mapa_Mate_superior.html:2.6:practica:1,Mapa_Mate_superior.html,Funciones Trascendentes y Trigonometría,2.6 · 2.6 Círculo Unitario y Trigonometría,Práctica,practica,,,,,https://www.google.com/search?q=,pendiente,,,,,,,
Mapa_Mate_superior.html:2.6:practica:2,Mapa_Mate_superior.html,Funciones Trascendentes y Trigonometría,2.6 · 2.6 Círculo Unitario y Trigonometría,Práctica,practica,,,,,https://www.google.com/search?q=,pendiente,,,,,,,
Mapa_Mate_superior.html:2.6:practica:3,Mapa_Mate_superior.html,Funciones Trascendentes y Trigonometría,2.6 · 2.6 Círculo Unitario y Trigonometría,Práctica,practica,,,,,https://www.google.com/search?q=,pendiente,,,,,,,
Mapa_Mate_superior.html:2.7:videos:0,Mapa_Mate_superior.html,Funciones Trascendentes y Trigonometría,2.7 · 2.7 Trigonometría del Triángulo Rectángulo,Videos,video,Razones trigonométricas en triángulos rectángulos,Julio Profe,,,https://www.youtube.com/results?search_query=Razones%20trigonom%C3%A9tricas%20en%20tri%C3%A1ngulos%20rect%C3%A1ngulos%20Julio%20Profe,pendiente,,,,,,,
Mapa_Mate_superior.html:2.7:videos:1,Mapa_Mate_superior.html,Funciones Trascendentes y Trigonometría,2.7 · 2.7 Trigonometría del Triángulo Rectángulo,Videos,video,Resolución de triángulos,Unicoos,,,https://www.youtube.com/results?search_query=Resoluci%C3%B3n%20de%20tri%C3%A1ngulos%20Unicoos,pendiente,,,,,,,
Mapa_Mate_superior.html:2.7:videos:2,Mapa_Mate_superior.html,Funciones Trascendentes y Trigonometría,2.7 · 2.7 Trigonometría del Triángulo Rectángulo,Videos,video,Triángulos rectángulos,Khan Academy en Español,,,https://www.youtube.com/results?search_query=Tri%C3%A1ngulos%20rect%C3%A1ngulos%20Khan%20Academy%20en%20Espa%C3%B1ol,pendiente,,,,,,,
Mapa_Mate_superior.html:2.7:videos:3,Mapa_Mate_superior.html,Funciones Trascendentes y Trigonometría,2.7 · 2.7 Trigonometría del Triángulo Rectángulo,Videos,video,Razones trigonométricas,Profe Alex,,,https://www.youtube.com/results?search_query=Razones%20trigonom%C3%A9tricas%20Profe%20Alex,pendiente,,,,,,,
Mapa_Mate_superior.html:2.7:biblio:0,Mapa_Mate_superior.html,Funciones Trascendentes y Trigonometría,2.7 · 2.7 Trigonometría del Triángulo Rectángulo,Bibliografía,libro,Precálculo 2ed,OpenStax,pp. 400-415,,https://www.google.com/search?q=Prec%C3%A1lculo%202ed%20OpenStax,pendiente,,,,,,,
Mapa_Mate_superior.html:2.7:biblio:1,Mapa_Mate_superior.html,Funciones Trascendentes y Trigonometría,2.7 · 2.7 Trigonometría del Triángulo Rectángulo,Bibliografía,libro,Álgebra y Trigonometría,OpenStax,pp. 710-725,,https://www.google.com/search?q=%C3%81lgebra%20y%20Trigonometr%C3%ADa%20OpenStax,pendiente,,,,,,,
Mapa_Mate_superior.html:2.7:biblio:2,Mapa_Mate_superior.html,Funciones Trascendentes y Trigonometría,2.7 · 2.7 Trigonometría del Triángulo Rectángulo,Bibliografía,libro,Precálculo,LibreTexts,pp. 40-55,,https://www.google.com/search?q=Prec%C3%A1lculo%20LibreTexts,pendiente,,,,,,,
Mapa_Mate_superior.html:2.7:biblio:3,Mapa_Mate_superior.html,Funciones Trascendentes y Trigonometría,2.7 · 2.7 Trigonometría del Triángulo Rectángulo,Bibliografía,libro,College Algebra,OpenStax,pp. 580-595,,https://www.google.com/search?q=College%20Algebra%20OpenStax,pendiente,,,,,,,
Mapa_Mate_superior.html:2.7:practica:0,Mapa_Mate_superior.html,Funciones Trascendentes y Trigonometría,2.7 · 2.7 Trigonometría del Triángulo Rectángulo,Práctica,practica,,,,,https://www.google.com/search?q=,pendiente,,,,,,,
Mapa_Mate_superior.html:2.7:practica:1,Mapa_Mate_superior.html,Funciones Trascendentes y Trigonometría,2.7 · 2.7 Trigonometría del Triángulo Rectángulo,Práctica,practica,,,,,https://www.google.com/search?q=,pendiente,,,,,,,
Mapa_Mate_superior.html:2.7:practica:2,Mapa_Mate_superior.html,Funciones Trascendentes y Trigonometría,2.7 · 2.7 Trigonometría del Triángulo Rectángulo,Práctica,practica,,,,,https://www.google.com/search?q=,pendiente,,,,,,,
Mapa_Mate_superior.html:2.7:practica:3,Mapa_Mate_superior.html,Funciones Trascendentes y Trigonometría,2.7 · 2.7 Trigonometría del Triángulo Rectángulo,Práctica,practica,,,,,https://www.google.com/search?q=,pendiente,,,,,,,
Mapa_Mate_superior.html:2.8:videos:0,Mapa_Mate_superior.html,Funciones Trascendentes y Trigonometría,2.8 · 2.8 Trigonometría Analítica y Leyes,Videos,video,Ley de senos y cosenos,Khan Academy en Español,,,https://www.youtube.com/results?search_query=Ley%20de%20senos%20y%20cosenos%20Khan%20Academy%20en%20Espa%C3%B1ol,pendiente,,,,,,,
Mapa_Mate_superior.html:2.8:videos:1,Mapa_Mate_superior.html,Funciones Trascendentes y Trigonometría,2.8 · 2.8 Trigonometría Analítica y Leyes,Videos,video,Aplicaciones trigonométricas,Profe Alex,,,https://www.youtube.com/results?search_query=Aplicaciones%20trigonom%C3%A9tricas%20Profe%20Alex,pendiente,,,,,,,
Mapa_Mate_superior.html:2.8:videos:2,Mapa_Mate_superior.html,Funciones Trascendentes y Trigonometría,2.8 · 2.8 Trigonometría Analítica y Leyes,Videos,video,Ley de los cosenos,Julio Profe,,,https://www.youtube.com/results?search_query=Ley%20de%20los%20cosenos%20Julio%20Profe,pendiente,,,,,,,
Mapa_Mate_superior.html:2.8:videos:3,Mapa_Mate_superior.html,Funciones Trascendentes y Trigonometría,2.8 · 2.8 Trigonometría Analítica y Leyes,Videos,video,Resolución de triángulos oblicuángulos,Unicoos,,,https://www.youtube.com/results?search_query=Resoluci%C3%B3n%20de%20tri%C3%A1ngulos%20oblicu%C3%A1ngulos%20Unicoos,pendiente,,,,,,,
Mapa_Mate_superior.html:2.8:biblio:0,Mapa_Mate_superior.html,Funciones Trascendentes y Trigonometría,2.8 · 2.8 Trigonometría Analítica y Leyes,Bibliografía,libro,Precálculo 2ed,OpenStax,pp. 420-435,,https://www.google.com/search?q=Prec%C3%A1lculo%202ed%20OpenStax,pendiente,,,,,,,
Mapa_Mate_superior.html:2.8:biblio:1,Mapa_Mate_superior.html,Funciones Trascendentes y Trigonometría,2.8 · 2.8 Trigonometría Analítica y Leyes,Bibliografía,libro,Álgebra y Trigonometría,OpenStax,pp. 730-745,,https://www.google.com/search?q=%C3%81lgebra%20y%20Trigonometr%C3%ADa%20OpenStax,pendiente,,,,,,,
Mapa_Mate_superior.html:2.8:biblio:2,Mapa_Mate_superior.html,Funciones Trascendentes y Trigonometría,2.8 · 2.8 Trigonometría Analítica y Leyes,Bibliografía,libro,Precálculo 2ed,OpenStax,pp. 436-445,,https://www.google.com/search?q=Prec%C3%A1lculo%202ed%20OpenStax,pendiente,,,,,,,
Mapa_Mate_superior.html:2.8:biblio:3,Mapa_Mate_superior.html,Funciones Trascendentes y Trigonometría,2.8 · 2.8 Trigonometría Analítica y Leyes,Bibliografía,libro,Precálculo,LibreTexts,pp. 10-25,,https://www.google.com/search?q=Prec%C3%A1lculo%20LibreTexts,pendiente,,,,,,,
Mapa_Mate_superior.html:2.8:practica:0,Mapa_Mate_superior.html,Funciones Trascendentes y Trigonometría,2.8 · 2.8 Trigonometría Analítica y Leyes,Práctica,practica,,,,,https://www.google.com/search?q=,pendiente,,,,,,,
Mapa_Mate_superior.html:2.8:practica:1,Mapa_Mate_superior.html,Funciones Trascendentes y Trigonometría,2.8 · 2.8 Trigonometría Analítica y Leyes,Práctica,practica,,,,,https://www.google.com/search?q=,pendiente,,,,,,,
Mapa_Mate_superior.html:2.8:practica:2,Mapa_Mate_superior.html,Funciones Trascendentes y Trigonometría,2.8 · 2.8 Trigonometría Analítica y Leyes,Práctica,practica,,,,,https://www.google.com/search?q=,pendiente,,,,,,,
Mapa_Mate_superior.html:2.8:practica:3,Mapa_Mate_superior.html,Funciones Trascendentes y Trigonometría,2.8 · 2.8 Trigonometría Analítica y Leyes,Práctica,practica,,,,,https://www.google.com/search?q=,pendiente,,,,,,,
Mapa_Mate_superior.html:2.9:videos:0,Mapa_Mate_superior.html,Funciones Trascendentes y Trigonometría,2.9 · 2.9 Identidades Trigonométricas,Videos,video,Demostración de identidades trigonométricas,Julio Profe,,,https://www.youtube.com/results?search_query=Demostraci%C3%B3n%20de%20identidades%20trigonom%C3%A9tricas%20Julio%20Profe,pendiente,,,,,,,
Mapa_Mate_superior.html:2.9:videos:1,Mapa_Mate_superior.html,Funciones Trascendentes y Trigonometría,2.9 · 2.9 Identidades Trigonométricas,Videos,video,Identidades fundamentales,Unicoos,,,https://www.youtube.com/results?search_query=Identidades%20fundamentales%20Unicoos,pendiente,,,,,,,
Mapa_Mate_superior.html:2.9:videos:2,Mapa_Mate_superior.html,Funciones Trascendentes y Trigonometría,2.9 · 2.9 Identidades Trigonométricas,Videos,video,Identidades trigonométricas,Khan Academy en Español,,,https://www.youtube.com/results?search_query=Identidades%20trigonom%C3%A9tricas%20Khan%20Academy%20en%20Espa%C3%B1ol,pendiente,,,,,,,
Mapa_Mate_superior.html:2.9:videos:3,Mapa_Mate_superior.html,Funciones Trascendentes y Trigonometría,2.9 · 2.9 Identidades Trigonométricas,Videos,video,Identidades de suma y resta de ángulos,Profe Alex,,,https://www.youtube.com/results?search_query=Identidades%20de%20suma%20y%20resta%20de%20%C3%A1ngulos%20Profe%20Alex,pendiente,,,,,,,
Mapa_Mate_superior.html:2.9:biblio:0,Mapa_Mate_superior.html,Funciones Trascendentes y Trigonometría,2.9 · 2.9 Identidades Trigonométricas,Bibliografía,libro,Precálculo 2ed,OpenStax,pp. 460-475,,https://www.google.com/search?q=Prec%C3%A1lculo%202ed%20OpenStax,pendiente,,,,,,,
Mapa_Mate_superior.html:2.9:biblio:1,Mapa_Mate_superior.html,Funciones Trascendentes y Trigonometría,2.9 · 2.9 Identidades Trigonométricas,Bibliografía,libro,Álgebra y Trigonometría,OpenStax,pp. 780-795,,https://www.google.com/search?q=%C3%81lgebra%20y%20Trigonometr%C3%ADa%20OpenStax,pendiente,,,,,,,
Mapa_Mate_superior.html:2.9:biblio:2,Mapa_Mate_superior.html,Funciones Trascendentes y Trigonometría,2.9 · 2.9 Identidades Trigonométricas,Bibliografía,libro,Precálculo 2ed,OpenStax,pp. 476-485,,https://www.google.com/search?q=Prec%C3%A1lculo%202ed%20OpenStax,pendiente,,,,,,,
Mapa_Mate_superior.html:2.9:biblio:3,Mapa_Mate_superior.html,Funciones Trascendentes y Trigonometría,2.9 · 2.9 Identidades Trigonométricas,Bibliografía,libro,Precálculo,LibreTexts,pp. 30-45,,https://www.google.com/search?q=Prec%C3%A1lculo%20LibreTexts,pendiente,,,,,,,
Mapa_Mate_superior.html:2.9:practica:0,Mapa_Mate_superior.html,Funciones Trascendentes y Trigonometría,2.9 · 2.9 Identidades Trigonométricas,Práctica,practica,,,,,https://www.google.com/search?q=,pendiente,,,,,,,
Mapa_Mate_superior.html:2.9:practica:1,Mapa_Mate_superior.html,Funciones Trascendentes y Trigonometría,2.9 · 2.9 Identidades Trigonométricas,Práctica,practica,,,,,https://www.google.com/search?q=,pendiente,,,,,,,
Mapa_Mate_superior.html:2.9:practica:2,Mapa_Mate_superior.html,Funciones Trascendentes y Trigonometría,2.9 · 2.9 Identidades Trigonométricas,Práctica,practica,,,,,https://www.google.com/search?q=,pendiente,,,,,,,
Mapa_Mate_superior.html:2.9:practica:3,Mapa_Mate_superior.html,Funciones Trascendentes y Trigonometría,2.9 · 2.9 Identidades Trigonométricas,Práctica,practica,,,,,https://www.google.com/search?q=,pendiente,,,,,,,
Mapa_Mate_superior.html:2.10:videos:0,Mapa_Mate_superior.html,Funciones Trascendentes y Trigonometría,2.10 · 2.10 Funciones Trigonométricas Inversas,Videos,video,Funciones trigonométricas inversas,Profe Alex,,,https://www.youtube.com/results?search_query=Funciones%20trigonom%C3%A9tricas%20inversas%20Profe%20Alex,pendiente,,,,,,,
Mapa_Mate_superior.html:2.10:videos:1,Mapa_Mate_superior.html,Funciones Trascendentes y Trigonometría,2.10 · 2.10 Funciones Trigonométricas Inversas,Videos,video,Evaluación de inversas trigonométricas,Khan Academy en Español,,,https://www.youtube.com/results?search_query=Evaluaci%C3%B3n%20de%20inversas%20trigonom%C3%A9tricas%20Khan%20Academy%20en%20Espa%C3%B1ol,pendiente,,,,,,,
Mapa_Mate_superior.html:2.10:videos:2,Mapa_Mate_superior.html,Funciones Trascendentes y Trigonometría,2.10 · 2.10 Funciones Trigonométricas Inversas,Videos,video,"Funciones inversas (arcsen, arccos)",Julio Profe,,,https://www.youtube.com/results?search_query=Funciones%20inversas%20(arcsen%2C%20arccos)%20Julio%20Profe,pendiente,,,,,,,
Mapa_Mate_superior.html:2.10:videos:3,Mapa_Mate_superior.html,Funciones Trascendentes y Trigonometría,2.10 · 2.10 Funciones Trigonométricas Inversas,Videos,video,Restricciones de inversas,Unicoos,,,https://www.youtube.com/results?search_query=Restricciones%20de%20inversas%20Unicoos,pendiente,,,,,,,
Mapa_Mate_superior.html:2.10:biblio:0,Mapa_Mate_superior.html,Funciones Trascendentes y Trigonometría,2.10 · 2.10 Funciones Trigonométricas Inversas,Bibliografía,libro,Precálculo 2ed,OpenStax,pp. 386-399,,https://www.google.com/search?q=Prec%C3%A1lculo%202ed%20OpenStax,pendiente,,,,,,,
Mapa_Mate_superior.html:2.10:biblio:1,Mapa_Mate_superior.html,Funciones Trascendentes y Trigonometría,2.10 · 2.10 Funciones Trigonométricas Inversas,Bibliografía,libro,Álgebra y Trigonometría,OpenStax,pp. 690-705,,https://www.google.com/search?q=%C3%81lgebra%20y%20Trigonometr%C3%ADa%20OpenStax,pendiente,,,,,,,
Mapa_Mate_superior.html:2.10:biblio:2,Mapa_Mate_superior.html,Funciones Trascendentes y Trigonometría,2.10 · 2.10 Funciones Trigonométricas Inversas,Bibliografía,libro,Precálculo,LibreTexts,pp. 60-75,,https://www.google.com/search?q=Prec%C3%A1lculo%20LibreTexts,pendiente,,,,,,,
Mapa_Mate_superior.html:2.10:biblio:3,Mapa_Mate_superior.html,Funciones Trascendentes y Trigonometría,2.10 · 2.10 Funciones Trigonométricas Inversas,Bibliografía,libro,College Algebra,OpenStax,pp. 560-575,,https://www.google.com/search?q=College%20Algebra%20OpenStax,pendiente,,,,,,,
Mapa_Mate_superior.html:2.10:practica:0,Mapa_Mate_superior.html,Funciones Trascendentes y Trigonometría,2.10 · 2.10 Funciones Trigonométricas Inversas,Práctica,practica,,,,,https://www.google.com/search?q=,pendiente,,,,,,,
Mapa_Mate_superior.html:2.10:practica:1,Mapa_Mate_superior.html,Funciones Trascendentes y Trigonometría,2.10 · 2.10 Funciones Trigonométricas Inversas,Práctica,practica,,,,,https://www.google.com/search?q=,pendiente,,,,,,,
Mapa_Mate_superior.html:2.10:practica:2,Mapa_Mate_superior.html,Funciones Trascendentes y Trigonometría,2.10 · 2.10 Funciones Trigonométricas Inversas,Práctica,practica,,,,,https://www.google.com/search?q=,pendiente,,,,,,,
Mapa_Mate_superior.html:2.10:practica:3,Mapa_Mate_superior.html,Funciones Trascendentes y Trigonometría,2.10 · 2.10 Funciones Trigonométricas Inversas,Práctica,practica,,,,,https://www.google.com/search?q=,pendiente,,,,,,,
Mapa_Mate_superior.html:2.11:videos:0,Mapa_Mate_superior.html,Funciones Trascendentes y Trigonometría,2.11 · 2.11 Ecuaciones Trigonométricas,Videos,video,Ecuaciones trigonométricas de primer y segundo grado,Julio Profe,,,https://www.youtube.com/results?search_query=Ecuaciones%20trigonom%C3%A9tricas%20de%20primer%20y%20segundo%20grado%20Julio%20Profe,pendiente,,,,,,,
Mapa_Mate_superior.html:2.11:videos:1,Mapa_Mate_superior.html,Funciones Trascendentes y Trigonometría,2.11 · 2.11 Ecuaciones Trigonométricas,Videos,video,Ecuaciones con identidades,Unicoos,,,https://www.youtube.com/results?search_query=Ecuaciones%20con%20identidades%20Unicoos,pendiente,,,,,,,
Mapa_Mate_superior.html:2.11:videos:2,Mapa_Mate_superior.html,Funciones Trascendentes y Trigonometría,2.11 · 2.11 Ecuaciones Trigonométricas,Videos,video,Ecuaciones trigonométricas,Khan Academy en Español,,,https://www.youtube.com/results?search_query=Ecuaciones%20trigonom%C3%A9tricas%20Khan%20Academy%20en%20Espa%C3%B1ol,pendiente,,,,,,,
Mapa_Mate_superior.html:2.11:videos:3,Mapa_Mate_superior.html,Funciones Trascendentes y Trigonometría,2.11 · 2.11 Ecuaciones Trigonométricas,Videos,video,Resolución de ecuaciones trigonométricas,Profe Alex,,,https://www.youtube.com/results?search_query=Resoluci%C3%B3n%20de%20ecuaciones%20trigonom%C3%A9tricas%20Profe%20Alex,pendiente,,,,,,,
Mapa_Mate_superior.html:2.11:biblio:0,Mapa_Mate_superior.html,Funciones Trascendentes y Trigonometría,2.11 · 2.11 Ecuaciones Trigonométricas,Bibliografía,libro,Precálculo 2ed,OpenStax,pp. 500-515,,https://www.google.com/search?q=Prec%C3%A1lculo%202ed%20OpenStax,pendiente,,,,,,,
Mapa_Mate_superior.html:2.11:biblio:1,Mapa_Mate_superior.html,Funciones Trascendentes y Trigonometría,2.11 · 2.11 Ecuaciones Trigonométricas,Bibliografía,libro,Álgebra y Trigonometría,OpenStax,pp. 830-845,,https://www.google.com/search?q=%C3%81lgebra%20y%20Trigonometr%C3%ADa%20OpenStax,pendiente,,,,,,,
Mapa_Mate_superior.html:2.11:biblio:2,Mapa_Mate_superior.html,Funciones Trascendentes y Trigonometría,2.11 · 2.11 Ecuaciones Trigonométricas,Bibliografía,libro,Precálculo,LibreTexts,pp. 80-95,,https://www.google.com/search?q=Prec%C3%A1lculo%20LibreTexts,pendiente,,,,,,,
Mapa_Mate_superior.html:2.11:biblio:3,Mapa_Mate_superior.html,Funciones Trascendentes y Trigonometría,2.11 · 2.11 Ecuaciones Trigonométricas,Bibliografía,libro,College Algebra,OpenStax,pp. 610-625,,https://www.google.com/search?q=College%20Algebra%20OpenStax,pendiente,,,,,,,
Mapa_Mate_superior.html:2.11:practica:0,Mapa_Mate_superior.html,Funciones Trascendentes y Trigonometría,2.11 · 2.11 Ecuaciones Trigonométricas,Práctica,practica,,,,,https://www.google.com/search?q=,pendiente,,,,,,,
Mapa_Mate_superior.html:2.11:practica:1,Mapa_Mate_superior.html,Funciones Trascendentes y Trigonometría,2.11 · 2.11 Ecuaciones Trigonométricas,Práctica,practica,,,,,https://www.google.com/search?q=,pendiente,,,,,,,
Mapa_Mate_superior.html:2.11:practica:2,Mapa_Mate_superior.html,Funciones Trascendentes y Trigonometría,2.11 · 2.11 Ecuaciones Trigonométricas,Práctica,practica,,,,,https://www.google.com/search?q=,pendiente,,,,,,,
Mapa_Mate_superior.html:2.11:practica:3,Mapa_Mate_superior.html,Funciones Trascendentes y Trigonometría,2.11 · 2.11 Ecuaciones Trigonométricas,Práctica,practica,,,,,https://www.google.com/search?q=,pendiente,,,,,,,
Mapa_Mate_superior.html:3.1:videos:0,Mapa_Mate_superior.html,Álgebra Lineal y Matrices,3.1 · 3.1 Matrices y Operaciones,Videos,video,Operaciones con matrices y propiedades,Profe Alex,,,https://www.youtube.com/results?search_query=Operaciones%20con%20matrices%20y%20propiedades%20Profe%20Alex,pendiente,,,,,,,
Mapa_Mate_superior.html:3.1:videos:1,Mapa_Mate_superior.html,Álgebra Lineal y Matrices,3.1 · 3.1 Matrices y Operaciones,Videos,video,Multiplicación matricial,Julio Profe,,,https://www.youtube.com/results?search_query=Multiplicaci%C3%B3n%20matricial%20Julio%20Profe,pendiente,,,,,,,
Mapa_Mate_superior.html:3.1:videos:2,Mapa_Mate_superior.html,Álgebra Lineal y Matrices,3.1 · 3.1 Matrices y Operaciones,Videos,video,Multiplicación de matrices,Khan Academy en Español,,,https://www.youtube.com/results?search_query=Multiplicaci%C3%B3n%20de%20matrices%20Khan%20Academy%20en%20Espa%C3%B1ol,pendiente,,,,,,,
Mapa_Mate_superior.html:3.1:videos:3,Mapa_Mate_superior.html,Álgebra Lineal y Matrices,3.1 · 3.1 Matrices y Operaciones,Videos,video,Suma y producto de matrices,Unicoos,,,https://www.youtube.com/results?search_query=Suma%20y%20producto%20de%20matrices%20Unicoos,pendiente,,,,,,,
Mapa_Mate_superior.html:3.1:biblio:0,Mapa_Mate_superior.html,Álgebra Lineal y Matrices,3.1 · 3.1 Matrices y Operaciones,Bibliografía,libro,Precálculo 2ed,OpenStax,pp. 610-625,,https://www.google.com/search?q=Prec%C3%A1lculo%202ed%20OpenStax,pendiente,,,,,,,
Mapa_Mate_superior.html:3.1:biblio:1,Mapa_Mate_superior.html,Álgebra Lineal y Matrices,3.1 · 3.1 Matrices y Operaciones,Bibliografía,libro,Álgebra y Trigonometría,OpenStax,pp. 980-995,,https://www.google.com/search?q=%C3%81lgebra%20y%20Trigonometr%C3%ADa%20OpenStax,pendiente,,,,,,,
Mapa_Mate_superior.html:3.1:biblio:2,Mapa_Mate_superior.html,Álgebra Lineal y Matrices,3.1 · 3.1 Matrices y Operaciones,Bibliografía,libro,Precálculo,LibreTexts,pp. 10-25,,https://www.google.com/search?q=Prec%C3%A1lculo%20LibreTexts,pendiente,,,,,,,
Mapa_Mate_superior.html:3.1:biblio:3,Mapa_Mate_superior.html,Álgebra Lineal y Matrices,3.1 · 3.1 Matrices y Operaciones,Bibliografía,libro,College Algebra,OpenStax,pp. 760-775,,https://www.google.com/search?q=College%20Algebra%20OpenStax,pendiente,,,,,,,
Mapa_Mate_superior.html:3.1:practica:0,Mapa_Mate_superior.html,Álgebra Lineal y Matrices,3.1 · 3.1 Matrices y Operaciones,Práctica,practica,,,,,https://www.google.com/search?q=,pendiente,,,,,,,
Mapa_Mate_superior.html:3.1:practica:1,Mapa_Mate_superior.html,Álgebra Lineal y Matrices,3.1 · 3.1 Matrices y Operaciones,Práctica,practica,,,,,https://www.google.com/search?q=,pendiente,,,,,,,
Mapa_Mate_superior.html:3.1:practica:2,Mapa_Mate_superior.html,Álgebra Lineal y Matrices,3.1 · 3.1 Matrices y Operaciones,Práctica,practica,,,,,https://www.google.com/search?q=,pendiente,,,,,,,
Mapa_Mate_superior.html:3.1:practica:3,Mapa_Mate_superior.html,Álgebra Lineal y Matrices,3.1 · 3.1 Matrices y Operaciones,Práctica,practica,,,,,https://www.google.com/search?q=,pendiente,,,,,,,
Mapa_Mate_superior.html:3.2:videos:0,Mapa_Mate_superior.html,Álgebra Lineal y Matrices,3.2 · 3.2 Operaciones con Gauss-Jordan,Videos,video,Método de Gauss-Jordan,Profe Alex,,,https://www.youtube.com/results?search_query=M%C3%A9todo%20de%20Gauss-Jordan%20Profe%20Alex,pendiente,,,,,,,
Mapa_Mate_superior.html:3.2:videos:1,Mapa_Mate_superior.html,Álgebra Lineal y Matrices,3.2 · 3.2 Operaciones con Gauss-Jordan,Videos,video,Eliminación por reducción de filas,Khan Academy en Español,,,https://www.youtube.com/results?search_query=Eliminaci%C3%B3n%20por%20reducci%C3%B3n%20de%20filas%20Khan%20Academy%20en%20Espa%C3%B1ol,pendiente,,,,,,,
Mapa_Mate_superior.html:3.2:videos:2,Mapa_Mate_superior.html,Álgebra Lineal y Matrices,3.2 · 3.2 Operaciones con Gauss-Jordan,Videos,video,Método de eliminación de Gauss,Julio Profe,,,https://www.youtube.com/results?search_query=M%C3%A9todo%20de%20eliminaci%C3%B3n%20de%20Gauss%20Julio%20Profe,pendiente,,,,,,,
Mapa_Mate_superior.html:3.2:videos:3,Mapa_Mate_superior.html,Álgebra Lineal y Matrices,3.2 · 3.2 Operaciones con Gauss-Jordan,Videos,video,Matriz escalonada reducida,Unicoos,,,https://www.youtube.com/results?search_query=Matriz%20escalonada%20reducida%20Unicoos,pendiente,,,,,,,
Mapa_Mate_superior.html:3.2:biblio:0,Mapa_Mate_superior.html,Álgebra Lineal y Matrices,3.2 · 3.2 Operaciones con Gauss-Jordan,Bibliografía,libro,Precálculo 2ed,OpenStax,pp. 626-640,,https://www.google.com/search?q=Prec%C3%A1lculo%202ed%20OpenStax,pendiente,,,,,,,
Mapa_Mate_superior.html:3.2:biblio:1,Mapa_Mate_superior.html,Álgebra Lineal y Matrices,3.2 · 3.2 Operaciones con Gauss-Jordan,Bibliografía,libro,Álgebra y Trigonometría,OpenStax,pp. 1000-1015,,https://www.google.com/search?q=%C3%81lgebra%20y%20Trigonometr%C3%ADa%20OpenStax,pendiente,,,,,,,
Mapa_Mate_superior.html:3.2:biblio:2,Mapa_Mate_superior.html,Álgebra Lineal y Matrices,3.2 · 3.2 Operaciones con Gauss-Jordan,Bibliografía,libro,Precálculo,LibreTexts,pp. 30-45,,https://www.google.com/search?q=Prec%C3%A1lculo%20LibreTexts,pendiente,,,,,,,
Mapa_Mate_superior.html:3.2:biblio:3,Mapa_Mate_superior.html,Álgebra Lineal y Matrices,3.2 · 3.2 Operaciones con Gauss-Jordan,Bibliografía,libro,Precálculo 2ed,OpenStax,pp. 580-590,,https://www.google.com/search?q=Prec%C3%A1lculo%202ed%20OpenStax,pendiente,,,,,,,
Mapa_Mate_superior.html:3.2:practica:0,Mapa_Mate_superior.html,Álgebra Lineal y Matrices,3.2 · 3.2 Operaciones con Gauss-Jordan,Práctica,practica,,,,,https://www.google.com/search?q=,pendiente,,,,,,,
Mapa_Mate_superior.html:3.2:practica:1,Mapa_Mate_superior.html,Álgebra Lineal y Matrices,3.2 · 3.2 Operaciones con Gauss-Jordan,Práctica,practica,,,,,https://www.google.com/search?q=,pendiente,,,,,,,
Mapa_Mate_superior.html:3.2:practica:2,Mapa_Mate_superior.html,Álgebra Lineal y Matrices,3.2 · 3.2 Operaciones con Gauss-Jordan,Práctica,practica,,,,,https://www.google.com/search?q=,pendiente,,,,,,,
Mapa_Mate_superior.html:3.2:practica:3,Mapa_Mate_superior.html,Álgebra Lineal y Matrices,3.2 · 3.2 Operaciones con Gauss-Jordan,Práctica,practica,,,,,https://www.google.com/search?q=,pendiente,,,,,,,
Mapa_Mate_superior.html:3.3:videos:0,Mapa_Mate_superior.html,Álgebra Lineal y Matrices,3.3 · 3.3 Determinantes (2x2 y 3x3),Videos,video,Determinante 3x3 por Sarrus y cofactores,Julio Profe,,,https://www.youtube.com/results?search_query=Determinante%203x3%20por%20Sarrus%20y%20cofactores%20Julio%20Profe,pendiente,,,,,,,
Mapa_Mate_superior.html:3.3:videos:1,Mapa_Mate_superior.html,Álgebra Lineal y Matrices,3.3 · 3.3 Determinantes (2x2 y 3x3),Videos,video,Cálculo de determinantes,Unicoos,,,https://www.youtube.com/results?search_query=C%C3%A1lculo%20de%20determinantes%20Unicoos,pendiente,,,,,,,
Mapa_Mate_superior.html:3.3:videos:2,Mapa_Mate_superior.html,Álgebra Lineal y Matrices,3.3 · 3.3 Determinantes (2x2 y 3x3),Videos,video,Determinante de una matriz,Profe Alex,,,https://www.youtube.com/results?search_query=Determinante%20de%20una%20matriz%20Profe%20Alex,pendiente,,,,,,,
Mapa_Mate_superior.html:3.3:videos:3,Mapa_Mate_superior.html,Álgebra Lineal y Matrices,3.3 · 3.3 Determinantes (2x2 y 3x3),Videos,video,Menores y cofactores,Khan Academy en Español,,,https://www.youtube.com/results?search_query=Menores%20y%20cofactores%20Khan%20Academy%20en%20Espa%C3%B1ol,pendiente,,,,,,,
Mapa_Mate_superior.html:3.3:biblio:0,Mapa_Mate_superior.html,Álgebra Lineal y Matrices,3.3 · 3.3 Determinantes (2x2 y 3x3),Bibliografía,libro,Precálculo 2ed,OpenStax,pp. 641-655,,https://www.google.com/search?q=Prec%C3%A1lculo%202ed%20OpenStax,pendiente,,,,,,,
Mapa_Mate_superior.html:3.3:biblio:1,Mapa_Mate_superior.html,Álgebra Lineal y Matrices,3.3 · 3.3 Determinantes (2x2 y 3x3),Bibliografía,libro,Álgebra y Trigonometría,OpenStax,pp. 1020-1035,,https://www.google.com/search?q=%C3%81lgebra%20y%20Trigonometr%C3%ADa%20OpenStax,pendiente,,,,,,,
Mapa_Mate_superior.html:3.3:biblio:2,Mapa_Mate_superior.html,Álgebra Lineal y Matrices,3.3 · 3.3 Determinantes (2x2 y 3x3),Bibliografía,libro,Precálculo,LibreTexts,pp. 50-65,,https://www.google.com/search?q=Prec%C3%A1lculo%20LibreTexts,pendiente,,,,,,,
Mapa_Mate_superior.html:3.3:biblio:3,Mapa_Mate_superior.html,Álgebra Lineal y Matrices,3.3 · 3.3 Determinantes (2x2 y 3x3),Bibliografía,libro,College Algebra,OpenStax,pp. 780-795,,https://www.google.com/search?q=College%20Algebra%20OpenStax,pendiente,,,,,,,
Mapa_Mate_superior.html:3.3:practica:0,Mapa_Mate_superior.html,Álgebra Lineal y Matrices,3.3 · 3.3 Determinantes (2x2 y 3x3),Práctica,practica,,,,,https://www.google.com/search?q=,pendiente,,,,,,,
Mapa_Mate_superior.html:3.3:practica:1,Mapa_Mate_superior.html,Álgebra Lineal y Matrices,3.3 · 3.3 Determinantes (2x2 y 3x3),Práctica,practica,,,,,https://www.google.com/search?q=,pendiente,,,,,,,
Mapa_Mate_superior.html:3.3:practica:2,Mapa_Mate_superior.html,Álgebra Lineal y Matrices,3.3 · 3.3 Determinantes (2x2 y 3x3),Práctica,practica,,,,,https://www.google.com/search?q=,pendiente,,,,,,,
Mapa_Mate_superior.html:3.3:practica:3,Mapa_Mate_superior.html,Álgebra Lineal y Matrices,3.3 · 3.3 Determinantes (2x2 y 3x3),Práctica,practica,,,,,https://www.google.com/search?q=,pendiente,,,,,,,
Mapa_Mate_superior.html:3.4:videos:0,Mapa_Mate_superior.html,Álgebra Lineal y Matrices,3.4 · 3.4 Matriz Inversa por Gauss-Jordan,Videos,video,Matriz inversa por eliminación gaussiana,Profe Alex,,,https://www.youtube.com/results?search_query=Matriz%20inversa%20por%20eliminaci%C3%B3n%20gaussiana%20Profe%20Alex,pendiente,,,,,,,
Mapa_Mate_superior.html:3.4:videos:1,Mapa_Mate_superior.html,Álgebra Lineal y Matrices,3.4 · 3.4 Matriz Inversa por Gauss-Jordan,Videos,video,Inversa de matrices,Khan Academy en Español,,,https://www.youtube.com/results?search_query=Inversa%20de%20matrices%20Khan%20Academy%20en%20Espa%C3%B1ol,pendiente,,,,,,,
Mapa_Mate_superior.html:3.4:videos:2,Mapa_Mate_superior.html,Álgebra Lineal y Matrices,3.4 · 3.4 Matriz Inversa por Gauss-Jordan,Videos,video,Cálculo de la matriz inversa (Gauss),Julio Profe,,,https://www.youtube.com/results?search_query=C%C3%A1lculo%20de%20la%20matriz%20inversa%20(Gauss)%20Julio%20Profe,pendiente,,,,,,,
Mapa_Mate_superior.html:3.4:videos:3,Mapa_Mate_superior.html,Álgebra Lineal y Matrices,3.4 · 3.4 Matriz Inversa por Gauss-Jordan,Videos,video,Inversa por método de Gauss,Unicoos,,,https://www.youtube.com/results?search_query=Inversa%20por%20m%C3%A9todo%20de%20Gauss%20Unicoos,pendiente,,,,,,,
Mapa_Mate_superior.html:3.4:biblio:0,Mapa_Mate_superior.html,Álgebra Lineal y Matrices,3.4 · 3.4 Matriz Inversa por Gauss-Jordan,Bibliografía,libro,Precálculo 2ed,OpenStax,pp. 630-640,,https://www.google.com/search?q=Prec%C3%A1lculo%202ed%20OpenStax,pendiente,,,,,,,
Mapa_Mate_superior.html:3.4:biblio:1,Mapa_Mate_superior.html,Álgebra Lineal y Matrices,3.4 · 3.4 Matriz Inversa por Gauss-Jordan,Bibliografía,libro,Álgebra y Trigonometría,OpenStax,pp. 1040-1055,,https://www.google.com/search?q=%C3%81lgebra%20y%20Trigonometr%C3%ADa%20OpenStax,pendiente,,,,,,,
Mapa_Mate_superior.html:3.4:biblio:2,Mapa_Mate_superior.html,Álgebra Lineal y Matrices,3.4 · 3.4 Matriz Inversa por Gauss-Jordan,Bibliografía,libro,Precálculo,LibreTexts,pp. 70-85,,https://www.google.com/search?q=Prec%C3%A1lculo%20LibreTexts,pendiente,,,,,,,
Mapa_Mate_superior.html:3.4:biblio:3,Mapa_Mate_superior.html,Álgebra Lineal y Matrices,3.4 · 3.4 Matriz Inversa por Gauss-Jordan,Bibliografía,libro,College Algebra,OpenStax,pp. 800-815,,https://www.google.com/search?q=College%20Algebra%20OpenStax,pendiente,,,,,,,
Mapa_Mate_superior.html:3.4:practica:0,Mapa_Mate_superior.html,Álgebra Lineal y Matrices,3.4 · 3.4 Matriz Inversa por Gauss-Jordan,Práctica,practica,,,,,https://www.google.com/search?q=,pendiente,,,,,,,
Mapa_Mate_superior.html:3.4:practica:1,Mapa_Mate_superior.html,Álgebra Lineal y Matrices,3.4 · 3.4 Matriz Inversa por Gauss-Jordan,Práctica,practica,,,,,https://www.google.com/search?q=,pendiente,,,,,,,
Mapa_Mate_superior.html:3.4:practica:2,Mapa_Mate_superior.html,Álgebra Lineal y Matrices,3.4 · 3.4 Matriz Inversa por Gauss-Jordan,Práctica,practica,,,,,https://www.google.com/search?q=,pendiente,,,,,,,
Mapa_Mate_superior.html:3.4:practica:3,Mapa_Mate_superior.html,Álgebra Lineal y Matrices,3.4 · 3.4 Matriz Inversa por Gauss-Jordan,Práctica,practica,,,,,https://www.google.com/search?q=,pendiente,,,,,,,
Mapa_Mate_superior.html:3.5:videos:0,Mapa_Mate_superior.html,Álgebra Lineal y Matrices,3.5 · 3.5 Matriz Inversa por Adjunta,Videos,video,Matriz inversa mediante la adjunta,Julio Profe,,,https://www.youtube.com/results?search_query=Matriz%20inversa%20mediante%20la%20adjunta%20Julio%20Profe,pendiente,,,,,,,
Mapa_Mate_superior.html:3.5:videos:1,Mapa_Mate_superior.html,Álgebra Lineal y Matrices,3.5 · 3.5 Matriz Inversa por Adjunta,Videos,video,Cálculo de la adjunta y determinante,Unicoos,,,https://www.youtube.com/results?search_query=C%C3%A1lculo%20de%20la%20adjunta%20y%20determinante%20Unicoos,pendiente,,,,,,,
Mapa_Mate_superior.html:3.5:videos:2,Mapa_Mate_superior.html,Álgebra Lineal y Matrices,3.5 · 3.5 Matriz Inversa por Adjunta,Videos,video,Matriz adjunta y inversa,Profe Alex,,,https://www.youtube.com/results?search_query=Matriz%20adjunta%20y%20inversa%20Profe%20Alex,pendiente,,,,,,,
Mapa_Mate_superior.html:3.5:videos:3,Mapa_Mate_superior.html,Álgebra Lineal y Matrices,3.5 · 3.5 Matriz Inversa por Adjunta,Videos,video,Inversa por matriz de cofactores,MathEasy Solutions,,,https://www.youtube.com/results?search_query=Inversa%20por%20matriz%20de%20cofactores%20MathEasy%20Solutions,pendiente,,,,,,,
Mapa_Mate_superior.html:3.5:biblio:0,Mapa_Mate_superior.html,Álgebra Lineal y Matrices,3.5 · 3.5 Matriz Inversa por Adjunta,Bibliografía,libro,Álgebra y Trigonometría,OpenStax,pp. 1056-1065,,https://www.google.com/search?q=%C3%81lgebra%20y%20Trigonometr%C3%ADa%20OpenStax,pendiente,,,,,,,
Mapa_Mate_superior.html:3.5:biblio:1,Mapa_Mate_superior.html,Álgebra Lineal y Matrices,3.5 · 3.5 Matriz Inversa por Adjunta,Bibliografía,libro,Precálculo,LibreTexts,pp. 90-105,,https://www.google.com/search?q=Prec%C3%A1lculo%20LibreTexts,pendiente,,,,,,,
Mapa_Mate_superior.html:3.5:biblio:2,Mapa_Mate_superior.html,Álgebra Lineal y Matrices,3.5 · 3.5 Matriz Inversa por Adjunta,Bibliografía,libro,Precálculo 2ed,OpenStax,pp. 650-660,,https://www.google.com/search?q=Prec%C3%A1lculo%202ed%20OpenStax,pendiente,,,,,,,
Mapa_Mate_superior.html:3.5:biblio:3,Mapa_Mate_superior.html,Álgebra Lineal y Matrices,3.5 · 3.5 Matriz Inversa por Adjunta,Bibliografía,libro,College Algebra,OpenStax,pp. 810-820,,https://www.google.com/search?q=College%20Algebra%20OpenStax,pendiente,,,,,,,
Mapa_Mate_superior.html:3.5:practica:0,Mapa_Mate_superior.html,Álgebra Lineal y Matrices,3.5 · 3.5 Matriz Inversa por Adjunta,Práctica,practica,,,,,https://www.google.com/search?q=,pendiente,,,,,,,
Mapa_Mate_superior.html:3.5:practica:1,Mapa_Mate_superior.html,Álgebra Lineal y Matrices,3.5 · 3.5 Matriz Inversa por Adjunta,Práctica,practica,,,,,https://www.google.com/search?q=,pendiente,,,,,,,
Mapa_Mate_superior.html:3.5:practica:2,Mapa_Mate_superior.html,Álgebra Lineal y Matrices,3.5 · 3.5 Matriz Inversa por Adjunta,Práctica,practica,,,,,https://www.google.com/search?q=,pendiente,,,,,,,
Mapa_Mate_superior.html:3.5:practica:3,Mapa_Mate_superior.html,Álgebra Lineal y Matrices,3.5 · 3.5 Matriz Inversa por Adjunta,Práctica,practica,,,,,https://www.google.com/search?q=,pendiente,,,,,,,
Mapa_Mate_superior.html:3.6:videos:0,Mapa_Mate_superior.html,Álgebra Lineal y Matrices,3.6 · 3.6 Solución de Sistemas Lineales,Videos,video,Sistemas de ecuaciones con la Regla de Cramer,Profe Alex,,,https://www.youtube.com/results?search_query=Sistemas%20de%20ecuaciones%20con%20la%20Regla%20de%20Cramer%20Profe%20Alex,pendiente,,,,,,,
Mapa_Mate_superior.html:3.6:videos:1,Mapa_Mate_superior.html,Álgebra Lineal y Matrices,3.6 · 3.6 Solución de Sistemas Lineales,Videos,video,Resolución matricial de sistemas,Julio Profe,,,https://www.youtube.com/results?search_query=Resoluci%C3%B3n%20matricial%20de%20sistemas%20Julio%20Profe,pendiente,,,,,,,
Mapa_Mate_superior.html:3.6:videos:2,Mapa_Mate_superior.html,Álgebra Lineal y Matrices,3.6 · 3.6 Solución de Sistemas Lineales,Videos,video,Regla de Cramer,Khan Academy en Español,,,https://www.youtube.com/results?search_query=Regla%20de%20Cramer%20Khan%20Academy%20en%20Espa%C3%B1ol,pendiente,,,,,,,
Mapa_Mate_superior.html:3.6:videos:3,Mapa_Mate_superior.html,Álgebra Lineal y Matrices,3.6 · 3.6 Solución de Sistemas Lineales,Videos,video,Sistemas por inversa matricial,Unicoos,,,https://www.youtube.com/results?search_query=Sistemas%20por%20inversa%20matricial%20Unicoos,pendiente,,,,,,,
Mapa_Mate_superior.html:3.6:biblio:0,Mapa_Mate_superior.html,Álgebra Lineal y Matrices,3.6 · 3.6 Solución de Sistemas Lineales,Bibliografía,libro,Precálculo 2ed,OpenStax,pp. 660-670,,https://www.google.com/search?q=Prec%C3%A1lculo%202ed%20OpenStax,pendiente,,,,,,,
Mapa_Mate_superior.html:3.6:biblio:1,Mapa_Mate_superior.html,Álgebra Lineal y Matrices,3.6 · 3.6 Solución de Sistemas Lineales,Bibliografía,libro,Álgebra y Trigonometría,OpenStax,pp. 1070-1085,,https://www.google.com/search?q=%C3%81lgebra%20y%20Trigonometr%C3%ADa%20OpenStax,pendiente,,,,,,,
Mapa_Mate_superior.html:3.6:biblio:2,Mapa_Mate_superior.html,Álgebra Lineal y Matrices,3.6 · 3.6 Solución de Sistemas Lineales,Bibliografía,libro,Precálculo,LibreTexts,pp. 110-125,,https://www.google.com/search?q=Prec%C3%A1lculo%20LibreTexts,pendiente,,,,,,,
Mapa_Mate_superior.html:3.6:biblio:3,Mapa_Mate_superior.html,Álgebra Lineal y Matrices,3.6 · 3.6 Solución de Sistemas Lineales,Bibliografía,libro,College Algebra,OpenStax,pp. 830-845,,https://www.google.com/search?q=College%20Algebra%20OpenStax,pendiente,,,,,,,
Mapa_Mate_superior.html:3.6:practica:0,Mapa_Mate_superior.html,Álgebra Lineal y Matrices,3.6 · 3.6 Solución de Sistemas Lineales,Práctica,practica,,,,,https://www.google.com/search?q=,pendiente,,,,,,,
Mapa_Mate_superior.html:3.6:practica:1,Mapa_Mate_superior.html,Álgebra Lineal y Matrices,3.6 · 3.6 Solución de Sistemas Lineales,Práctica,practica,,,,,https://www.google.com/search?q=,pendiente,,,,,,,
Mapa_Mate_superior.html:3.6:practica:2,Mapa_Mate_superior.html,Álgebra Lineal y Matrices,3.6 · 3.6 Solución de Sistemas Lineales,Práctica,practica,,,,,https://www.google.com/search?q=,pendiente,,,,,,,
Mapa_Mate_superior.html:3.6:practica:3,Mapa_Mate_superior.html,Álgebra Lineal y Matrices,3.6 · 3.6 Solución de Sistemas Lineales,Práctica,practica,,,,,https://www.google.com/search?q=,pendiente,,,,,,,
Mapa_Mate_superior.html:3.7:videos:0,Mapa_Mate_superior.html,Álgebra Lineal y Matrices,3.7 · 3.7 Aplicaciones de Sistemas,Videos,video,Aplicaciones de los sistemas lineales,Khan Academy en Español,,,https://www.youtube.com/results?search_query=Aplicaciones%20de%20los%20sistemas%20lineales%20Khan%20Academy%20en%20Espa%C3%B1ol,pendiente,,,,,,,
Mapa_Mate_superior.html:3.7:videos:1,Mapa_Mate_superior.html,Álgebra Lineal y Matrices,3.7 · 3.7 Aplicaciones de Sistemas,Videos,video,Problemas de planteamiento matricial,Unicoos,,,https://www.youtube.com/results?search_query=Problemas%20de%20planteamiento%20matricial%20Unicoos,pendiente,,,,,,,
Mapa_Mate_superior.html:3.7:videos:2,Mapa_Mate_superior.html,Álgebra Lineal y Matrices,3.7 · 3.7 Aplicaciones de Sistemas,Videos,video,Redes y flujos,Profe Alex,,,https://www.youtube.com/results?search_query=Redes%20y%20flujos%20Profe%20Alex,pendiente,,,,,,,
Mapa_Mate_superior.html:3.7:videos:3,Mapa_Mate_superior.html,Álgebra Lineal y Matrices,3.7 · 3.7 Aplicaciones de Sistemas,Videos,video,Aplicaciones de matrices,Julio Profe,,,https://www.youtube.com/results?search_query=Aplicaciones%20de%20matrices%20Julio%20Profe,pendiente,,,,,,,
Mapa_Mate_superior.html:3.7:biblio:0,Mapa_Mate_superior.html,Álgebra Lineal y Matrices,3.7 · 3.7 Aplicaciones de Sistemas,Bibliografía,libro,Precálculo 2ed,OpenStax,pp. 595-610,,https://www.google.com/search?q=Prec%C3%A1lculo%202ed%20OpenStax,pendiente,,,,,,,
Mapa_Mate_superior.html:3.7:biblio:1,Mapa_Mate_superior.html,Álgebra Lineal y Matrices,3.7 · 3.7 Aplicaciones de Sistemas,Bibliografía,libro,Álgebra y Trigonometría,OpenStax,pp. 940-955,,https://www.google.com/search?q=%C3%81lgebra%20y%20Trigonometr%C3%ADa%20OpenStax,pendiente,,,,,,,
Mapa_Mate_superior.html:3.7:biblio:2,Mapa_Mate_superior.html,Álgebra Lineal y Matrices,3.7 · 3.7 Aplicaciones de Sistemas,Bibliografía,libro,Precálculo 2ed,OpenStax,pp. 675-690,,https://www.google.com/search?q=Prec%C3%A1lculo%202ed%20OpenStax,pendiente,,,,,,,
Mapa_Mate_superior.html:3.7:biblio:3,Mapa_Mate_superior.html,Álgebra Lineal y Matrices,3.7 · 3.7 Aplicaciones de Sistemas,Bibliografía,libro,Precálculo,LibreTexts,pp. 130-145,,https://www.google.com/search?q=Prec%C3%A1lculo%20LibreTexts,pendiente,,,,,,,
Mapa_Mate_superior.html:3.7:practica:0,Mapa_Mate_superior.html,Álgebra Lineal y Matrices,3.7 · 3.7 Aplicaciones de Sistemas,Práctica,practica,,,,,https://www.google.com/search?q=,pendiente,,,,,,,
Mapa_Mate_superior.html:3.7:practica:1,Mapa_Mate_superior.html,Álgebra Lineal y Matrices,3.7 · 3.7 Aplicaciones de Sistemas,Práctica,practica,,,,,https://www.google.com/search?q=,pendiente,,,,,,,
Mapa_Mate_superior.html:3.7:practica:2,Mapa_Mate_superior.html,Álgebra Lineal y Matrices,3.7 · 3.7 Aplicaciones de Sistemas,Práctica,practica,,,,,https://www.google.com/search?q=,pendiente,,,,,,,
Mapa_Mate_superior.html:3.7:practica:3,Mapa_Mate_superior.html,Álgebra Lineal y Matrices,3.7 · 3.7 Aplicaciones de Sistemas,Práctica,practica,,,,,https://www.google.com/search?q=,pendiente,,,,,,,
Mapa_Mate_superior.html:3.8:videos:0,Mapa_Mate_superior.html,Álgebra Lineal y Matrices,3.8 · 3.8 Interpretación Geométrica,Videos,video,Interpretación de sistemas 2x2 y 3x3,Profe Alex,,,https://www.youtube.com/results?search_query=Interpretaci%C3%B3n%20de%20sistemas%202x2%20y%203x3%20Profe%20Alex,pendiente,,,,,,,
Mapa_Mate_superior.html:3.8:videos:1,Mapa_Mate_superior.html,Álgebra Lineal y Matrices,3.8 · 3.8 Interpretación Geométrica,Videos,video,Planos en el espacio y soluciones,Julio Profe,,,https://www.youtube.com/results?search_query=Planos%20en%20el%20espacio%20y%20soluciones%20Julio%20Profe,pendiente,,,,,,,
Mapa_Mate_superior.html:3.8:videos:2,Mapa_Mate_superior.html,Álgebra Lineal y Matrices,3.8 · 3.8 Interpretación Geométrica,Videos,video,Visualización de sistemas lineales,Unicoos,,,https://www.youtube.com/results?search_query=Visualizaci%C3%B3n%20de%20sistemas%20lineales%20Unicoos,pendiente,,,,,,,
Mapa_Mate_superior.html:3.8:videos:3,Mapa_Mate_superior.html,Álgebra Lineal y Matrices,3.8 · 3.8 Interpretación Geométrica,Videos,video,Geometría de sistemas,MathEasy Solutions,,,https://www.youtube.com/results?search_query=Geometr%C3%ADa%20de%20sistemas%20MathEasy%20Solutions,pendiente,,,,,,,
Mapa_Mate_superior.html:3.8:biblio:0,Mapa_Mate_superior.html,Álgebra Lineal y Matrices,3.8 · 3.8 Interpretación Geométrica,Bibliografía,libro,Precálculo 2ed,OpenStax,pp. 585-595,,https://www.google.com/search?q=Prec%C3%A1lculo%202ed%20OpenStax,pendiente,,,,,,,
Mapa_Mate_superior.html:3.8:biblio:1,Mapa_Mate_superior.html,Álgebra Lineal y Matrices,3.8 · 3.8 Interpretación Geométrica,Bibliografía,libro,Álgebra y Trigonometría,OpenStax,pp. 920-935,,https://www.google.com/search?q=%C3%81lgebra%20y%20Trigonometr%C3%ADa%20OpenStax,pendiente,,,,,,,
Mapa_Mate_superior.html:3.8:biblio:2,Mapa_Mate_superior.html,Álgebra Lineal y Matrices,3.8 · 3.8 Interpretación Geométrica,Bibliografía,libro,Precálculo,LibreTexts,pp. 15-30,,https://www.google.com/search?q=Prec%C3%A1lculo%20LibreTexts,pendiente,,,,,,,
Mapa_Mate_superior.html:3.8:biblio:3,Mapa_Mate_superior.html,Álgebra Lineal y Matrices,3.8 · 3.8 Interpretación Geométrica,Bibliografía,libro,College Algebra,OpenStax,pp. 740-755,,https://www.google.com/search?q=College%20Algebra%20OpenStax,pendiente,,,,,,,
Mapa_Mate_superior.html:3.8:practica:0,Mapa_Mate_superior.html,Álgebra Lineal y Matrices,3.8 · 3.8 Interpretación Geométrica,Práctica,practica,,,,,https://www.google.com/search?q=,pendiente,,,,,,,
Mapa_Mate_superior.html:3.8:practica:1,Mapa_Mate_superior.html,Álgebra Lineal y Matrices,3.8 · 3.8 Interpretación Geométrica,Práctica,practica,,,,,https://www.google.com/search?q=,pendiente,,,,,,,
Mapa_Mate_superior.html:3.8:practica:2,Mapa_Mate_superior.html,Álgebra Lineal y Matrices,3.8 · 3.8 Interpretación Geométrica,Práctica,practica,,,,,https://www.google.com/search?q=,pendiente,,,,,,,
Mapa_Mate_superior.html:3.8:practica:3,Mapa_Mate_superior.html,Álgebra Lineal y Matrices,3.8 · 3.8 Interpretación Geométrica,Práctica,practica,,,,,https://www.google.com/search?q=,pendiente,,,,,,,
Mapa_Mate_superior.html:4.1:videos:0,Mapa_Mate_superior.html,Límites de Funciones Reales y Continuidad,4.1 · 4.1 Definición Intuitiva de Límites,Videos,video,Definición e intuición de límite,Profe Alex,,,https://www.youtube.com/results?search_query=Definici%C3%B3n%20e%20intuici%C3%B3n%20de%20l%C3%ADmite%20Profe%20Alex,pendiente,,,,,,,
Mapa_Mate_superior.html:4.1:videos:1,Mapa_Mate_superior.html,Límites de Funciones Reales y Continuidad,4.1 · 4.1 Definición Intuitiva de Límites,Videos,video,Concepto numérico y gráfico del límite,Julio Profe,,,https://www.youtube.com/results?search_query=Concepto%20num%C3%A9rico%20y%20gr%C3%A1fico%20del%20l%C3%ADmite%20Julio%20Profe,pendiente,,,,,,,
Mapa_Mate_superior.html:4.1:videos:2,Mapa_Mate_superior.html,Límites de Funciones Reales y Continuidad,4.1 · 4.1 Definición Intuitiva de Límites,Videos,video,Introducción a los límites,Khan Academy en Español,,,https://www.youtube.com/results?search_query=Introducci%C3%B3n%20a%20los%20l%C3%ADmites%20Khan%20Academy%20en%20Espa%C3%B1ol,pendiente,,,,,,,
Mapa_Mate_superior.html:4.1:videos:3,Mapa_Mate_superior.html,Límites de Funciones Reales y Continuidad,4.1 · 4.1 Definición Intuitiva de Límites,Videos,video,Idea informal de límite,Unicoos,,,https://www.youtube.com/results?search_query=Idea%20informal%20de%20l%C3%ADmite%20Unicoos,pendiente,,,,,,,
Mapa_Mate_superior.html:4.1:biblio:0,Mapa_Mate_superior.html,Límites de Funciones Reales y Continuidad,4.1 · 4.1 Definición Intuitiva de Límites,Bibliografía,libro,Cálculo Vol. 1,OpenStax,pp. 180-195,,https://www.google.com/search?q=C%C3%A1lculo%20Vol.%201%20OpenStax,pendiente,,,,,,,
Mapa_Mate_superior.html:4.1:biblio:1,Mapa_Mate_superior.html,Límites de Funciones Reales y Continuidad,4.1 · 4.1 Definición Intuitiva de Límites,Bibliografía,libro,Cálculo Vol. 1,OpenStax,pp. 170-179,,https://www.google.com/search?q=C%C3%A1lculo%20Vol.%201%20OpenStax,pendiente,,,,,,,
Mapa_Mate_superior.html:4.1:biblio:2,Mapa_Mate_superior.html,Límites de Funciones Reales y Continuidad,4.1 · 4.1 Definición Intuitiva de Límites,Bibliografía,libro,Cálculo,LibreTexts,pp. 10-25,,https://www.google.com/search?q=C%C3%A1lculo%20LibreTexts,pendiente,,,,,,,
Mapa_Mate_superior.html:4.1:biblio:3,Mapa_Mate_superior.html,Límites de Funciones Reales y Continuidad,4.1 · 4.1 Definición Intuitiva de Límites,Bibliografía,libro,Precálculo 2ed,OpenStax,pp. 800-815,,https://www.google.com/search?q=Prec%C3%A1lculo%202ed%20OpenStax,pendiente,,,,,,,
Mapa_Mate_superior.html:4.1:practica:0,Mapa_Mate_superior.html,Límites de Funciones Reales y Continuidad,4.1 · 4.1 Definición Intuitiva de Límites,Práctica,practica,,,,,https://www.google.com/search?q=,pendiente,,,,,,,
Mapa_Mate_superior.html:4.1:practica:1,Mapa_Mate_superior.html,Límites de Funciones Reales y Continuidad,4.1 · 4.1 Definición Intuitiva de Límites,Práctica,practica,,,,,https://www.google.com/search?q=,pendiente,,,,,,,
Mapa_Mate_superior.html:4.1:practica:2,Mapa_Mate_superior.html,Límites de Funciones Reales y Continuidad,4.1 · 4.1 Definición Intuitiva de Límites,Práctica,practica,,,,,https://www.google.com/search?q=,pendiente,,,,,,,
Mapa_Mate_superior.html:4.1:practica:3,Mapa_Mate_superior.html,Límites de Funciones Reales y Continuidad,4.1 · 4.1 Definición Intuitiva de Límites,Práctica,practica,,,,,https://www.google.com/search?q=,pendiente,,,,,,,
Mapa_Mate_superior.html:4.2:videos:0,Mapa_Mate_superior.html,Límites de Funciones Reales y Continuidad,4.2 · 4.2 Límites Laterales,Videos,video,Límites por izquierda y por derecha,Profe Alex,,,https://www.youtube.com/results?search_query=L%C3%ADmites%20por%20izquierda%20y%20por%20derecha%20Profe%20Alex,pendiente,,,,,,,
Mapa_Mate_superior.html:4.2:videos:1,Mapa_Mate_superior.html,Límites de Funciones Reales y Continuidad,4.2 · 4.2 Límites Laterales,Videos,video,Límites laterales y existencia,Khan Academy en Español,,,https://www.youtube.com/results?search_query=L%C3%ADmites%20laterales%20y%20existencia%20Khan%20Academy%20en%20Espa%C3%B1ol,pendiente,,,,,,,
Mapa_Mate_superior.html:4.2:videos:2,Mapa_Mate_superior.html,Límites de Funciones Reales y Continuidad,4.2 · 4.2 Límites Laterales,Videos,video,Límites unilaterales,Julio Profe,,,https://www.youtube.com/results?search_query=L%C3%ADmites%20unilaterales%20Julio%20Profe,pendiente,,,,,,,
Mapa_Mate_superior.html:4.2:videos:3,Mapa_Mate_superior.html,Límites de Funciones Reales y Continuidad,4.2 · 4.2 Límites Laterales,Videos,video,Límites laterales,Unicoos,,,https://www.youtube.com/results?search_query=L%C3%ADmites%20laterales%20Unicoos,pendiente,,,,,,,
Mapa_Mate_superior.html:4.2:biblio:0,Mapa_Mate_superior.html,Límites de Funciones Reales y Continuidad,4.2 · 4.2 Límites Laterales,Bibliografía,libro,Cálculo Vol. 1,OpenStax,pp. 196-205,,https://www.google.com/search?q=C%C3%A1lculo%20Vol.%201%20OpenStax,pendiente,,,,,,,
Mapa_Mate_superior.html:4.2:biblio:1,Mapa_Mate_superior.html,Límites de Funciones Reales y Continuidad,4.2 · 4.2 Límites Laterales,Bibliografía,libro,Cálculo,LibreTexts,pp. 30-45,,https://www.google.com/search?q=C%C3%A1lculo%20LibreTexts,pendiente,,,,,,,
Mapa_Mate_superior.html:4.2:biblio:2,Mapa_Mate_superior.html,Límites de Funciones Reales y Continuidad,4.2 · 4.2 Límites Laterales,Bibliografía,libro,Precálculo 2ed,OpenStax,pp. 816-825,,https://www.google.com/search?q=Prec%C3%A1lculo%202ed%20OpenStax,pendiente,,,,,,,
Mapa_Mate_superior.html:4.2:biblio:3,Mapa_Mate_superior.html,Límites de Funciones Reales y Continuidad,4.2 · 4.2 Límites Laterales,Bibliografía,libro,Cálculo Vol. 1,OpenStax,pp. 210-215,,https://www.google.com/search?q=C%C3%A1lculo%20Vol.%201%20OpenStax,pendiente,,,,,,,
Mapa_Mate_superior.html:4.2:practica:0,Mapa_Mate_superior.html,Límites de Funciones Reales y Continuidad,4.2 · 4.2 Límites Laterales,Práctica,practica,,,,,https://www.google.com/search?q=,pendiente,,,,,,,
Mapa_Mate_superior.html:4.2:practica:1,Mapa_Mate_superior.html,Límites de Funciones Reales y Continuidad,4.2 · 4.2 Límites Laterales,Práctica,practica,,,,,https://www.google.com/search?q=,pendiente,,,,,,,
Mapa_Mate_superior.html:4.2:practica:2,Mapa_Mate_superior.html,Límites de Funciones Reales y Continuidad,4.2 · 4.2 Límites Laterales,Práctica,practica,,,,,https://www.google.com/search?q=,pendiente,,,,,,,
Mapa_Mate_superior.html:4.2:practica:3,Mapa_Mate_superior.html,Límites de Funciones Reales y Continuidad,4.2 · 4.2 Límites Laterales,Práctica,practica,,,,,https://www.google.com/search?q=,pendiente,,,,,,,
Mapa_Mate_superior.html:4.3:videos:0,Mapa_Mate_superior.html,Límites de Funciones Reales y Continuidad,4.3 · 4.3 Interpretación Geométrica,Videos,video,Interpretación gráfica de límites,Julio Profe,,,https://www.youtube.com/results?search_query=Interpretaci%C3%B3n%20gr%C3%A1fica%20de%20l%C3%ADmites%20Julio%20Profe,pendiente,,,,,,,
Mapa_Mate_superior.html:4.3:videos:1,Mapa_Mate_superior.html,Límites de Funciones Reales y Continuidad,4.3 · 4.3 Interpretación Geométrica,Videos,video,Límites sobre la gráfica de una función,Unicoos,,,https://www.youtube.com/results?search_query=L%C3%ADmites%20sobre%20la%20gr%C3%A1fica%20de%20una%20funci%C3%B3n%20Unicoos,pendiente,,,,,,,
Mapa_Mate_superior.html:4.3:videos:2,Mapa_Mate_superior.html,Límites de Funciones Reales y Continuidad,4.3 · 4.3 Interpretación Geométrica,Videos,video,Discontinuidades,Khan Academy en Español,,,https://www.youtube.com/results?search_query=Discontinuidades%20Khan%20Academy%20en%20Espa%C3%B1ol,pendiente,,,,,,,
Mapa_Mate_superior.html:4.3:videos:3,Mapa_Mate_superior.html,Límites de Funciones Reales y Continuidad,4.3 · 4.3 Interpretación Geométrica,Videos,video,Tipos de discontinuidades,Profe Alex,,,https://www.youtube.com/results?search_query=Tipos%20de%20discontinuidades%20Profe%20Alex,pendiente,,,,,,,
Mapa_Mate_superior.html:4.3:biblio:0,Mapa_Mate_superior.html,Límites de Funciones Reales y Continuidad,4.3 · 4.3 Interpretación Geométrica,Bibliografía,libro,Cálculo Vol. 1,OpenStax,pp. 220-235,,https://www.google.com/search?q=C%C3%A1lculo%20Vol.%201%20OpenStax,pendiente,,,,,,,
Mapa_Mate_superior.html:4.3:biblio:1,Mapa_Mate_superior.html,Límites de Funciones Reales y Continuidad,4.3 · 4.3 Interpretación Geométrica,Bibliografía,libro,Cálculo Vol. 1,OpenStax,pp. 200-210,,https://www.google.com/search?q=C%C3%A1lculo%20Vol.%201%20OpenStax,pendiente,,,,,,,
Mapa_Mate_superior.html:4.3:biblio:2,Mapa_Mate_superior.html,Límites de Funciones Reales y Continuidad,4.3 · 4.3 Interpretación Geométrica,Bibliografía,libro,Cálculo,LibreTexts,pp. 50-65,,https://www.google.com/search?q=C%C3%A1lculo%20LibreTexts,pendiente,,,,,,,
Mapa_Mate_superior.html:4.3:biblio:3,Mapa_Mate_superior.html,Límites de Funciones Reales y Continuidad,4.3 · 4.3 Interpretación Geométrica,Bibliografía,libro,Precálculo 2ed,OpenStax,pp. 830-845,,https://www.google.com/search?q=Prec%C3%A1lculo%202ed%20OpenStax,pendiente,,,,,,,
Mapa_Mate_superior.html:4.3:practica:0,Mapa_Mate_superior.html,Límites de Funciones Reales y Continuidad,4.3 · 4.3 Interpretación Geométrica,Práctica,practica,,,,,https://www.google.com/search?q=,pendiente,,,,,,,
Mapa_Mate_superior.html:4.3:practica:1,Mapa_Mate_superior.html,Límites de Funciones Reales y Continuidad,4.3 · 4.3 Interpretación Geométrica,Práctica,practica,,,,,https://www.google.com/search?q=,pendiente,,,,,,,
Mapa_Mate_superior.html:4.3:practica:2,Mapa_Mate_superior.html,Límites de Funciones Reales y Continuidad,4.3 · 4.3 Interpretación Geométrica,Práctica,practica,,,,,https://www.google.com/search?q=,pendiente,,,,,,,
Mapa_Mate_superior.html:4.3:practica:3,Mapa_Mate_superior.html,Límites de Funciones Reales y Continuidad,4.3 · 4.3 Interpretación Geométrica,Práctica,practica,,,,,https://www.google.com/search?q=,pendiente,,,,,,,
Mapa_Mate_superior.html:4.4:videos:0,Mapa_Mate_superior.html,Límites de Funciones Reales y Continuidad,4.4 · 4.4 Límites Infinitos y Asíntotas,Videos,video,Límites al infinito e infinitos,Profe Alex,,,https://www.youtube.com/results?search_query=L%C3%ADmites%20al%20infinito%20e%20infinitos%20Profe%20Alex,pendiente,,,,,,,
Mapa_Mate_superior.html:4.4:videos:1,Mapa_Mate_superior.html,Límites de Funciones Reales y Continuidad,4.4 · 4.4 Límites Infinitos y Asíntotas,Videos,video,Límites indeterminados 0/0 e ∞/∞,Julio Profe,,,https://www.youtube.com/results?search_query=L%C3%ADmites%20indeterminados%200%2F0%20e%20%E2%88%9E%2F%E2%88%9E%20Julio%20Profe,pendiente,,,,,,,
Mapa_Mate_superior.html:4.4:videos:2,Mapa_Mate_superior.html,Límites de Funciones Reales y Continuidad,4.4 · 4.4 Límites Infinitos y Asíntotas,Videos,video,Límites al infinito,Khan Academy en Español,,,https://www.youtube.com/results?search_query=L%C3%ADmites%20al%20infinito%20Khan%20Academy%20en%20Espa%C3%B1ol,pendiente,,,,,,,
Mapa_Mate_superior.html:4.4:videos:3,Mapa_Mate_superior.html,Límites de Funciones Reales y Continuidad,4.4 · 4.4 Límites Infinitos y Asíntotas,Videos,video,Asíntotas y límites infinitos,Unicoos,,,https://www.youtube.com/results?search_query=As%C3%ADntotas%20y%20l%C3%ADmites%20infinitos%20Unicoos,pendiente,,,,,,,
Mapa_Mate_superior.html:4.4:biblio:0,Mapa_Mate_superior.html,Límites de Funciones Reales y Continuidad,4.4 · 4.4 Límites Infinitos y Asíntotas,Bibliografía,libro,Cálculo Vol. 1,OpenStax,pp. 206-215,,https://www.google.com/search?q=C%C3%A1lculo%20Vol.%201%20OpenStax,pendiente,,,,,,,
Mapa_Mate_superior.html:4.4:biblio:1,Mapa_Mate_superior.html,Límites de Funciones Reales y Continuidad,4.4 · 4.4 Límites Infinitos y Asíntotas,Bibliografía,libro,Cálculo Vol. 1,OpenStax,pp. 216-225,,https://www.google.com/search?q=C%C3%A1lculo%20Vol.%201%20OpenStax,pendiente,,,,,,,
Mapa_Mate_superior.html:4.4:biblio:2,Mapa_Mate_superior.html,Límites de Funciones Reales y Continuidad,4.4 · 4.4 Límites Infinitos y Asíntotas,Bibliografía,libro,Cálculo,LibreTexts,pp. 70-85,,https://www.google.com/search?q=C%C3%A1lculo%20LibreTexts,pendiente,,,,,,,
Mapa_Mate_superior.html:4.4:biblio:3,Mapa_Mate_superior.html,Límites de Funciones Reales y Continuidad,4.4 · 4.4 Límites Infinitos y Asíntotas,Bibliografía,libro,Precálculo 2ed,OpenStax,pp. 850-865,,https://www.google.com/search?q=Prec%C3%A1lculo%202ed%20OpenStax,pendiente,,,,,,,
Mapa_Mate_superior.html:4.4:practica:0,Mapa_Mate_superior.html,Límites de Funciones Reales y Continuidad,4.4 · 4.4 Límites Infinitos y Asíntotas,Práctica,practica,,,,,https://www.google.com/search?q=,pendiente,,,,,,,
Mapa_Mate_superior.html:4.4:practica:1,Mapa_Mate_superior.html,Límites de Funciones Reales y Continuidad,4.4 · 4.4 Límites Infinitos y Asíntotas,Práctica,practica,,,,,https://www.google.com/search?q=,pendiente,,,,,,,
Mapa_Mate_superior.html:4.4:practica:2,Mapa_Mate_superior.html,Límites de Funciones Reales y Continuidad,4.4 · 4.4 Límites Infinitos y Asíntotas,Práctica,practica,,,,,https://www.google.com/search?q=,pendiente,,,,,,,
Mapa_Mate_superior.html:4.4:practica:3,Mapa_Mate_superior.html,Límites de Funciones Reales y Continuidad,4.4 · 4.4 Límites Infinitos y Asíntotas,Práctica,practica,,,,,https://www.google.com/search?q=,pendiente,,,,,,,
Mapa_Modelado_de_negocios.html:1.1:videos:0,Mapa_Modelado_de_negocios.html,Definiciones y Conceptos Importantes sobre BPM,1.1 · Introducción a la gestión por procesos (BPM),Videos,video,What is Business Process Management (BPM)?,Bizagi,,,https://www.youtube.com/results?search_query=What%20is%20Business%20Process%20Management%20(BPM)%3F%20Bizagi,pendiente,,,,,,,
Mapa_Modelado_de_negocios.html:1.1:videos:1,Mapa_Modelado_de_negocios.html,Definiciones y Conceptos Importantes sobre BPM,1.1 · Introducción a la gestión por procesos (BPM),Videos,video,Business Process Management (BPM) Introduction,BPMN University,,,https://www.youtube.com/results?search_query=Business%20Process%20Management%20(BPM)%20Introduction%20BPMN%20University,pendiente,,,,,,,
Mapa_Modelado_de_negocios.html:1.1:videos:2,Mapa_Modelado_de_negocios.html,Definiciones y Conceptos Importantes sobre BPM,1.1 · Introducción a la gestión por procesos (BPM),Videos,video,Introduction to Business Process Management,Signavio,,,https://www.youtube.com/results?search_query=Introduction%20to%20Business%20Process%20Management%20Signavio,pendiente,,,,,,,
Mapa_Modelado_de_negocios.html:1.1:videos:3,Mapa_Modelado_de_negocios.html,Definiciones y Conceptos Importantes sobre BPM,1.1 · Introducción a la gestión por procesos (BPM),Videos,video,BPM Fundamentals: Overview,AIIM,,,https://www.youtube.com/results?search_query=BPM%20Fundamentals%3A%20Overview%20AIIM,pendiente,,,,,,,
Mapa_Modelado_de_negocios.html:1.1:biblio:0,Mapa_Modelado_de_negocios.html,Definiciones y Conceptos Importantes sobre BPM,1.1 · Introducción a la gestión por procesos (BPM),Bibliografía,libro,,,,,https://www.google.com/search?q=,pendiente,,,,,,,
Mapa_Modelado_de_negocios.html:1.1:biblio:1,Mapa_Modelado_de_negocios.html,Definiciones y Conceptos Importantes sobre BPM,1.1 · Introducción a la gestión por procesos (BPM),Bibliografía,libro,,,,,https://www.google.com/search?q=,pendiente,,,,,,,
Mapa_Modelado_de_negocios.html:1.1:practica:0,Mapa_Modelado_de_negocios.html,Definiciones y Conceptos Importantes sobre BPM,1.1 · Introducción a la gestión por procesos (BPM),Práctica,practica,,,,,https://www.google.com/search?q=,pendiente,,,,,,,
Mapa_Modelado_de_negocios.html:1.1:practica:1,Mapa_Modelado_de_negocios.html,Definiciones y Conceptos Importantes sobre BPM,1.1 · Introducción a la gestión por procesos (BPM),Práctica,practica,,,,,https://www.google.com/search?q=,pendiente,,,,,,,
Mapa_Modelado_de_negocios.html:1.1:practica:2,Mapa_Modelado_de_negocios.html,Definiciones y Conceptos Importantes sobre BPM,1.1 · Introducción a la gestión por procesos (BPM),Práctica,practica,,,,,https://www.google.com/search?q=,pendiente,,,,,,,
Mapa_Modelado_de_negocios.html:1.1:practica:3,Mapa_Modelado_de_negocios.html,Definiciones y Conceptos Importantes sobre BPM,1.1 · Introducción a la gestión por procesos (BPM),Práctica,practica,,,,,https://www.google.com/search?q=,pendiente,,,,,,,
Mapa_Modelado_de_negocios.html:1.2:videos:0,Mapa_Modelado_de_negocios.html,Definiciones y Conceptos Importantes sobre BPM,"1.2 · Definiciones, visión funcional vs. por procesos, tipos de procesos",Videos,video,Functional vs Process View: What is the difference?,The Business of Outcomes,,,https://www.youtube.com/results?search_query=Functional%20vs%20Process%20View%3A%20What%20is%20the%20difference%3F%20The%20Business%20of%20Outcomes,pendiente,,,,,,,
Mapa_Modelado_de_negocios.html:1.2:videos:1,Mapa_Modelado_de_negocios.html,Definiciones y Conceptos Importantes sobre BPM,"1.2 · Definiciones, visión funcional vs. por procesos, tipos de procesos",Videos,video,"Business Processes: Core, Support, Management",BPMN University,,,https://www.youtube.com/results?search_query=Business%20Processes%3A%20Core%2C%20Support%2C%20Management%20BPMN%20University,pendiente,,,,,,,
Mapa_Modelado_de_negocios.html:1.2:videos:2,Mapa_Modelado_de_negocios.html,Definiciones y Conceptos Importantes sobre BPM,"1.2 · Definiciones, visión funcional vs. por procesos, tipos de procesos",Videos,video,Process Thinking and Functional Organizations,Signavio,,,https://www.youtube.com/results?search_query=Process%20Thinking%20and%20Functional%20Organizations%20Signavio,pendiente,,,,,,,
Mapa_Modelado_de_negocios.html:1.2:videos:3,Mapa_Modelado_de_negocios.html,Definiciones y Conceptos Importantes sobre BPM,"1.2 · Definiciones, visión funcional vs. por procesos, tipos de procesos",Videos,video,Tipos de procesos en una organización,Gestión de Procesos,,,https://www.youtube.com/results?search_query=Tipos%20de%20procesos%20en%20una%20organizaci%C3%B3n%20Gesti%C3%B3n%20de%20Procesos,pendiente,,,,,,,
Mapa_Modelado_de_negocios.html:1.2:biblio:0,Mapa_Modelado_de_negocios.html,Definiciones y Conceptos Importantes sobre BPM,"1.2 · Definiciones, visión funcional vs. por procesos, tipos de procesos",Bibliografía,libro,,,,,https://www.google.com/search?q=,pendiente,,,,,,,
Mapa_Modelado_de_negocios.html:1.2:biblio:1,Mapa_Modelado_de_negocios.html,Definiciones y Conceptos Importantes sobre BPM,"1.2 · Definiciones, visión funcional vs. por procesos, tipos de procesos",Bibliografía,libro,,,,,https://www.google.com/search?q=,pendiente,,,,,,,
Mapa_Modelado_de_negocios.html:1.2:practica:0,Mapa_Modelado_de_negocios.html,Definiciones y Conceptos Importantes sobre BPM,"1.2 · Definiciones, visión funcional vs. por procesos, tipos de procesos",Práctica,practica,,,,,https://www.google.com/search?q=,pendiente,,,,,,,
Mapa_Modelado_de_negocios.html:1.2:practica:1,Mapa_Modelado_de_negocios.html,Definiciones y Conceptos Importantes sobre BPM,"1.2 · Definiciones, visión funcional vs. por procesos, tipos de procesos",Práctica,practica,,,,,https://www.google.com/search?q=,pendiente,,,,,,,
Mapa_Modelado_de_negocios.html:1.2:practica:2,Mapa_Modelado_de_negocios.html,Definiciones y Conceptos Importantes sobre BPM,"1.2 · Definiciones, visión funcional vs. por procesos, tipos de procesos",Práctica,practica,,,,,https://www.google.com/search?q=,pendiente,,,,,,,
Mapa_Modelado_de_negocios.html:1.3:videos:0,Mapa_Modelado_de_negocios.html,Definiciones y Conceptos Importantes sobre BPM,1.3 · Arquitectura empresarial & BPM,Videos,video,Enterprise Architecture and BPM: A perfect match,Orbus Software,,,https://www.youtube.com/results?search_query=Enterprise%20Architecture%20and%20BPM%3A%20A%20perfect%20match%20Orbus%20Software,pendiente,,,,,,,
Mapa_Modelado_de_negocios.html:1.3:videos:1,Mapa_Modelado_de_negocios.html,Definiciones y Conceptos Importantes sobre BPM,1.3 · Arquitectura empresarial & BPM,Videos,video,TOGAF and Business Architecture Integration,Conexiam,,,https://www.youtube.com/results?search_query=TOGAF%20and%20Business%20Architecture%20Integration%20Conexiam,pendiente,,,,,,,
Mapa_Modelado_de_negocios.html:1.3:videos:2,Mapa_Modelado_de_negocios.html,Definiciones y Conceptos Importantes sobre BPM,1.3 · Arquitectura empresarial & BPM,Videos,video,Business Architecture vs IT Architecture,Conexiam,,,https://www.youtube.com/results?search_query=Business%20Architecture%20vs%20IT%20Architecture%20Conexiam,pendiente,,,,,,,
Mapa_Modelado_de_negocios.html:1.3:videos:3,Mapa_Modelado_de_negocios.html,Definiciones y Conceptos Importantes sobre BPM,1.3 · Arquitectura empresarial & BPM,Videos,video,What is Enterprise Architecture?,The Open Group,,,https://www.youtube.com/results?search_query=What%20is%20Enterprise%20Architecture%3F%20The%20Open%20Group,pendiente,,,,,,,
Mapa_Modelado_de_negocios.html:1.3:biblio:0,Mapa_Modelado_de_negocios.html,Definiciones y Conceptos Importantes sobre BPM,1.3 · Arquitectura empresarial & BPM,Bibliografía,libro,,,,,https://www.google.com/search?q=,pendiente,,,,,,,
Mapa_Modelado_de_negocios.html:1.3:biblio:1,Mapa_Modelado_de_negocios.html,Definiciones y Conceptos Importantes sobre BPM,1.3 · Arquitectura empresarial & BPM,Bibliografía,libro,,,,,https://www.google.com/search?q=,pendiente,,,,,,,
Mapa_Modelado_de_negocios.html:1.3:practica:0,Mapa_Modelado_de_negocios.html,Definiciones y Conceptos Importantes sobre BPM,1.3 · Arquitectura empresarial & BPM,Práctica,practica,,,,,https://www.google.com/search?q=,pendiente,,,,,,,
Mapa_Modelado_de_negocios.html:1.3:practica:1,Mapa_Modelado_de_negocios.html,Definiciones y Conceptos Importantes sobre BPM,1.3 · Arquitectura empresarial & BPM,Práctica,practica,,,,,https://www.google.com/search?q=,pendiente,,,,,,,
Mapa_Modelado_de_negocios.html:1.3:practica:2,Mapa_Modelado_de_negocios.html,Definiciones y Conceptos Importantes sobre BPM,1.3 · Arquitectura empresarial & BPM,Práctica,practica,,,,,https://www.google.com/search?q=,pendiente,,,,,,,
Mapa_Modelado_de_negocios.html:1.4:videos:0,Mapa_Modelado_de_negocios.html,Definiciones y Conceptos Importantes sobre BPM,1.4 · Modelos de madurez de BPM y organización orientada a BPM,Videos,video,BPM Maturity Models Explained,BPMN University,,,https://www.youtube.com/results?search_query=BPM%20Maturity%20Models%20Explained%20BPMN%20University,pendiente,,,,,,,
Mapa_Modelado_de_negocios.html:1.4:videos:1,Mapa_Modelado_de_negocios.html,Definiciones y Conceptos Importantes sobre BPM,1.4 · Modelos de madurez de BPM y organización orientada a BPM,Videos,video,CMMI for Business Process Management,Software Engineering Institute,,,https://www.youtube.com/results?search_query=CMMI%20for%20Business%20Process%20Management%20Software%20Engineering%20Institute,pendiente,,,,,,,
Mapa_Modelado_de_negocios.html:1.4:videos:2,Mapa_Modelado_de_negocios.html,Definiciones y Conceptos Importantes sobre BPM,1.4 · Modelos de madurez de BPM y organización orientada a BPM,Videos,video,Understanding the BPMM Framework,Oracle University,,,https://www.youtube.com/results?search_query=Understanding%20the%20BPMM%20Framework%20Oracle%20University,pendiente,,,,,,,
Mapa_Modelado_de_negocios.html:1.4:videos:3,Mapa_Modelado_de_negocios.html,Definiciones y Conceptos Importantes sobre BPM,1.4 · Modelos de madurez de BPM y organización orientada a BPM,Videos,video,How to implement a process-oriented organization,Bizagi,,,https://www.youtube.com/results?search_query=How%20to%20implement%20a%20process-oriented%20organization%20Bizagi,pendiente,,,,,,,
Mapa_Modelado_de_negocios.html:1.4:biblio:0,Mapa_Modelado_de_negocios.html,Definiciones y Conceptos Importantes sobre BPM,1.4 · Modelos de madurez de BPM y organización orientada a BPM,Bibliografía,libro,,,,,https://www.google.com/search?q=,pendiente,,,,,,,
Mapa_Modelado_de_negocios.html:1.4:biblio:1,Mapa_Modelado_de_negocios.html,Definiciones y Conceptos Importantes sobre BPM,1.4 · Modelos de madurez de BPM y organización orientada a BPM,Bibliografía,libro,,,,,https://www.google.com/search?q=,pendiente,,,,,,,
Mapa_Modelado_de_negocios.html:1.4:practica:0,Mapa_Modelado_de_negocios.html,Definiciones y Conceptos Importantes sobre BPM,1.4 · Modelos de madurez de BPM y organización orientada a BPM,Práctica,practica,,,,,https://www.google.com/search?q=,pendiente,,,,,,,
Mapa_Modelado_de_negocios.html:1.4:practica:1,Mapa_Modelado_de_negocios.html,Definiciones y Conceptos Importantes sobre BPM,1.4 · Modelos de madurez de BPM y organización orientada a BPM,Práctica,practica,,,,,https://www.google.com/search?q=,pendiente,,,,,,,
Mapa_Modelado_de_negocios.html:1.4:practica:2,Mapa_Modelado_de_negocios.html,Definiciones y Conceptos Importantes sobre BPM,1.4 · Modelos de madurez de BPM y organización orientada a BPM,Práctica,practica,,,,,https://www.google.com/search?q=,pendiente,,,,,,,
Mapa_Modelado_de_negocios.html:2.1:videos:0,Mapa_Modelado_de_negocios.html,Modelamiento de Procesos Utilizando Notación BPMN,2.1 · Introducción al modelamiento de procesos de negocios,Videos,video,Business Process Modeling Explained,Lucidchart,,,https://www.youtube.com/results?search_query=Business%20Process%20Modeling%20Explained%20Lucidchart,pendiente,,,,,,,
Mapa_Modelado_de_negocios.html:2.1:videos:1,Mapa_Modelado_de_negocios.html,Modelamiento de Procesos Utilizando Notación BPMN,2.1 · Introducción al modelamiento de procesos de negocios,Videos,video,Introduction to Business Process Modeling,Bizagi,,,https://www.youtube.com/results?search_query=Introduction%20to%20Business%20Process%20Modeling%20Bizagi,pendiente,,,,,,,
Mapa_Modelado_de_negocios.html:2.1:videos:2,Mapa_Modelado_de_negocios.html,Modelamiento de Procesos Utilizando Notación BPMN,2.1 · Introducción al modelamiento de procesos de negocios,Videos,video,Why model business processes?,Signavio,,,https://www.youtube.com/results?search_query=Why%20model%20business%20processes%3F%20Signavio,pendiente,,,,,,,
Mapa_Modelado_de_negocios.html:2.1:videos:3,Mapa_Modelado_de_negocios.html,Modelamiento de Procesos Utilizando Notación BPMN,2.1 · Introducción al modelamiento de procesos de negocios,Videos,video,Fundamentals of Process Modeling,BPMN University,,,https://www.youtube.com/results?search_query=Fundamentals%20of%20Process%20Modeling%20BPMN%20University,pendiente,,,,,,,
Mapa_Modelado_de_negocios.html:2.1:biblio:0,Mapa_Modelado_de_negocios.html,Modelamiento de Procesos Utilizando Notación BPMN,2.1 · Introducción al modelamiento de procesos de negocios,Bibliografía,libro,,,,,https://www.google.com/search?q=,pendiente,,,,,,,
Mapa_Modelado_de_negocios.html:2.1:biblio:1,Mapa_Modelado_de_negocios.html,Modelamiento de Procesos Utilizando Notación BPMN,2.1 · Introducción al modelamiento de procesos de negocios,Bibliografía,libro,,,,,https://www.google.com/search?q=,pendiente,,,,,,,
Mapa_Modelado_de_negocios.html:2.1:practica:0,Mapa_Modelado_de_negocios.html,Modelamiento de Procesos Utilizando Notación BPMN,2.1 · Introducción al modelamiento de procesos de negocios,Práctica,practica,,,,,https://www.google.com/search?q=,pendiente,,,,,,,
Mapa_Modelado_de_negocios.html:2.1:practica:1,Mapa_Modelado_de_negocios.html,Modelamiento de Procesos Utilizando Notación BPMN,2.1 · Introducción al modelamiento de procesos de negocios,Práctica,practica,,,,,https://www.google.com/search?q=,pendiente,,,,,,,
Mapa_Modelado_de_negocios.html:2.1:practica:2,Mapa_Modelado_de_negocios.html,Modelamiento de Procesos Utilizando Notación BPMN,2.1 · Introducción al modelamiento de procesos de negocios,Práctica,practica,,,,,https://www.google.com/search?q=,pendiente,,,,,,,
Mapa_Modelado_de_negocios.html:2.2:videos:0,Mapa_Modelado_de_negocios.html,Modelamiento de Procesos Utilizando Notación BPMN,2.2 · Introducción a la notación BPMN,Videos,video,BPMN 2.0 Tutorial for Beginners,BPMN University,,,https://www.youtube.com/results?search_query=BPMN%202.0%20Tutorial%20for%20Beginners%20BPMN%20University,pendiente,,,,,,,
Mapa_Modelado_de_negocios.html:2.2:videos:1,Mapa_Modelado_de_negocios.html,Modelamiento de Procesos Utilizando Notación BPMN,2.2 · Introducción a la notación BPMN,Videos,video,BPMN 2.0 Symbols Explained,Camunda,,,https://www.youtube.com/results?search_query=BPMN%202.0%20Symbols%20Explained%20Camunda,pendiente,,,,,,,
Mapa_Modelado_de_negocios.html:2.2:videos:2,Mapa_Modelado_de_negocios.html,Modelamiento de Procesos Utilizando Notación BPMN,2.2 · Introducción a la notación BPMN,Videos,video,Introduction to BPMN 2.0,Bizagi,,,https://www.youtube.com/results?search_query=Introduction%20to%20BPMN%202.0%20Bizagi,pendiente,,,,,,,
Mapa_Modelado_de_negocios.html:2.2:videos:3,Mapa_Modelado_de_negocios.html,Modelamiento de Procesos Utilizando Notación BPMN,2.2 · Introducción a la notación BPMN,Videos,video,Mastering BPMN 2.0: The Basics,Signavio,,,https://www.youtube.com/results?search_query=Mastering%20BPMN%202.0%3A%20The%20Basics%20Signavio,pendiente,,,,,,,
Mapa_Modelado_de_negocios.html:2.2:biblio:0,Mapa_Modelado_de_negocios.html,Modelamiento de Procesos Utilizando Notación BPMN,2.2 · Introducción a la notación BPMN,Bibliografía,libro,,,,,https://www.google.com/search?q=,pendiente,,,,,,,
Mapa_Modelado_de_negocios.html:2.2:biblio:1,Mapa_Modelado_de_negocios.html,Modelamiento de Procesos Utilizando Notación BPMN,2.2 · Introducción a la notación BPMN,Bibliografía,libro,,,,,https://www.google.com/search?q=,pendiente,,,,,,,
Mapa_Modelado_de_negocios.html:2.2:practica:0,Mapa_Modelado_de_negocios.html,Modelamiento de Procesos Utilizando Notación BPMN,2.2 · Introducción a la notación BPMN,Práctica,practica,,,,,https://www.google.com/search?q=,pendiente,,,,,,,
Mapa_Modelado_de_negocios.html:2.2:practica:1,Mapa_Modelado_de_negocios.html,Modelamiento de Procesos Utilizando Notación BPMN,2.2 · Introducción a la notación BPMN,Práctica,practica,,,,,https://www.google.com/search?q=,pendiente,,,,,,,
Mapa_Modelado_de_negocios.html:2.2:practica:2,Mapa_Modelado_de_negocios.html,Modelamiento de Procesos Utilizando Notación BPMN,2.2 · Introducción a la notación BPMN,Práctica,practica,,,,,https://www.google.com/search?q=,pendiente,,,,,,,
Mapa_Modelado_de_negocios.html:2.3:videos:0,Mapa_Modelado_de_negocios.html,Modelamiento de Procesos Utilizando Notación BPMN,2.3 · Modelamiento empleando el concepto de Palette BPMN,Videos,video,"Using the BPMN Palette: Events, Gateways, and Flows",BPMN University,,,https://www.youtube.com/results?search_query=Using%20the%20BPMN%20Palette%3A%20Events%2C%20Gateways%2C%20and%20Flows%20BPMN%20University,pendiente,,,,,,,
Mapa_Modelado_de_negocios.html:2.3:videos:1,Mapa_Modelado_de_negocios.html,Modelamiento de Procesos Utilizando Notación BPMN,2.3 · Modelamiento empleando el concepto de Palette BPMN,Videos,video,"BPMN Pools, Lanes, and Message Flows",Bizagi,,,https://www.youtube.com/results?search_query=BPMN%20Pools%2C%20Lanes%2C%20and%20Message%20Flows%20Bizagi,pendiente,,,,,,,
Mapa_Modelado_de_negocios.html:2.3:videos:2,Mapa_Modelado_de_negocios.html,Modelamiento de Procesos Utilizando Notación BPMN,2.3 · Modelamiento empleando el concepto de Palette BPMN,Videos,video,Advanced BPMN Palette Elements,Camunda,,,https://www.youtube.com/results?search_query=Advanced%20BPMN%20Palette%20Elements%20Camunda,pendiente,,,,,,,
Mapa_Modelado_de_negocios.html:2.3:videos:3,Mapa_Modelado_de_negocios.html,Modelamiento de Procesos Utilizando Notación BPMN,2.3 · Modelamiento empleando el concepto de Palette BPMN,Videos,video,Data Objects and Artifacts in BPMN,Signavio,,,https://www.youtube.com/results?search_query=Data%20Objects%20and%20Artifacts%20in%20BPMN%20Signavio,pendiente,,,,,,,
Mapa_Modelado_de_negocios.html:2.3:biblio:0,Mapa_Modelado_de_negocios.html,Modelamiento de Procesos Utilizando Notación BPMN,2.3 · Modelamiento empleando el concepto de Palette BPMN,Bibliografía,libro,,,,,https://www.google.com/search?q=,pendiente,,,,,,,
Mapa_Modelado_de_negocios.html:2.3:biblio:1,Mapa_Modelado_de_negocios.html,Modelamiento de Procesos Utilizando Notación BPMN,2.3 · Modelamiento empleando el concepto de Palette BPMN,Bibliografía,libro,,,,,https://www.google.com/search?q=,pendiente,,,,,,,
Mapa_Modelado_de_negocios.html:2.3:practica:0,Mapa_Modelado_de_negocios.html,Modelamiento de Procesos Utilizando Notación BPMN,2.3 · Modelamiento empleando el concepto de Palette BPMN,Práctica,practica,,,,,https://www.google.com/search?q=,pendiente,,,,,,,
Mapa_Modelado_de_negocios.html:2.3:practica:1,Mapa_Modelado_de_negocios.html,Modelamiento de Procesos Utilizando Notación BPMN,2.3 · Modelamiento empleando el concepto de Palette BPMN,Práctica,practica,,,,,https://www.google.com/search?q=,pendiente,,,,,,,
Mapa_Modelado_de_negocios.html:2.3:practica:2,Mapa_Modelado_de_negocios.html,Modelamiento de Procesos Utilizando Notación BPMN,2.3 · Modelamiento empleando el concepto de Palette BPMN,Práctica,practica,,,,,https://www.google.com/search?q=,pendiente,,,,,,,
Mapa_Modelado_de_negocios.html:2.4:videos:0,Mapa_Modelado_de_negocios.html,Modelamiento de Procesos Utilizando Notación BPMN,2.4 · Modelamiento jerárquico,Videos,video,Hierarchical Process Modeling in BPMN,Signavio,,,https://www.youtube.com/results?search_query=Hierarchical%20Process%20Modeling%20in%20BPMN%20Signavio,pendiente,,,,,,,
Mapa_Modelado_de_negocios.html:2.4:videos:1,Mapa_Modelado_de_negocios.html,Modelamiento de Procesos Utilizando Notación BPMN,2.4 · Modelamiento jerárquico,Videos,video,Subprocesses and Call Activities in BPMN,Camunda,,,https://www.youtube.com/results?search_query=Subprocesses%20and%20Call%20Activities%20in%20BPMN%20Camunda,pendiente,,,,,,,
Mapa_Modelado_de_negocios.html:2.4:videos:2,Mapa_Modelado_de_negocios.html,Modelamiento de Procesos Utilizando Notación BPMN,2.4 · Modelamiento jerárquico,Videos,video,How to Structure Complex Processes (Hierarchical BPMN),Bizagi,,,https://www.youtube.com/results?search_query=How%20to%20Structure%20Complex%20Processes%20(Hierarchical%20BPMN)%20Bizagi,pendiente,,,,,,,
Mapa_Modelado_de_negocios.html:2.4:videos:3,Mapa_Modelado_de_negocios.html,Modelamiento de Procesos Utilizando Notación BPMN,2.4 · Modelamiento jerárquico,Videos,video,BPMN Subprocesses Explained,BPMN University,,,https://www.youtube.com/results?search_query=BPMN%20Subprocesses%20Explained%20BPMN%20University,pendiente,,,,,,,
Mapa_Modelado_de_negocios.html:2.4:biblio:0,Mapa_Modelado_de_negocios.html,Modelamiento de Procesos Utilizando Notación BPMN,2.4 · Modelamiento jerárquico,Bibliografía,libro,,,,,https://www.google.com/search?q=,pendiente,,,,,,,
Mapa_Modelado_de_negocios.html:2.4:biblio:1,Mapa_Modelado_de_negocios.html,Modelamiento de Procesos Utilizando Notación BPMN,2.4 · Modelamiento jerárquico,Bibliografía,libro,,,,,https://www.google.com/search?q=,pendiente,,,,,,,
Mapa_Modelado_de_negocios.html:2.4:practica:0,Mapa_Modelado_de_negocios.html,Modelamiento de Procesos Utilizando Notación BPMN,2.4 · Modelamiento jerárquico,Práctica,practica,,,,,https://www.google.com/search?q=,pendiente,,,,,,,
Mapa_Modelado_de_negocios.html:2.4:practica:1,Mapa_Modelado_de_negocios.html,Modelamiento de Procesos Utilizando Notación BPMN,2.4 · Modelamiento jerárquico,Práctica,practica,,,,,https://www.google.com/search?q=,pendiente,,,,,,,
Mapa_Modelado_de_negocios.html:2.4:practica:2,Mapa_Modelado_de_negocios.html,Modelamiento de Procesos Utilizando Notación BPMN,2.4 · Modelamiento jerárquico,Práctica,practica,,,,,https://www.google.com/search?q=,pendiente,,,,,,,
Mapa_Modelado_de_negocios.html:3.1:videos:0,Mapa_Modelado_de_negocios.html,Análisis y Diseño de Procesos para la Automatización,"3.1 · Automatización de procesos, herramientas NoCode y LowCode",Videos,video,What is Low-Code and No-Code Automation?,Fireship,,,https://www.youtube.com/results?search_query=What%20is%20Low-Code%20and%20No-Code%20Automation%3F%20Fireship,pendiente,,,,,,,
Mapa_Modelado_de_negocios.html:3.1:videos:1,Mapa_Modelado_de_negocios.html,Análisis y Diseño de Procesos para la Automatización,"3.1 · Automatización de procesos, herramientas NoCode y LowCode",Videos,video,Low-Code vs No-Code: BPM Perspective,OutSystems,,,https://www.youtube.com/results?search_query=Low-Code%20vs%20No-Code%3A%20BPM%20Perspective%20OutSystems,pendiente,,,,,,,
Mapa_Modelado_de_negocios.html:3.1:videos:2,Mapa_Modelado_de_negocios.html,Análisis y Diseño de Procesos para la Automatización,"3.1 · Automatización de procesos, herramientas NoCode y LowCode",Videos,video,Introduction to Process Automation with No-Code,Zapier,,,https://www.youtube.com/results?search_query=Introduction%20to%20Process%20Automation%20with%20No-Code%20Zapier,pendiente,,,,,,,
Mapa_Modelado_de_negocios.html:3.1:videos:3,Mapa_Modelado_de_negocios.html,Análisis y Diseño de Procesos para la Automatización,"3.1 · Automatización de procesos, herramientas NoCode y LowCode",Videos,video,The Future of BPMS and Low-Code,Camunda,,,https://www.youtube.com/results?search_query=The%20Future%20of%20BPMS%20and%20Low-Code%20Camunda,pendiente,,,,,,,
Mapa_Modelado_de_negocios.html:3.1:biblio:0,Mapa_Modelado_de_negocios.html,Análisis y Diseño de Procesos para la Automatización,"3.1 · Automatización de procesos, herramientas NoCode y LowCode",Bibliografía,libro,,,,,https://www.google.com/search?q=,pendiente,,,,,,,
Mapa_Modelado_de_negocios.html:3.1:biblio:1,Mapa_Modelado_de_negocios.html,Análisis y Diseño de Procesos para la Automatización,"3.1 · Automatización de procesos, herramientas NoCode y LowCode",Bibliografía,libro,,,,,https://www.google.com/search?q=,pendiente,,,,,,,
Mapa_Modelado_de_negocios.html:3.1:practica:0,Mapa_Modelado_de_negocios.html,Análisis y Diseño de Procesos para la Automatización,"3.1 · Automatización de procesos, herramientas NoCode y LowCode",Práctica,practica,,,,,https://www.google.com/search?q=,pendiente,,,,,,,
Mapa_Modelado_de_negocios.html:3.1:practica:1,Mapa_Modelado_de_negocios.html,Análisis y Diseño de Procesos para la Automatización,"3.1 · Automatización de procesos, herramientas NoCode y LowCode",Práctica,practica,,,,,https://www.google.com/search?q=,pendiente,,,,,,,
Mapa_Modelado_de_negocios.html:3.1:practica:2,Mapa_Modelado_de_negocios.html,Análisis y Diseño de Procesos para la Automatización,"3.1 · Automatización de procesos, herramientas NoCode y LowCode",Práctica,practica,,,,,https://www.google.com/search?q=,pendiente,,,,,,,
Mapa_Modelado_de_negocios.html:3.2:videos:0,Mapa_Modelado_de_negocios.html,Análisis y Diseño de Procesos para la Automatización,3.2 · Automatización simple modelada con BPMN y BPMS,Videos,video,Executing BPMN in a BPMS,Camunda,,,https://www.youtube.com/results?search_query=Executing%20BPMN%20in%20a%20BPMS%20Camunda,pendiente,,,,,,,
Mapa_Modelado_de_negocios.html:3.2:videos:1,Mapa_Modelado_de_negocios.html,Análisis y Diseño de Procesos para la Automatización,3.2 · Automatización simple modelada con BPMN y BPMS,Videos,video,How to Automate a Process in Bizagi,Bizagi,,,https://www.youtube.com/results?search_query=How%20to%20Automate%20a%20Process%20in%20Bizagi%20Bizagi,pendiente,,,,,,,
Mapa_Modelado_de_negocios.html:3.2:videos:2,Mapa_Modelado_de_negocios.html,Análisis y Diseño de Procesos para la Automatización,3.2 · Automatización simple modelada con BPMN y BPMS,Videos,video,From BPMN Model to Automation,Signavio,,,https://www.youtube.com/results?search_query=From%20BPMN%20Model%20to%20Automation%20Signavio,pendiente,,,,,,,
Mapa_Modelado_de_negocios.html:3.2:videos:3,Mapa_Modelado_de_negocios.html,Análisis y Diseño de Procesos para la Automatización,3.2 · Automatización simple modelada con BPMN y BPMS,Videos,video,BPMS Execution Semantics Explained,BPMN University,,,https://www.youtube.com/results?search_query=BPMS%20Execution%20Semantics%20Explained%20BPMN%20University,pendiente,,,,,,,
Mapa_Modelado_de_negocios.html:3.2:biblio:0,Mapa_Modelado_de_negocios.html,Análisis y Diseño de Procesos para la Automatización,3.2 · Automatización simple modelada con BPMN y BPMS,Bibliografía,libro,,,,,https://www.google.com/search?q=,pendiente,,,,,,,
Mapa_Modelado_de_negocios.html:3.2:biblio:1,Mapa_Modelado_de_negocios.html,Análisis y Diseño de Procesos para la Automatización,3.2 · Automatización simple modelada con BPMN y BPMS,Bibliografía,libro,,,,,https://www.google.com/search?q=,pendiente,,,,,,,
Mapa_Modelado_de_negocios.html:3.2:practica:0,Mapa_Modelado_de_negocios.html,Análisis y Diseño de Procesos para la Automatización,3.2 · Automatización simple modelada con BPMN y BPMS,Práctica,practica,,,,,https://www.google.com/search?q=,pendiente,,,,,,,
Mapa_Modelado_de_negocios.html:3.2:practica:1,Mapa_Modelado_de_negocios.html,Análisis y Diseño de Procesos para la Automatización,3.2 · Automatización simple modelada con BPMN y BPMS,Práctica,practica,,,,,https://www.google.com/search?q=,pendiente,,,,,,,
Mapa_Modelado_de_negocios.html:3.2:practica:2,Mapa_Modelado_de_negocios.html,Análisis y Diseño de Procesos para la Automatización,3.2 · Automatización simple modelada con BPMN y BPMS,Práctica,practica,,,,,https://www.google.com/search?q=,pendiente,,,,,,,
Mapa_Modelado_de_negocios.html:3.3:videos:0,Mapa_Modelado_de_negocios.html,Análisis y Diseño de Procesos para la Automatización,"3.3 · Análisis de procesos, modelo As-Is",Videos,video,How to Analyze the As-Is Process,Signavio,,,https://www.youtube.com/results?search_query=How%20to%20Analyze%20the%20As-Is%20Process%20Signavio,pendiente,,,,,,,
Mapa_Modelado_de_negocios.html:3.3:videos:1,Mapa_Modelado_de_negocios.html,Análisis y Diseño de Procesos para la Automatización,"3.3 · Análisis de procesos, modelo As-Is",Videos,video,Process Analysis: Finding Bottlenecks,Bizagi,,,https://www.youtube.com/results?search_query=Process%20Analysis%3A%20Finding%20Bottlenecks%20Bizagi,pendiente,,,,,,,
Mapa_Modelado_de_negocios.html:3.3:videos:2,Mapa_Modelado_de_negocios.html,Análisis y Diseño de Procesos para la Automatización,"3.3 · Análisis de procesos, modelo As-Is",Videos,video,Value-Added Analysis (As-Is),BPMN University,,,https://www.youtube.com/results?search_query=Value-Added%20Analysis%20(As-Is)%20BPMN%20University,pendiente,,,,,,,
Mapa_Modelado_de_negocios.html:3.3:videos:3,Mapa_Modelado_de_negocios.html,Análisis y Diseño de Procesos para la Automatización,"3.3 · Análisis de procesos, modelo As-Is",Videos,video,As-Is Process Modeling Best Practices,Lucidchart,,,https://www.youtube.com/results?search_query=As-Is%20Process%20Modeling%20Best%20Practices%20Lucidchart,pendiente,,,,,,,
Mapa_Modelado_de_negocios.html:3.3:biblio:0,Mapa_Modelado_de_negocios.html,Análisis y Diseño de Procesos para la Automatización,"3.3 · Análisis de procesos, modelo As-Is",Bibliografía,libro,,,,,https://www.google.com/search?q=,pendiente,,,,,,,
Mapa_Modelado_de_negocios.html:3.3:biblio:1,Mapa_Modelado_de_negocios.html,Análisis y Diseño de Procesos para la Automatización,"3.3 · Análisis de procesos, modelo As-Is",Bibliografía,libro,,,,,https://www.google.com/search?q=,pendiente,,,,,,,
Mapa_Modelado_de_negocios.html:3.3:practica:0,Mapa_Modelado_de_negocios.html,Análisis y Diseño de Procesos para la Automatización,"3.3 · Análisis de procesos, modelo As-Is",Práctica,practica,,,,,https://www.google.com/search?q=,pendiente,,,,,,,
Mapa_Modelado_de_negocios.html:3.3:practica:1,Mapa_Modelado_de_negocios.html,Análisis y Diseño de Procesos para la Automatización,"3.3 · Análisis de procesos, modelo As-Is",Práctica,practica,,,,,https://www.google.com/search?q=,pendiente,,,,,,,
Mapa_Modelado_de_negocios.html:3.3:practica:2,Mapa_Modelado_de_negocios.html,Análisis y Diseño de Procesos para la Automatización,"3.3 · Análisis de procesos, modelo As-Is",Práctica,practica,,,,,https://www.google.com/search?q=,pendiente,,,,,,,
Mapa_Modelado_de_negocios.html:3.4:videos:0,Mapa_Modelado_de_negocios.html,Análisis y Diseño de Procesos para la Automatización,"3.4 · Diseño de procesos, modelo To-Be",Videos,video,Designing the To-Be Process,Bizagi,,,https://www.youtube.com/results?search_query=Designing%20the%20To-Be%20Process%20Bizagi,pendiente,,,,,,,
Mapa_Modelado_de_negocios.html:3.4:videos:1,Mapa_Modelado_de_negocios.html,Análisis y Diseño de Procesos para la Automatización,"3.4 · Diseño de procesos, modelo To-Be",Videos,video,How to Transition from As-Is to To-Be,Signavio,,,https://www.youtube.com/results?search_query=How%20to%20Transition%20from%20As-Is%20to%20To-Be%20Signavio,pendiente,,,,,,,
Mapa_Modelado_de_negocios.html:3.4:videos:2,Mapa_Modelado_de_negocios.html,Análisis y Diseño de Procesos para la Automatización,"3.4 · Diseño de procesos, modelo To-Be",Videos,video,Process Redesign Principles (To-Be),BPMN University,,,https://www.youtube.com/results?search_query=Process%20Redesign%20Principles%20(To-Be)%20BPMN%20University,pendiente,,,,,,,
Mapa_Modelado_de_negocios.html:3.4:videos:3,Mapa_Modelado_de_negocios.html,Análisis y Diseño de Procesos para la Automatización,"3.4 · Diseño de procesos, modelo To-Be",Videos,video,Optimizing Processes for Automation,Camunda,,,https://www.youtube.com/results?search_query=Optimizing%20Processes%20for%20Automation%20Camunda,pendiente,,,,,,,
Mapa_Modelado_de_negocios.html:3.4:biblio:0,Mapa_Modelado_de_negocios.html,Análisis y Diseño de Procesos para la Automatización,"3.4 · Diseño de procesos, modelo To-Be",Bibliografía,libro,,,,,https://www.google.com/search?q=,pendiente,,,,,,,
Mapa_Modelado_de_negocios.html:3.4:biblio:1,Mapa_Modelado_de_negocios.html,Análisis y Diseño de Procesos para la Automatización,"3.4 · Diseño de procesos, modelo To-Be",Bibliografía,libro,,,,,https://www.google.com/search?q=,pendiente,,,,,,,
Mapa_Modelado_de_negocios.html:3.4:practica:0,Mapa_Modelado_de_negocios.html,Análisis y Diseño de Procesos para la Automatización,"3.4 · Diseño de procesos, modelo To-Be",Práctica,practica,,,,,https://www.google.com/search?q=,pendiente,,,,,,,
Mapa_Modelado_de_negocios.html:3.4:practica:1,Mapa_Modelado_de_negocios.html,Análisis y Diseño de Procesos para la Automatización,"3.4 · Diseño de procesos, modelo To-Be",Práctica,practica,,,,,https://www.google.com/search?q=,pendiente,,,,,,,
Mapa_Modelado_de_negocios.html:3.4:practica:2,Mapa_Modelado_de_negocios.html,Análisis y Diseño de Procesos para la Automatización,"3.4 · Diseño de procesos, modelo To-Be",Práctica,practica,,,,,https://www.google.com/search?q=,pendiente,,,,,,,
Mapa_Modelado_de_negocios.html:4.1:videos:0,Mapa_Modelado_de_negocios.html,Arquitectura de Procesos Empresariales Automatizables,4.1 · Automatización de procesos modelados con BPMN y BPMS,Videos,video,End-to-End Process Automation with Camunda,Camunda,,,https://www.youtube.com/results?search_query=End-to-End%20Process%20Automation%20with%20Camunda%20Camunda,pendiente,,,,,,,
Mapa_Modelado_de_negocios.html:4.1:videos:1,Mapa_Modelado_de_negocios.html,Arquitectura de Procesos Empresariales Automatizables,4.1 · Automatización de procesos modelados con BPMN y BPMS,Videos,video,Orchestrating Microservices with BPMN,Camunda,,,https://www.youtube.com/results?search_query=Orchestrating%20Microservices%20with%20BPMN%20Camunda,pendiente,,,,,,,
Mapa_Modelado_de_negocios.html:4.1:videos:2,Mapa_Modelado_de_negocios.html,Arquitectura de Procesos Empresariales Automatizables,4.1 · Automatización de procesos modelados con BPMN y BPMS,Videos,video,Building Enterprise Apps with Bizagi BPMS,Bizagi,,,https://www.youtube.com/results?search_query=Building%20Enterprise%20Apps%20with%20Bizagi%20BPMS%20Bizagi,pendiente,,,,,,,
Mapa_Modelado_de_negocios.html:4.1:videos:3,Mapa_Modelado_de_negocios.html,Arquitectura de Procesos Empresariales Automatizables,4.1 · Automatización de procesos modelados con BPMN y BPMS,Videos,video,Enterprise Process Automation Architecture,Red Hat,,,https://www.youtube.com/results?search_query=Enterprise%20Process%20Automation%20Architecture%20Red%20Hat,pendiente,,,,,,,
Mapa_Modelado_de_negocios.html:4.1:biblio:0,Mapa_Modelado_de_negocios.html,Arquitectura de Procesos Empresariales Automatizables,4.1 · Automatización de procesos modelados con BPMN y BPMS,Bibliografía,libro,,,,,https://www.google.com/search?q=,pendiente,,,,,,,
Mapa_Modelado_de_negocios.html:4.1:biblio:1,Mapa_Modelado_de_negocios.html,Arquitectura de Procesos Empresariales Automatizables,4.1 · Automatización de procesos modelados con BPMN y BPMS,Bibliografía,libro,,,,,https://www.google.com/search?q=,pendiente,,,,,,,
Mapa_Modelado_de_negocios.html:4.1:practica:0,Mapa_Modelado_de_negocios.html,Arquitectura de Procesos Empresariales Automatizables,4.1 · Automatización de procesos modelados con BPMN y BPMS,Práctica,practica,,,,,https://www.google.com/search?q=,pendiente,,,,,,,
Mapa_Modelado_de_negocios.html:4.1:practica:1,Mapa_Modelado_de_negocios.html,Arquitectura de Procesos Empresariales Automatizables,4.1 · Automatización de procesos modelados con BPMN y BPMS,Práctica,practica,,,,,https://www.google.com/search?q=,pendiente,,,,,,,
Mapa_Modelado_de_negocios.html:4.1:practica:2,Mapa_Modelado_de_negocios.html,Arquitectura de Procesos Empresariales Automatizables,4.1 · Automatización de procesos modelados con BPMN y BPMS,Práctica,practica,,,,,https://www.google.com/search?q=,pendiente,,,,,,,
Mapa_Modelado_de_negocios.html:4.2:videos:0,Mapa_Modelado_de_negocios.html,Arquitectura de Procesos Empresariales Automatizables,4.2 · Método para automatizar procesos desde cero,Videos,video,How to Automate a Process from Scratch,Make,,,https://www.youtube.com/results?search_query=How%20to%20Automate%20a%20Process%20from%20Scratch%20Make,pendiente,,,,,,,
Mapa_Modelado_de_negocios.html:4.2:videos:1,Mapa_Modelado_de_negocios.html,Arquitectura de Procesos Empresariales Automatizables,4.2 · Método para automatizar procesos desde cero,Videos,video,Building your First BPMS App,Bizagi,,,https://www.youtube.com/results?search_query=Building%20your%20First%20BPMS%20App%20Bizagi,pendiente,,,,,,,
Mapa_Modelado_de_negocios.html:4.2:videos:2,Mapa_Modelado_de_negocios.html,Arquitectura de Procesos Empresariales Automatizables,4.2 · Método para automatizar procesos desde cero,Videos,video,Step-by-Step Process Automation Tutorial,Camunda,,,https://www.youtube.com/results?search_query=Step-by-Step%20Process%20Automation%20Tutorial%20Camunda,pendiente,,,,,,,
Mapa_Modelado_de_negocios.html:4.2:videos:3,Mapa_Modelado_de_negocios.html,Arquitectura de Procesos Empresariales Automatizables,4.2 · Método para automatizar procesos desde cero,Videos,video,Automating Business Processes with APIs and BPMN,Zapier,,,https://www.youtube.com/results?search_query=Automating%20Business%20Processes%20with%20APIs%20and%20BPMN%20Zapier,pendiente,,,,,,,
Mapa_Modelado_de_negocios.html:4.2:biblio:0,Mapa_Modelado_de_negocios.html,Arquitectura de Procesos Empresariales Automatizables,4.2 · Método para automatizar procesos desde cero,Bibliografía,libro,,,,,https://www.google.com/search?q=,pendiente,,,,,,,
Mapa_Modelado_de_negocios.html:4.2:biblio:1,Mapa_Modelado_de_negocios.html,Arquitectura de Procesos Empresariales Automatizables,4.2 · Método para automatizar procesos desde cero,Bibliografía,libro,,,,,https://www.google.com/search?q=,pendiente,,,,,,,
Mapa_Modelado_de_negocios.html:4.2:practica:0,Mapa_Modelado_de_negocios.html,Arquitectura de Procesos Empresariales Automatizables,4.2 · Método para automatizar procesos desde cero,Práctica,practica,,,,,https://www.google.com/search?q=,pendiente,,,,,,,
Mapa_Modelado_de_negocios.html:4.2:practica:1,Mapa_Modelado_de_negocios.html,Arquitectura de Procesos Empresariales Automatizables,4.2 · Método para automatizar procesos desde cero,Práctica,practica,,,,,https://www.google.com/search?q=,pendiente,,,,,,,
Mapa_Modelado_de_negocios.html:4.2:practica:2,Mapa_Modelado_de_negocios.html,Arquitectura de Procesos Empresariales Automatizables,4.2 · Método para automatizar procesos desde cero,Práctica,practica,,,,,https://www.google.com/search?q=,pendiente,,,,,,,
Mapa_Modelado_de_negocios.html:4.3:videos:0,Mapa_Modelado_de_negocios.html,Arquitectura de Procesos Empresariales Automatizables,4.3 · Ciclo de vida de BPM,Videos,video,The BPM Lifecycle Explained,BPTrends,,,https://www.youtube.com/results?search_query=The%20BPM%20Lifecycle%20Explained%20BPTrends,pendiente,,,,,,,
Mapa_Modelado_de_negocios.html:4.3:videos:1,Mapa_Modelado_de_negocios.html,Arquitectura de Procesos Empresariales Automatizables,4.3 · Ciclo de vida de BPM,Videos,video,Business Process Management Lifecycle,Bizagi,,,https://www.youtube.com/results?search_query=Business%20Process%20Management%20Lifecycle%20Bizagi,pendiente,,,,,,,
Mapa_Modelado_de_negocios.html:4.3:videos:2,Mapa_Modelado_de_negocios.html,Arquitectura de Procesos Empresariales Automatizables,4.3 · Ciclo de vida de BPM,Videos,video,Continuous Process Improvement with BPM Lifecycle,Signavio,,,https://www.youtube.com/results?search_query=Continuous%20Process%20Improvement%20with%20BPM%20Lifecycle%20Signavio,pendiente,,,,,,,
Mapa_Modelado_de_negocios.html:4.3:videos:3,Mapa_Modelado_de_negocios.html,Arquitectura de Procesos Empresariales Automatizables,4.3 · Ciclo de vida de BPM,Videos,video,BPM Lifecycle: From Monitoring to Optimization,Camunda,,,https://www.youtube.com/results?search_query=BPM%20Lifecycle%3A%20From%20Monitoring%20to%20Optimization%20Camunda,pendiente,,,,,,,
Mapa_Modelado_de_negocios.html:4.3:biblio:0,Mapa_Modelado_de_negocios.html,Arquitectura de Procesos Empresariales Automatizables,4.3 · Ciclo de vida de BPM,Bibliografía,libro,,,,,https://www.google.com/search?q=,pendiente,,,,,,,
Mapa_Modelado_de_negocios.html:4.3:biblio:1,Mapa_Modelado_de_negocios.html,Arquitectura de Procesos Empresariales Automatizables,4.3 · Ciclo de vida de BPM,Bibliografía,libro,,,,,https://www.google.com/search?q=,pendiente,,,,,,,
Mapa_Modelado_de_negocios.html:4.3:practica:0,Mapa_Modelado_de_negocios.html,Arquitectura de Procesos Empresariales Automatizables,4.3 · Ciclo de vida de BPM,Práctica,practica,,,,,https://www.google.com/search?q=,pendiente,,,,,,,
Mapa_Modelado_de_negocios.html:4.3:practica:1,Mapa_Modelado_de_negocios.html,Arquitectura de Procesos Empresariales Automatizables,4.3 · Ciclo de vida de BPM,Práctica,practica,,,,,https://www.google.com/search?q=,pendiente,,,,,,,
Mapa_Modelado_de_negocios.html:4.3:practica:2,Mapa_Modelado_de_negocios.html,Arquitectura de Procesos Empresariales Automatizables,4.3 · Ciclo de vida de BPM,Práctica,practica,,,,,https://www.google.com/search?q=,pendiente,,,,,,,
Mapa_Modelado_de_negocios.html:4.4:videos:0,Mapa_Modelado_de_negocios.html,Arquitectura de Procesos Empresariales Automatizables,4.4 · Otras tecnologías utilizadas en BPM,Videos,video,RPA vs BPM: What's the Difference?,UiPath,,,https://www.youtube.com/results?search_query=RPA%20vs%20BPM%3A%20What's%20the%20Difference%3F%20UiPath,pendiente,,,,,,,
Mapa_Modelado_de_negocios.html:4.4:videos:1,Mapa_Modelado_de_negocios.html,Arquitectura de Procesos Empresariales Automatizables,4.4 · Otras tecnologías utilizadas en BPM,Videos,video,What is Process Mining?,Celonis,,,https://www.youtube.com/results?search_query=What%20is%20Process%20Mining%3F%20Celonis,pendiente,,,,,,,
Mapa_Modelado_de_negocios.html:4.4:videos:2,Mapa_Modelado_de_negocios.html,Arquitectura de Procesos Empresariales Automatizables,4.4 · Otras tecnologías utilizadas en BPM,Videos,video,AI in Business Process Management,Bizagi,,,https://www.youtube.com/results?search_query=AI%20in%20Business%20Process%20Management%20Bizagi,pendiente,,,,,,,
Mapa_Modelado_de_negocios.html:4.4:videos:3,Mapa_Modelado_de_negocios.html,Arquitectura de Procesos Empresariales Automatizables,4.4 · Otras tecnologías utilizadas en BPM,Videos,video,Integrating BPM with Machine Learning,Camunda,,,https://www.youtube.com/results?search_query=Integrating%20BPM%20with%20Machine%20Learning%20Camunda,pendiente,,,,,,,
Mapa_Modelado_de_negocios.html:4.4:biblio:0,Mapa_Modelado_de_negocios.html,Arquitectura de Procesos Empresariales Automatizables,4.4 · Otras tecnologías utilizadas en BPM,Bibliografía,libro,,,,,https://www.google.com/search?q=,pendiente,,,,,,,
Mapa_Modelado_de_negocios.html:4.4:biblio:1,Mapa_Modelado_de_negocios.html,Arquitectura de Procesos Empresariales Automatizables,4.4 · Otras tecnologías utilizadas en BPM,Bibliografía,libro,,,,,https://www.google.com/search?q=,pendiente,,,,,,,
Mapa_Modelado_de_negocios.html:4.4:practica:0,Mapa_Modelado_de_negocios.html,Arquitectura de Procesos Empresariales Automatizables,4.4 · Otras tecnologías utilizadas en BPM,Práctica,practica,,,,,https://www.google.com/search?q=,pendiente,,,,,,,
Mapa_Modelado_de_negocios.html:4.4:practica:1,Mapa_Modelado_de_negocios.html,Arquitectura de Procesos Empresariales Automatizables,4.4 · Otras tecnologías utilizadas en BPM,Práctica,practica,,,,,https://www.google.com/search?q=,pendiente,,,,,,,
Mapa_Modelado_de_negocios.html:4.4:practica:2,Mapa_Modelado_de_negocios.html,Arquitectura de Procesos Empresariales Automatizables,4.4 · Otras tecnologías utilizadas en BPM,Práctica,practica,,,,,https://www.google.com/search?q=,pendiente,,,,,,,
Mapa_Programacion_orientada_a_objetos.html:1.1:videos:0,Mapa_Programacion_orientada_a_objetos.html,PRINCIPIOS ESENCIALES DE LA PROGRAMACIÓN ORIENTADA A OBJETOS,1.1 · INTRODUCCIÓN AL PARADIGMA DE POO (MÉTODOS),Videos,video,Programación Orientada a Objetos en Java - MitoCode,,,,https://www.youtube.com/results?search_query=Programaci%C3%B3n%20Orientada%20a%20Objetos%20en%20Java%20-%20MitoCode,pendiente,,,,,,,
Mapa_Programacion_orientada_a_objetos.html:1.1:videos:1,Mapa_Programacion_orientada_a_objetos.html,PRINCIPIOS ESENCIALES DE LA PROGRAMACIÓN ORIENTADA A OBJETOS,1.1 · INTRODUCCIÓN AL PARADIGMA DE POO (MÉTODOS),Videos,video,Curso Java POO #1 - Introducción a la Programación Orientada a Objetos - pildorasinformaticas,,,,https://www.youtube.com/results?search_query=Curso%20Java%20POO%20%231%20-%20Introducci%C3%B3n%20a%20la%20Programaci%C3%B3n%20Orientada%20a%20Objetos%20-%20pildorasinformaticas,pendiente,,,,,,,
Mapa_Programacion_orientada_a_objetos.html:1.1:videos:2,Mapa_Programacion_orientada_a_objetos.html,PRINCIPIOS ESENCIALES DE LA PROGRAMACIÓN ORIENTADA A OBJETOS,1.1 · INTRODUCCIÓN AL PARADIGMA DE POO (MÉTODOS),Videos,video,Programación Orientada a Objetos en Java (POO) #1 - Introducción - HolaMundo,,,,https://www.youtube.com/results?search_query=Programaci%C3%B3n%20Orientada%20a%20Objetos%20en%20Java%20(POO)%20%231%20-%20Introducci%C3%B3n%20-%20HolaMundo,pendiente,,,,,,,
Mapa_Programacion_orientada_a_objetos.html:1.1:videos:3,Mapa_Programacion_orientada_a_objetos.html,PRINCIPIOS ESENCIALES DE LA PROGRAMACIÓN ORIENTADA A OBJETOS,1.1 · INTRODUCCIÓN AL PARADIGMA DE POO (MÉTODOS),Videos,video,Aprende POO (Programación Orientada a Objetos) en Java - Fazt,,,,https://www.youtube.com/results?search_query=Aprende%20POO%20(Programaci%C3%B3n%20Orientada%20a%20Objetos)%20en%20Java%20-%20Fazt,pendiente,,,,,,,
Mapa_Programacion_orientada_a_objetos.html:1.1:videos:4,Mapa_Programacion_orientada_a_objetos.html,PRINCIPIOS ESENCIALES DE LA PROGRAMACIÓN ORIENTADA A OBJETOS,1.1 · INTRODUCCIÓN AL PARADIGMA DE POO (MÉTODOS),Videos,video,Curso Completo de Java y POO desde Cero - MoureDev,,,,https://www.youtube.com/results?search_query=Curso%20Completo%20de%20Java%20y%20POO%20desde%20Cero%20-%20MoureDev,pendiente,,,,,,,
Mapa_Programacion_orientada_a_objetos.html:1.1:biblio:0,Mapa_Programacion_orientada_a_objetos.html,PRINCIPIOS ESENCIALES DE LA PROGRAMACIÓN ORIENTADA A OBJETOS,1.1 · INTRODUCCIÓN AL PARADIGMA DE POO (MÉTODOS),Bibliografía,libro,"Bruce Eckel, ""On Java 8"" / ""On Java 17"", Cap. 1 ""Introduction to Objects"", pp. 15-38.",,,,https://www.google.com/search?q=Bruce%20Eckel%2C%20%22On%20Java%208%22%20%2F%20%22On%20Java%2017%22%2C%20Cap.%201%20%22Introduction%20to%20Objects%22%2C%20pp.%2015-38.,pendiente,,,,,,,
Mapa_Programacion_orientada_a_objetos.html:1.1:biblio:1,Mapa_Programacion_orientada_a_objetos.html,PRINCIPIOS ESENCIALES DE LA PROGRAMACIÓN ORIENTADA A OBJETOS,1.1 · INTRODUCCIÓN AL PARADIGMA DE POO (MÉTODOS),Bibliografía,libro,"Oracle, ""The Java Tutorials / Dev.java: Object-Oriented Programming Concepts"", Sección ""Classes and Objects"", pp. 1-15.",,,,https://www.google.com/search?q=Oracle%2C%20%22The%20Java%20Tutorials%20%2F%20Dev.java%3A%20Object-Oriented%20Programming%20Concepts%22%2C%20Secci%C3%B3n%20%22Classes%20and%20Objects%22%2C%20pp.%201-15.,pendiente,,,,,,,
Mapa_Programacion_orientada_a_objetos.html:1.1:biblio:2,Mapa_Programacion_orientada_a_objetos.html,PRINCIPIOS ESENCIALES DE LA PROGRAMACIÓN ORIENTADA A OBJETOS,1.1 · INTRODUCCIÓN AL PARADIGMA DE POO (MÉTODOS),Bibliografía,libro,"Garcia de Jalón, J. et al., ""Aprenda Java como si estuviera en primero"", Cap. 1 ""Introducción a Java"", pp. 3-10.",,,,https://www.google.com/search?q=Garcia%20de%20Jal%C3%B3n%2C%20J.%20et%20al.%2C%20%22Aprenda%20Java%20como%20si%20estuviera%20en%20primero%22%2C%20Cap.%201%20%22Introducci%C3%B3n%20a%20Java%22%2C%20pp.%203-10.,pendiente,,,,,,,
Mapa_Programacion_orientada_a_objetos.html:1.1:biblio:3,Mapa_Programacion_orientada_a_objetos.html,PRINCIPIOS ESENCIALES DE LA PROGRAMACIÓN ORIENTADA A OBJETOS,1.1 · INTRODUCCIÓN AL PARADIGMA DE POO (MÉTODOS),Bibliografía,libro,"GoalKicker, ""Java Notes for Professionals"", Cap. 9 ""Classes and Objects"", pp. 120-135.",,,,https://www.google.com/search?q=GoalKicker%2C%20%22Java%20Notes%20for%20Professionals%22%2C%20Cap.%209%20%22Classes%20and%20Objects%22%2C%20pp.%20120-135.,pendiente,,,,,,,
Mapa_Programacion_orientada_a_objetos.html:1.1:practica:0,Mapa_Programacion_orientada_a_objetos.html,PRINCIPIOS ESENCIALES DE LA PROGRAMACIÓN ORIENTADA A OBJETOS,1.1 · INTRODUCCIÓN AL PARADIGMA DE POO (MÉTODOS),Práctica,practica,"Video: ""Ejercicios resueltos de POO en Java paso a paso"" - Canal: Charly Cimino <span class='ref-level'>[Básico]</span>",,,,https://www.google.com/search?q=Video%3A%20%22Ejercicios%20resueltos%20de%20POO%20en%20Java%20paso%20a%20paso%22%20-%20Canal%3A%20Charly%20Cimino%20%3Cspan%20class%3D'ref-level'%3E%5BB%C3%A1sico%5D%3C%2Fspan%3E,pendiente,,,,,,,
Mapa_Programacion_orientada_a_objetos.html:1.1:practica:1,Mapa_Programacion_orientada_a_objetos.html,PRINCIPIOS ESENCIALES DE LA PROGRAMACIÓN ORIENTADA A OBJETOS,1.1 · INTRODUCCIÓN AL PARADIGMA DE POO (MÉTODOS),Práctica,practica,"Libro: ""Aprenda Java como si estuviera en primero"" - Ejercicios propuestos, Cap. 1, pp. 40-42 <span class='ref-level'>[Básico]</span>",,,,https://www.google.com/search?q=Libro%3A%20%22Aprenda%20Java%20como%20si%20estuviera%20en%20primero%22%20-%20Ejercicios%20propuestos%2C%20Cap.%201%2C%20pp.%2040-42%20%3Cspan%20class%3D'ref-level'%3E%5BB%C3%A1sico%5D%3C%2Fspan%3E,pendiente,,,,,,,
Mapa_Programacion_orientada_a_objetos.html:1.1:practica:2,Mapa_Programacion_orientada_a_objetos.html,PRINCIPIOS ESENCIALES DE LA PROGRAMACIÓN ORIENTADA A OBJETOS,1.1 · INTRODUCCIÓN AL PARADIGMA DE POO (MÉTODOS),Práctica,practica,"Video: ""Ejercicios de POO resueltos en Java"" - Canal: Néstor Cancino <span class='ref-level'>[Intermedio]</span>",,,,https://www.google.com/search?q=Video%3A%20%22Ejercicios%20de%20POO%20resueltos%20en%20Java%22%20-%20Canal%3A%20N%C3%A9stor%20Cancino%20%3Cspan%20class%3D'ref-level'%3E%5BIntermedio%5D%3C%2Fspan%3E,pendiente,,,,,,,
Mapa_Programacion_orientada_a_objetos.html:1.1:practica:3,Mapa_Programacion_orientada_a_objetos.html,PRINCIPIOS ESENCIALES DE LA PROGRAMACIÓN ORIENTADA A OBJETOS,1.1 · INTRODUCCIÓN AL PARADIGMA DE POO (MÉTODOS),Práctica,practica,"Libro: ""Java Notes for Professionals"" - Práctica de métodos en Java, Cap. 9, pp. 140-145 <span class='ref-level'>[Básico]</span>",,,,https://www.google.com/search?q=Libro%3A%20%22Java%20Notes%20for%20Professionals%22%20-%20Pr%C3%A1ctica%20de%20m%C3%A9todos%20en%20Java%2C%20Cap.%209%2C%20pp.%20140-145%20%3Cspan%20class%3D'ref-level'%3E%5BB%C3%A1sico%5D%3C%2Fspan%3E,pendiente,,,,,,,
Mapa_Programacion_orientada_a_objetos.html:1.2:videos:0,Mapa_Programacion_orientada_a_objetos.html,PRINCIPIOS ESENCIALES DE LA PROGRAMACIÓN ORIENTADA A OBJETOS,"1.2 · CLASES, SUBCLASES, ATRIBUTOS, OPERACIONES ENCAPSULAMIENTO",Videos,video,"POO en Java: Clases, Objetos, Atributos y Métodos - MitoCode",,,,https://www.youtube.com/results?search_query=POO%20en%20Java%3A%20Clases%2C%20Objetos%2C%20Atributos%20y%20M%C3%A9todos%20-%20MitoCode,pendiente,,,,,,,
Mapa_Programacion_orientada_a_objetos.html:1.2:videos:1,Mapa_Programacion_orientada_a_objetos.html,PRINCIPIOS ESENCIALES DE LA PROGRAMACIÓN ORIENTADA A OBJETOS,"1.2 · CLASES, SUBCLASES, ATRIBUTOS, OPERACIONES ENCAPSULAMIENTO",Videos,video,Curso Java POO #3 - Clases y Objetos - pildorasinformaticas,,,,https://www.youtube.com/results?search_query=Curso%20Java%20POO%20%233%20-%20Clases%20y%20Objetos%20-%20pildorasinformaticas,pendiente,,,,,,,
Mapa_Programacion_orientada_a_objetos.html:1.2:videos:2,Mapa_Programacion_orientada_a_objetos.html,PRINCIPIOS ESENCIALES DE LA PROGRAMACIÓN ORIENTADA A OBJETOS,"1.2 · CLASES, SUBCLASES, ATRIBUTOS, OPERACIONES ENCAPSULAMIENTO",Videos,video,Encapsulamiento en Java (Programación Orientada a Objetos) - HolaMundo,,,,https://www.youtube.com/results?search_query=Encapsulamiento%20en%20Java%20(Programaci%C3%B3n%20Orientada%20a%20Objetos)%20-%20HolaMundo,pendiente,,,,,,,
Mapa_Programacion_orientada_a_objetos.html:1.2:videos:3,Mapa_Programacion_orientada_a_objetos.html,PRINCIPIOS ESENCIALES DE LA PROGRAMACIÓN ORIENTADA A OBJETOS,"1.2 · CLASES, SUBCLASES, ATRIBUTOS, OPERACIONES ENCAPSULAMIENTO",Videos,video,Atributos y Métodos en Java - La Geekipedia De Ernesto,,,,https://www.youtube.com/results?search_query=Atributos%20y%20M%C3%A9todos%20en%20Java%20-%20La%20Geekipedia%20De%20Ernesto,pendiente,,,,,,,
Mapa_Programacion_orientada_a_objetos.html:1.2:videos:4,Mapa_Programacion_orientada_a_objetos.html,PRINCIPIOS ESENCIALES DE LA PROGRAMACIÓN ORIENTADA A OBJETOS,"1.2 · CLASES, SUBCLASES, ATRIBUTOS, OPERACIONES ENCAPSULAMIENTO",Videos,video,"Curso de Java: Clases, Objetos y Modificadores de Acceso - TodoCode",,,,https://www.youtube.com/results?search_query=Curso%20de%20Java%3A%20Clases%2C%20Objetos%20y%20Modificadores%20de%20Acceso%20-%20TodoCode,pendiente,,,,,,,
Mapa_Programacion_orientada_a_objetos.html:1.2:biblio:0,Mapa_Programacion_orientada_a_objetos.html,PRINCIPIOS ESENCIALES DE LA PROGRAMACIÓN ORIENTADA A OBJETOS,"1.2 · CLASES, SUBCLASES, ATRIBUTOS, OPERACIONES ENCAPSULAMIENTO",Bibliografía,libro,"Bruce Eckel, ""On Java 8"", Cap. 2 ""Everything is an Object"", pp. 40-62.",,,,https://www.google.com/search?q=Bruce%20Eckel%2C%20%22On%20Java%208%22%2C%20Cap.%202%20%22Everything%20is%20an%20Object%22%2C%20pp.%2040-62.,pendiente,,,,,,,
Mapa_Programacion_orientada_a_objetos.html:1.2:biblio:1,Mapa_Programacion_orientada_a_objetos.html,PRINCIPIOS ESENCIALES DE LA PROGRAMACIÓN ORIENTADA A OBJETOS,"1.2 · CLASES, SUBCLASES, ATRIBUTOS, OPERACIONES ENCAPSULAMIENTO",Bibliografía,libro,"Garcia de Jalón, J. et al., ""Aprenda Java como si estuviera en primero"", Cap. 2 ""Estructura general de un programa"", pp. 12-25.",,,,https://www.google.com/search?q=Garcia%20de%20Jal%C3%B3n%2C%20J.%20et%20al.%2C%20%22Aprenda%20Java%20como%20si%20estuviera%20en%20primero%22%2C%20Cap.%202%20%22Estructura%20general%20de%20un%20programa%22%2C%20pp.%2012-25.,pendiente,,,,,,,
Mapa_Programacion_orientada_a_objetos.html:1.2:biblio:2,Mapa_Programacion_orientada_a_objetos.html,PRINCIPIOS ESENCIALES DE LA PROGRAMACIÓN ORIENTADA A OBJETOS,"1.2 · CLASES, SUBCLASES, ATRIBUTOS, OPERACIONES ENCAPSULAMIENTO",Bibliografía,libro,"GoalKicker, ""Java Notes for Professionals"", Cap. 9 ""Classes and Objects"", pp. 140-155.",,,,https://www.google.com/search?q=GoalKicker%2C%20%22Java%20Notes%20for%20Professionals%22%2C%20Cap.%209%20%22Classes%20and%20Objects%22%2C%20pp.%20140-155.,pendiente,,,,,,,
Mapa_Programacion_orientada_a_objetos.html:1.2:biblio:3,Mapa_Programacion_orientada_a_objetos.html,PRINCIPIOS ESENCIALES DE LA PROGRAMACIÓN ORIENTADA A OBJETOS,"1.2 · CLASES, SUBCLASES, ATRIBUTOS, OPERACIONES ENCAPSULAMIENTO",Bibliografía,libro,"Oracle, ""The Java Tutorials / Dev.java: Controlling Access to Members of a Class"", pp. 1-8.",,,,https://www.google.com/search?q=Oracle%2C%20%22The%20Java%20Tutorials%20%2F%20Dev.java%3A%20Controlling%20Access%20to%20Members%20of%20a%20Class%22%2C%20pp.%201-8.,pendiente,,,,,,,
Mapa_Programacion_orientada_a_objetos.html:1.2:practica:0,Mapa_Programacion_orientada_a_objetos.html,PRINCIPIOS ESENCIALES DE LA PROGRAMACIÓN ORIENTADA A OBJETOS,"1.2 · CLASES, SUBCLASES, ATRIBUTOS, OPERACIONES ENCAPSULAMIENTO",Práctica,practica,"Video: ""Ejercicios resueltos de Clases y Encapsulamiento en Java"" - Canal: MitoCode <span class='ref-level'>[Básico]</span>",,,,https://www.google.com/search?q=Video%3A%20%22Ejercicios%20resueltos%20de%20Clases%20y%20Encapsulamiento%20en%20Java%22%20-%20Canal%3A%20MitoCode%20%3Cspan%20class%3D'ref-level'%3E%5BB%C3%A1sico%5D%3C%2Fspan%3E,pendiente,,,,,,,
Mapa_Programacion_orientada_a_objetos.html:1.2:practica:1,Mapa_Programacion_orientada_a_objetos.html,PRINCIPIOS ESENCIALES DE LA PROGRAMACIÓN ORIENTADA A OBJETOS,"1.2 · CLASES, SUBCLASES, ATRIBUTOS, OPERACIONES ENCAPSULAMIENTO",Práctica,practica,"Video: ""Ejercicios resueltos de POO en Java - Clases y Objetos"" - Canal: Néstor Cancino <span class='ref-level'>[Intermedio]</span>",,,,https://www.google.com/search?q=Video%3A%20%22Ejercicios%20resueltos%20de%20POO%20en%20Java%20-%20Clases%20y%20Objetos%22%20-%20Canal%3A%20N%C3%A9stor%20Cancino%20%3Cspan%20class%3D'ref-level'%3E%5BIntermedio%5D%3C%2Fspan%3E,pendiente,,,,,,,
Mapa_Programacion_orientada_a_objetos.html:1.2:practica:2,Mapa_Programacion_orientada_a_objetos.html,PRINCIPIOS ESENCIALES DE LA PROGRAMACIÓN ORIENTADA A OBJETOS,"1.2 · CLASES, SUBCLASES, ATRIBUTOS, OPERACIONES ENCAPSULAMIENTO",Práctica,practica,"Libro: ""Aprenda Java como si estuviera en primero"" - Ejercicios propuestos, Cap. 2, pp. 35-38 <span class='ref-level'>[Básico]</span>",,,,https://www.google.com/search?q=Libro%3A%20%22Aprenda%20Java%20como%20si%20estuviera%20en%20primero%22%20-%20Ejercicios%20propuestos%2C%20Cap.%202%2C%20pp.%2035-38%20%3Cspan%20class%3D'ref-level'%3E%5BB%C3%A1sico%5D%3C%2Fspan%3E,pendiente,,,,,,,
Mapa_Programacion_orientada_a_objetos.html:1.2:practica:3,Mapa_Programacion_orientada_a_objetos.html,PRINCIPIOS ESENCIALES DE LA PROGRAMACIÓN ORIENTADA A OBJETOS,"1.2 · CLASES, SUBCLASES, ATRIBUTOS, OPERACIONES ENCAPSULAMIENTO",Práctica,practica,"Libro: ""Java Notes for Professionals"" - Ejercicios de Encapsulamiento, Cap. 9, pp. 160-165 <span class='ref-level'>[Intermedio]</span>",,,,https://www.google.com/search?q=Libro%3A%20%22Java%20Notes%20for%20Professionals%22%20-%20Ejercicios%20de%20Encapsulamiento%2C%20Cap.%209%2C%20pp.%20160-165%20%3Cspan%20class%3D'ref-level'%3E%5BIntermedio%5D%3C%2Fspan%3E,pendiente,,,,,,,
Mapa_Programacion_orientada_a_objetos.html:1.3:videos:0,Mapa_Programacion_orientada_a_objetos.html,PRINCIPIOS ESENCIALES DE LA PROGRAMACIÓN ORIENTADA A OBJETOS,"1.3 · JERARQUÍA DE CLASES, HERENCIA, CLASES ABSTRACTAS Y POLIMORFISMO",Videos,video,Curso Java POO - Herencia y Polimorfismo - pildorasinformaticas,,,,https://www.youtube.com/results?search_query=Curso%20Java%20POO%20-%20Herencia%20y%20Polimorfismo%20-%20pildorasinformaticas,pendiente,,,,,,,
Mapa_Programacion_orientada_a_objetos.html:1.3:videos:1,Mapa_Programacion_orientada_a_objetos.html,PRINCIPIOS ESENCIALES DE LA PROGRAMACIÓN ORIENTADA A OBJETOS,"1.3 · JERARQUÍA DE CLASES, HERENCIA, CLASES ABSTRACTAS Y POLIMORFISMO",Videos,video,Polimorfismo en Java (POO) - HolaMundo,,,,https://www.youtube.com/results?search_query=Polimorfismo%20en%20Java%20(POO)%20-%20HolaMundo,pendiente,,,,,,,
Mapa_Programacion_orientada_a_objetos.html:1.3:videos:2,Mapa_Programacion_orientada_a_objetos.html,PRINCIPIOS ESENCIALES DE LA PROGRAMACIÓN ORIENTADA A OBJETOS,"1.3 · JERARQUÍA DE CLASES, HERENCIA, CLASES ABSTRACTAS Y POLIMORFISMO",Videos,video,Clases Abstractas e Interfaces en Java - MitoCode,,,,https://www.youtube.com/results?search_query=Clases%20Abstractas%20e%20Interfaces%20en%20Java%20-%20MitoCode,pendiente,,,,,,,
Mapa_Programacion_orientada_a_objetos.html:1.3:videos:3,Mapa_Programacion_orientada_a_objetos.html,PRINCIPIOS ESENCIALES DE LA PROGRAMACIÓN ORIENTADA A OBJETOS,"1.3 · JERARQUÍA DE CLASES, HERENCIA, CLASES ABSTRACTAS Y POLIMORFISMO",Videos,video,Herencia en Java - Programación Orientada a Objetos - Fazt,,,,https://www.youtube.com/results?search_query=Herencia%20en%20Java%20-%20Programaci%C3%B3n%20Orientada%20a%20Objetos%20-%20Fazt,pendiente,,,,,,,
Mapa_Programacion_orientada_a_objetos.html:1.3:videos:4,Mapa_Programacion_orientada_a_objetos.html,PRINCIPIOS ESENCIALES DE LA PROGRAMACIÓN ORIENTADA A OBJETOS,"1.3 · JERARQUÍA DE CLASES, HERENCIA, CLASES ABSTRACTAS Y POLIMORFISMO",Videos,video,Polimorfismo y Clases Abstractas en Java - La Geekipedia De Ernesto,,,,https://www.youtube.com/results?search_query=Polimorfismo%20y%20Clases%20Abstractas%20en%20Java%20-%20La%20Geekipedia%20De%20Ernesto,pendiente,,,,,,,
Mapa_Programacion_orientada_a_objetos.html:1.3:biblio:0,Mapa_Programacion_orientada_a_objetos.html,PRINCIPIOS ESENCIALES DE LA PROGRAMACIÓN ORIENTADA A OBJETOS,"1.3 · JERARQUÍA DE CLASES, HERENCIA, CLASES ABSTRACTAS Y POLIMORFISMO",Bibliografía,libro,"Bruce Eckel, ""On Java 8"", Cap. 6 ""Reusing Classes"", pp. 210-235.",,,,https://www.google.com/search?q=Bruce%20Eckel%2C%20%22On%20Java%208%22%2C%20Cap.%206%20%22Reusing%20Classes%22%2C%20pp.%20210-235.,pendiente,,,,,,,
Mapa_Programacion_orientada_a_objetos.html:1.3:biblio:1,Mapa_Programacion_orientada_a_objetos.html,PRINCIPIOS ESENCIALES DE LA PROGRAMACIÓN ORIENTADA A OBJETOS,"1.3 · JERARQUÍA DE CLASES, HERENCIA, CLASES ABSTRACTAS Y POLIMORFISMO",Bibliografía,libro,"Bruce Eckel, ""On Java 8"", Cap. 7 ""Polymorphism"", pp. 240-268.",,,,https://www.google.com/search?q=Bruce%20Eckel%2C%20%22On%20Java%208%22%2C%20Cap.%207%20%22Polymorphism%22%2C%20pp.%20240-268.,pendiente,,,,,,,
Mapa_Programacion_orientada_a_objetos.html:1.3:biblio:2,Mapa_Programacion_orientada_a_objetos.html,PRINCIPIOS ESENCIALES DE LA PROGRAMACIÓN ORIENTADA A OBJETOS,"1.3 · JERARQUÍA DE CLASES, HERENCIA, CLASES ABSTRACTAS Y POLIMORFISMO",Bibliografía,libro,"Garcia de Jalón, J. et al., ""Aprenda Java como si estuviera en primero"", Cap. 3 ""Herencia y Polimorfismo"", pp. 45-65.",,,,https://www.google.com/search?q=Garcia%20de%20Jal%C3%B3n%2C%20J.%20et%20al.%2C%20%22Aprenda%20Java%20como%20si%20estuviera%20en%20primero%22%2C%20Cap.%203%20%22Herencia%20y%20Polimorfismo%22%2C%20pp.%2045-65.,pendiente,,,,,,,
Mapa_Programacion_orientada_a_objetos.html:1.3:biblio:3,Mapa_Programacion_orientada_a_objetos.html,PRINCIPIOS ESENCIALES DE LA PROGRAMACIÓN ORIENTADA A OBJETOS,"1.3 · JERARQUÍA DE CLASES, HERENCIA, CLASES ABSTRACTAS Y POLIMORFISMO",Bibliografía,libro,"GoalKicker, ""Java Notes for Professionals"", Cap. 30 ""Inheritance"", pp. 320-335.",,,,https://www.google.com/search?q=GoalKicker%2C%20%22Java%20Notes%20for%20Professionals%22%2C%20Cap.%2030%20%22Inheritance%22%2C%20pp.%20320-335.,pendiente,,,,,,,
Mapa_Programacion_orientada_a_objetos.html:1.3:practica:0,Mapa_Programacion_orientada_a_objetos.html,PRINCIPIOS ESENCIALES DE LA PROGRAMACIÓN ORIENTADA A OBJETOS,"1.3 · JERARQUÍA DE CLASES, HERENCIA, CLASES ABSTRACTAS Y POLIMORFISMO",Práctica,practica,"Video: ""Ejercicios resueltos de Herencia y Polimorfismo en Java"" - Canal: MitoCode <span class='ref-level'>[Intermedio]</span>",,,,https://www.google.com/search?q=Video%3A%20%22Ejercicios%20resueltos%20de%20Herencia%20y%20Polimorfismo%20en%20Java%22%20-%20Canal%3A%20MitoCode%20%3Cspan%20class%3D'ref-level'%3E%5BIntermedio%5D%3C%2Fspan%3E,pendiente,,,,,,,
Mapa_Programacion_orientada_a_objetos.html:1.3:practica:1,Mapa_Programacion_orientada_a_objetos.html,PRINCIPIOS ESENCIALES DE LA PROGRAMACIÓN ORIENTADA A OBJETOS,"1.3 · JERARQUÍA DE CLASES, HERENCIA, CLASES ABSTRACTAS Y POLIMORFISMO",Práctica,practica,"Video: ""Ejercicio práctico de Polimorfismo en Java"" - Canal: HolaMundo <span class='ref-level'>[Intermedio]</span>",,,,https://www.google.com/search?q=Video%3A%20%22Ejercicio%20pr%C3%A1ctico%20de%20Polimorfismo%20en%20Java%22%20-%20Canal%3A%20HolaMundo%20%3Cspan%20class%3D'ref-level'%3E%5BIntermedio%5D%3C%2Fspan%3E,pendiente,,,,,,,
Mapa_Programacion_orientada_a_objetos.html:1.3:practica:2,Mapa_Programacion_orientada_a_objetos.html,PRINCIPIOS ESENCIALES DE LA PROGRAMACIÓN ORIENTADA A OBJETOS,"1.3 · JERARQUÍA DE CLASES, HERENCIA, CLASES ABSTRACTAS Y POLIMORFISMO",Práctica,practica,"Libro: ""Aprenda Java como si estuviera en primero"" - Ejercicios propuestos, Cap. 3, pp. 70-75 <span class='ref-level'>[Intermedio]</span>",,,,https://www.google.com/search?q=Libro%3A%20%22Aprenda%20Java%20como%20si%20estuviera%20en%20primero%22%20-%20Ejercicios%20propuestos%2C%20Cap.%203%2C%20pp.%2070-75%20%3Cspan%20class%3D'ref-level'%3E%5BIntermedio%5D%3C%2Fspan%3E,pendiente,,,,,,,
Mapa_Programacion_orientada_a_objetos.html:1.3:practica:3,Mapa_Programacion_orientada_a_objetos.html,PRINCIPIOS ESENCIALES DE LA PROGRAMACIÓN ORIENTADA A OBJETOS,"1.3 · JERARQUÍA DE CLASES, HERENCIA, CLASES ABSTRACTAS Y POLIMORFISMO",Práctica,practica,"Libro: ""Java Notes for Professionals"" - Ejercicios de Herencia y Polimorfismo, Cap. 30, pp. 340-345 <span class='ref-level'>[Intermedio]</span>",,,,https://www.google.com/search?q=Libro%3A%20%22Java%20Notes%20for%20Professionals%22%20-%20Ejercicios%20de%20Herencia%20y%20Polimorfismo%2C%20Cap.%2030%2C%20pp.%20340-345%20%3Cspan%20class%3D'ref-level'%3E%5BIntermedio%5D%3C%2Fspan%3E,pendiente,,,,,,,
Mapa_Programacion_orientada_a_objetos.html:1.4:videos:0,Mapa_Programacion_orientada_a_objetos.html,PRINCIPIOS ESENCIALES DE LA PROGRAMACIÓN ORIENTADA A OBJETOS,1.4 · AGREGACIÓN Y COMPOSICIÓN,Videos,video,Agregación vs Composición en Java - MitoCode,,,,https://www.youtube.com/results?search_query=Agregaci%C3%B3n%20vs%20Composici%C3%B3n%20en%20Java%20-%20MitoCode,pendiente,,,,,,,
Mapa_Programacion_orientada_a_objetos.html:1.4:videos:1,Mapa_Programacion_orientada_a_objetos.html,PRINCIPIOS ESENCIALES DE LA PROGRAMACIÓN ORIENTADA A OBJETOS,1.4 · AGREGACIÓN Y COMPOSICIÓN,Videos,video,Agregación y Composición en POO - Néstor Cancino,,,,https://www.youtube.com/results?search_query=Agregaci%C3%B3n%20y%20Composici%C3%B3n%20en%20POO%20-%20N%C3%A9stor%20Cancino,pendiente,,,,,,,
Mapa_Programacion_orientada_a_objetos.html:1.4:videos:2,Mapa_Programacion_orientada_a_objetos.html,PRINCIPIOS ESENCIALES DE LA PROGRAMACIÓN ORIENTADA A OBJETOS,1.4 · AGREGACIÓN Y COMPOSICIÓN,Videos,video,Composición en Java (Programación Orientada a Objetos) - HolaMundo,,,,https://www.youtube.com/results?search_query=Composici%C3%B3n%20en%20Java%20(Programaci%C3%B3n%20Orientada%20a%20Objetos)%20-%20HolaMundo,pendiente,,,,,,,
Mapa_Programacion_orientada_a_objetos.html:1.4:videos:3,Mapa_Programacion_orientada_a_objetos.html,PRINCIPIOS ESENCIALES DE LA PROGRAMACIÓN ORIENTADA A OBJETOS,1.4 · AGREGACIÓN Y COMPOSICIÓN,Videos,video,Relaciones entre Clases: Agregación y Composición - La Geekipedia De Ernesto,,,,https://www.youtube.com/results?search_query=Relaciones%20entre%20Clases%3A%20Agregaci%C3%B3n%20y%20Composici%C3%B3n%20-%20La%20Geekipedia%20De%20Ernesto,pendiente,,,,,,,
Mapa_Programacion_orientada_a_objetos.html:1.4:videos:4,Mapa_Programacion_orientada_a_objetos.html,PRINCIPIOS ESENCIALES DE LA PROGRAMACIÓN ORIENTADA A OBJETOS,1.4 · AGREGACIÓN Y COMPOSICIÓN,Videos,video,Relaciones entre Clases en Java: Composición y Agregación - Charly Cimino,,,,https://www.youtube.com/results?search_query=Relaciones%20entre%20Clases%20en%20Java%3A%20Composici%C3%B3n%20y%20Agregaci%C3%B3n%20-%20Charly%20Cimino,pendiente,,,,,,,
Mapa_Programacion_orientada_a_objetos.html:1.4:biblio:0,Mapa_Programacion_orientada_a_objetos.html,PRINCIPIOS ESENCIALES DE LA PROGRAMACIÓN ORIENTADA A OBJETOS,1.4 · AGREGACIÓN Y COMPOSICIÓN,Bibliografía,libro,"Bruce Eckel, ""On Java 8"", Cap. 8 ""Interfaces and Inner Classes"", pp. 290-315.",,,,https://www.google.com/search?q=Bruce%20Eckel%2C%20%22On%20Java%208%22%2C%20Cap.%208%20%22Interfaces%20and%20Inner%20Classes%22%2C%20pp.%20290-315.,pendiente,,,,,,,
Mapa_Programacion_orientada_a_objetos.html:1.4:biblio:1,Mapa_Programacion_orientada_a_objetos.html,PRINCIPIOS ESENCIALES DE LA PROGRAMACIÓN ORIENTADA A OBJETOS,1.4 · AGREGACIÓN Y COMPOSICIÓN,Bibliografía,libro,"GoalKicker, ""Java Notes for Professionals"", Cap. 9 ""Classes and Objects"", pp. 175-180.",,,,https://www.google.com/search?q=GoalKicker%2C%20%22Java%20Notes%20for%20Professionals%22%2C%20Cap.%209%20%22Classes%20and%20Objects%22%2C%20pp.%20175-180.,pendiente,,,,,,,
Mapa_Programacion_orientada_a_objetos.html:1.4:biblio:2,Mapa_Programacion_orientada_a_objetos.html,PRINCIPIOS ESENCIALES DE LA PROGRAMACIÓN ORIENTADA A OBJETOS,1.4 · AGREGACIÓN Y COMPOSICIÓN,Bibliografía,libro,"Oracle, ""The Java Tutorials / Dev.java: Nested Classes"", pp. 1-10.",,,,https://www.google.com/search?q=Oracle%2C%20%22The%20Java%20Tutorials%20%2F%20Dev.java%3A%20Nested%20Classes%22%2C%20pp.%201-10.,pendiente,,,,,,,
Mapa_Programacion_orientada_a_objetos.html:1.4:biblio:3,Mapa_Programacion_orientada_a_objetos.html,PRINCIPIOS ESENCIALES DE LA PROGRAMACIÓN ORIENTADA A OBJETOS,1.4 · AGREGACIÓN Y COMPOSICIÓN,Bibliografía,libro,"Bertrand Meyer, ""Construcción de Software Orientado a Objetos"", Cap. 5 ""Relaciones entre Clases"", pp. 140-160.",,,,https://www.google.com/search?q=Bertrand%20Meyer%2C%20%22Construcci%C3%B3n%20de%20Software%20Orientado%20a%20Objetos%22%2C%20Cap.%205%20%22Relaciones%20entre%20Clases%22%2C%20pp.%20140-160.,pendiente,,,,,,,
Mapa_Programacion_orientada_a_objetos.html:1.4:practica:0,Mapa_Programacion_orientada_a_objetos.html,PRINCIPIOS ESENCIALES DE LA PROGRAMACIÓN ORIENTADA A OBJETOS,1.4 · AGREGACIÓN Y COMPOSICIÓN,Práctica,practica,"Video: ""Ejercicio práctico: Agregación y Composición en Java"" - Canal: MitoCode <span class='ref-level'>[Avanzado]</span>",,,,https://www.google.com/search?q=Video%3A%20%22Ejercicio%20pr%C3%A1ctico%3A%20Agregaci%C3%B3n%20y%20Composici%C3%B3n%20en%20Java%22%20-%20Canal%3A%20MitoCode%20%3Cspan%20class%3D'ref-level'%3E%5BAvanzado%5D%3C%2Fspan%3E,pendiente,,,,,,,
Mapa_Programacion_orientada_a_objetos.html:1.4:practica:1,Mapa_Programacion_orientada_a_objetos.html,PRINCIPIOS ESENCIALES DE LA PROGRAMACIÓN ORIENTADA A OBJETOS,1.4 · AGREGACIÓN Y COMPOSICIÓN,Práctica,practica,"Video: ""Ejercicios resueltos de Composición en POO"" - Canal: Néstor Cancino <span class='ref-level'>[Intermedio]</span>",,,,https://www.google.com/search?q=Video%3A%20%22Ejercicios%20resueltos%20de%20Composici%C3%B3n%20en%20POO%22%20-%20Canal%3A%20N%C3%A9stor%20Cancino%20%3Cspan%20class%3D'ref-level'%3E%5BIntermedio%5D%3C%2Fspan%3E,pendiente,,,,,,,
Mapa_Programacion_orientada_a_objetos.html:1.4:practica:2,Mapa_Programacion_orientada_a_objetos.html,PRINCIPIOS ESENCIALES DE LA PROGRAMACIÓN ORIENTADA A OBJETOS,1.4 · AGREGACIÓN Y COMPOSICIÓN,Práctica,practica,"Libro: ""On Java 8"" - Ejercicios propuestos de Diseño de Clases, Cap. 8, pp. 320-325 <span class='ref-level'>[Avanzado]</span>",,,,https://www.google.com/search?q=Libro%3A%20%22On%20Java%208%22%20-%20Ejercicios%20propuestos%20de%20Dise%C3%B1o%20de%20Clases%2C%20Cap.%208%2C%20pp.%20320-325%20%3Cspan%20class%3D'ref-level'%3E%5BAvanzado%5D%3C%2Fspan%3E,pendiente,,,,,,,
Mapa_Programacion_orientada_a_objetos.html:1.4:practica:3,Mapa_Programacion_orientada_a_objetos.html,PRINCIPIOS ESENCIALES DE LA PROGRAMACIÓN ORIENTADA A OBJETOS,1.4 · AGREGACIÓN Y COMPOSICIÓN,Práctica,practica,"Libro: ""Java Notes for Professionals"" - Ejercicios de Clases Anidadas y Composición, Cap. 9, pp. 185-190 <span class='ref-level'>[Intermedio]</span>",,,,https://www.google.com/search?q=Libro%3A%20%22Java%20Notes%20for%20Professionals%22%20-%20Ejercicios%20de%20Clases%20Anidadas%20y%20Composici%C3%B3n%2C%20Cap.%209%2C%20pp.%20185-190%20%3Cspan%20class%3D'ref-level'%3E%5BIntermedio%5D%3C%2Fspan%3E,pendiente,,,,,,,
Mapa_Programacion_orientada_a_objetos.html:1.5:videos:0,Mapa_Programacion_orientada_a_objetos.html,PRINCIPIOS ESENCIALES DE LA PROGRAMACIÓN ORIENTADA A OBJETOS,1.5 · INSTANCIAS Y MENÚ DE OPCIONES,Videos,video,Menú de opciones en Java (Consola) - MitoCode,,,,https://www.youtube.com/results?search_query=Men%C3%BA%20de%20opciones%20en%20Java%20(Consola)%20-%20MitoCode,pendiente,,,,,,,
Mapa_Programacion_orientada_a_objetos.html:1.5:videos:1,Mapa_Programacion_orientada_a_objetos.html,PRINCIPIOS ESENCIALES DE LA PROGRAMACIÓN ORIENTADA A OBJETOS,1.5 · INSTANCIAS Y MENÚ DE OPCIONES,Videos,video,Crear Menús en Java con Scanner - HolaMundo,,,,https://www.youtube.com/results?search_query=Crear%20Men%C3%BAs%20en%20Java%20con%20Scanner%20-%20HolaMundo,pendiente,,,,,,,
Mapa_Programacion_orientada_a_objetos.html:1.5:videos:2,Mapa_Programacion_orientada_a_objetos.html,PRINCIPIOS ESENCIALES DE LA PROGRAMACIÓN ORIENTADA A OBJETOS,1.5 · INSTANCIAS Y MENÚ DE OPCIONES,Videos,video,Menú de opciones usando Switch en Java - La Geekipedia De Ernesto,,,,https://www.youtube.com/results?search_query=Men%C3%BA%20de%20opciones%20usando%20Switch%20en%20Java%20-%20La%20Geekipedia%20De%20Ernesto,pendiente,,,,,,,
Mapa_Programacion_orientada_a_objetos.html:1.5:videos:3,Mapa_Programacion_orientada_a_objetos.html,PRINCIPIOS ESENCIALES DE LA PROGRAMACIÓN ORIENTADA A OBJETOS,1.5 · INSTANCIAS Y MENÚ DE OPCIONES,Videos,video,Instanciar clases y usar menús en Java - Néstor Cancino,,,,https://www.youtube.com/results?search_query=Instanciar%20clases%20y%20usar%20men%C3%BAs%20en%20Java%20-%20N%C3%A9stor%20Cancino,pendiente,,,,,,,
Mapa_Programacion_orientada_a_objetos.html:1.5:videos:4,Mapa_Programacion_orientada_a_objetos.html,PRINCIPIOS ESENCIALES DE LA PROGRAMACIÓN ORIENTADA A OBJETOS,1.5 · INSTANCIAS Y MENÚ DE OPCIONES,Videos,video,Programación orientada a objetos: Menú de opciones - Fazt,,,,https://www.youtube.com/results?search_query=Programaci%C3%B3n%20orientada%20a%20objetos%3A%20Men%C3%BA%20de%20opciones%20-%20Fazt,pendiente,,,,,,,
Mapa_Programacion_orientada_a_objetos.html:1.5:biblio:0,Mapa_Programacion_orientada_a_objetos.html,PRINCIPIOS ESENCIALES DE LA PROGRAMACIÓN ORIENTADA A OBJETOS,1.5 · INSTANCIAS Y MENÚ DE OPCIONES,Bibliografía,libro,"GoalKicker, ""Java Notes for Professionals"", Cap. 21 ""I/O"", pp. 200-215.",,,,https://www.google.com/search?q=GoalKicker%2C%20%22Java%20Notes%20for%20Professionals%22%2C%20Cap.%2021%20%22I%2FO%22%2C%20pp.%20200-215.,pendiente,,,,,,,
Mapa_Programacion_orientada_a_objetos.html:1.5:biblio:1,Mapa_Programacion_orientada_a_objetos.html,PRINCIPIOS ESENCIALES DE LA PROGRAMACIÓN ORIENTADA A OBJETOS,1.5 · INSTANCIAS Y MENÚ DE OPCIONES,Bibliografía,libro,"Garcia de Jalón, J. et al., ""Aprenda Java como si estuviera en primero"", Cap. 6 ""Entrada/Salida en Java"", pp. 100-120.",,,,https://www.google.com/search?q=Garcia%20de%20Jal%C3%B3n%2C%20J.%20et%20al.%2C%20%22Aprenda%20Java%20como%20si%20estuviera%20en%20primero%22%2C%20Cap.%206%20%22Entrada%2FSalida%20en%20Java%22%2C%20pp.%20100-120.,pendiente,,,,,,,
Mapa_Programacion_orientada_a_objetos.html:1.5:biblio:2,Mapa_Programacion_orientada_a_objetos.html,PRINCIPIOS ESENCIALES DE LA PROGRAMACIÓN ORIENTADA A OBJETOS,1.5 · INSTANCIAS Y MENÚ DE OPCIONES,Bibliografía,libro,"Bruce Eckel, ""On Java 8"", Cap. 10 ""I/O System"", pp. 410-430.",,,,https://www.google.com/search?q=Bruce%20Eckel%2C%20%22On%20Java%208%22%2C%20Cap.%2010%20%22I%2FO%20System%22%2C%20pp.%20410-430.,pendiente,,,,,,,
Mapa_Programacion_orientada_a_objetos.html:1.5:biblio:3,Mapa_Programacion_orientada_a_objetos.html,PRINCIPIOS ESENCIALES DE LA PROGRAMACIÓN ORIENTADA A OBJETOS,1.5 · INSTANCIAS Y MENÚ DE OPCIONES,Bibliografía,libro,"Oracle, ""The Java Tutorials / Dev.java: Scanning and Formatting"", pp. 1-8.",,,,https://www.google.com/search?q=Oracle%2C%20%22The%20Java%20Tutorials%20%2F%20Dev.java%3A%20Scanning%20and%20Formatting%22%2C%20pp.%201-8.,pendiente,,,,,,,
Mapa_Programacion_orientada_a_objetos.html:1.5:practica:0,Mapa_Programacion_orientada_a_objetos.html,PRINCIPIOS ESENCIALES DE LA PROGRAMACIÓN ORIENTADA A OBJETOS,1.5 · INSTANCIAS Y MENÚ DE OPCIONES,Práctica,practica,"Video: ""Ejercicio resuelto: Crear un Menú en Java con POO"" - Canal: MitoCode <span class='ref-level'>[Básico]</span>",,,,https://www.google.com/search?q=Video%3A%20%22Ejercicio%20resuelto%3A%20Crear%20un%20Men%C3%BA%20en%20Java%20con%20POO%22%20-%20Canal%3A%20MitoCode%20%3Cspan%20class%3D'ref-level'%3E%5BB%C3%A1sico%5D%3C%2Fspan%3E,pendiente,,,,,,,
Mapa_Programacion_orientada_a_objetos.html:1.5:practica:1,Mapa_Programacion_orientada_a_objetos.html,PRINCIPIOS ESENCIALES DE LA PROGRAMACIÓN ORIENTADA A OBJETOS,1.5 · INSTANCIAS Y MENÚ DE OPCIONES,Práctica,practica,"Video: ""Ejercicios resueltos: Menús en consola"" - Canal: La Geekipedia De Ernesto <span class='ref-level'>[Básico]</span>",,,,https://www.google.com/search?q=Video%3A%20%22Ejercicios%20resueltos%3A%20Men%C3%BAs%20en%20consola%22%20-%20Canal%3A%20La%20Geekipedia%20De%20Ernesto%20%3Cspan%20class%3D'ref-level'%3E%5BB%C3%A1sico%5D%3C%2Fspan%3E,pendiente,,,,,,,
Mapa_Programacion_orientada_a_objetos.html:1.5:practica:2,Mapa_Programacion_orientada_a_objetos.html,PRINCIPIOS ESENCIALES DE LA PROGRAMACIÓN ORIENTADA A OBJETOS,1.5 · INSTANCIAS Y MENÚ DE OPCIONES,Práctica,practica,"Libro: ""Aprenda Java como si estuviera en primero"" - Ejercicios propuestos, Cap. 6, pp. 125-130 <span class='ref-level'>[Básico]</span>",,,,https://www.google.com/search?q=Libro%3A%20%22Aprenda%20Java%20como%20si%20estuviera%20en%20primero%22%20-%20Ejercicios%20propuestos%2C%20Cap.%206%2C%20pp.%20125-130%20%3Cspan%20class%3D'ref-level'%3E%5BB%C3%A1sico%5D%3C%2Fspan%3E,pendiente,,,,,,,
Mapa_Programacion_orientada_a_objetos.html:1.5:practica:3,Mapa_Programacion_orientada_a_objetos.html,PRINCIPIOS ESENCIALES DE LA PROGRAMACIÓN ORIENTADA A OBJETOS,1.5 · INSTANCIAS Y MENÚ DE OPCIONES,Práctica,practica,"Libro: ""Java Notes for Professionals"" - Ejercicios de I/O, Cap. 21, pp. 220-225 <span class='ref-level'>[Intermedio]</span>",,,,https://www.google.com/search?q=Libro%3A%20%22Java%20Notes%20for%20Professionals%22%20-%20Ejercicios%20de%20I%2FO%2C%20Cap.%2021%2C%20pp.%20220-225%20%3Cspan%20class%3D'ref-level'%3E%5BIntermedio%5D%3C%2Fspan%3E,pendiente,,,,,,,
Mapa_Programacion_orientada_a_objetos.html:2.1:videos:0,Mapa_Programacion_orientada_a_objetos.html,INTERACCIÓN HOMBRE COMPUTADOR,2.1 · CONCEPTOS INTERACCIÓN HOMBRE COMPUTADORA Y MODELADO DE NEGOCIO,Videos,video,Curso de Interacción Humano Computadora (IHC) - TecnoNautas,,,,https://www.youtube.com/results?search_query=Curso%20de%20Interacci%C3%B3n%20Humano%20Computadora%20(IHC)%20-%20TecnoNautas,pendiente,,,,,,,
Mapa_Programacion_orientada_a_objetos.html:2.1:videos:1,Mapa_Programacion_orientada_a_objetos.html,INTERACCIÓN HOMBRE COMPUTADOR,2.1 · CONCEPTOS INTERACCIÓN HOMBRE COMPUTADORA Y MODELADO DE NEGOCIO,Videos,video,Modelado de Procesos de Negocio (BPMN) desde cero - Bizagi,,,,https://www.youtube.com/results?search_query=Modelado%20de%20Procesos%20de%20Negocio%20(BPMN)%20desde%20cero%20-%20Bizagi,pendiente,,,,,,,
Mapa_Programacion_orientada_a_objetos.html:2.1:videos:2,Mapa_Programacion_orientada_a_objetos.html,INTERACCIÓN HOMBRE COMPUTADOR,2.1 · CONCEPTOS INTERACCIÓN HOMBRE COMPUTADORA Y MODELADO DE NEGOCIO,Videos,video,Introducción a la Interacción Humano-Computadora - Javier Cantero,,,,https://www.youtube.com/results?search_query=Introducci%C3%B3n%20a%20la%20Interacci%C3%B3n%20Humano-Computadora%20-%20Javier%20Cantero,pendiente,,,,,,,
Mapa_Programacion_orientada_a_objetos.html:2.1:videos:3,Mapa_Programacion_orientada_a_objetos.html,INTERACCIÓN HOMBRE COMPUTADOR,2.1 · CONCEPTOS INTERACCIÓN HOMBRE COMPUTADORA Y MODELADO DE NEGOCIO,Videos,video,Modelado de Negocio en Ingeniería de Software - UTP,,,,https://www.youtube.com/results?search_query=Modelado%20de%20Negocio%20en%20Ingenier%C3%ADa%20de%20Software%20-%20UTP,pendiente,,,,,,,
Mapa_Programacion_orientada_a_objetos.html:2.1:videos:4,Mapa_Programacion_orientada_a_objetos.html,INTERACCIÓN HOMBRE COMPUTADOR,2.1 · CONCEPTOS INTERACCIÓN HOMBRE COMPUTADORA Y MODELADO DE NEGOCIO,Videos,video,Conceptos básicos de Interacción Humano-Computadora - UTPL,,,,https://www.youtube.com/results?search_query=Conceptos%20b%C3%A1sicos%20de%20Interacci%C3%B3n%20Humano-Computadora%20-%20UTPL,pendiente,,,,,,,
Mapa_Programacion_orientada_a_objetos.html:2.1:biblio:0,Mapa_Programacion_orientada_a_objetos.html,INTERACCIÓN HOMBRE COMPUTADOR,2.1 · CONCEPTOS INTERACCIÓN HOMBRE COMPUTADORA Y MODELADO DE NEGOCIO,Bibliografía,libro,"Alan Dix et al., ""Human-Computer Interaction"", 3rd / 4th Editions, Cap. 1 ""The Human"", pp. 11-58.",,,,https://www.google.com/search?q=Alan%20Dix%20et%20al.%2C%20%22Human-Computer%20Interaction%22%2C%203rd%20%2F%204th%20Editions%2C%20Cap.%201%20%22The%20Human%22%2C%20pp.%2011-58.,pendiente,,,,,,,
Mapa_Programacion_orientada_a_objetos.html:2.1:biblio:1,Mapa_Programacion_orientada_a_objetos.html,INTERACCIÓN HOMBRE COMPUTADOR,2.1 · CONCEPTOS INTERACCIÓN HOMBRE COMPUTADORA Y MODELADO DE NEGOCIO,Bibliografía,libro,"Jeff Johnson, ""Designing with the Mind in Mind"", Cap. 1 ""Perception and Attention"", pp. 1-22.",,,,https://www.google.com/search?q=Jeff%20Johnson%2C%20%22Designing%20with%20the%20Mind%20in%20Mind%22%2C%20Cap.%201%20%22Perception%20and%20Attention%22%2C%20pp.%201-22.,pendiente,,,,,,,
Mapa_Programacion_orientada_a_objetos.html:2.1:biblio:2,Mapa_Programacion_orientada_a_objetos.html,INTERACCIÓN HOMBRE COMPUTADOR,2.1 · CONCEPTOS INTERACCIÓN HOMBRE COMPUTADORA Y MODELADO DE NEGOCIO,Bibliografía,libro,"OpenLibra, ""Ingeniería de Software: Una guía para crear sistemas de información"", Cap. 2 ""Modelado de Negocio"", pp. 40-60.",,,,https://www.google.com/search?q=OpenLibra%2C%20%22Ingenier%C3%ADa%20de%20Software%3A%20Una%20gu%C3%ADa%20para%20crear%20sistemas%20de%20informaci%C3%B3n%22%2C%20Cap.%202%20%22Modelado%20de%20Negocio%22%2C%20pp.%2040-60.,pendiente,,,,,,,
Mapa_Programacion_orientada_a_objetos.html:2.1:biblio:3,Mapa_Programacion_orientada_a_objetos.html,INTERACCIÓN HOMBRE COMPUTADOR,2.1 · CONCEPTOS INTERACCIÓN HOMBRE COMPUTADORA Y MODELADO DE NEGOCIO,Bibliografía,libro,"Jakob Nielsen, ""Usability Engineering"", Cap. 2 ""Usability Principles"", pp. 23-48.",,,,https://www.google.com/search?q=Jakob%20Nielsen%2C%20%22Usability%20Engineering%22%2C%20Cap.%202%20%22Usability%20Principles%22%2C%20pp.%2023-48.,pendiente,,,,,,,
Mapa_Programacion_orientada_a_objetos.html:2.1:practica:0,Mapa_Programacion_orientada_a_objetos.html,INTERACCIÓN HOMBRE COMPUTADOR,2.1 · CONCEPTOS INTERACCIÓN HOMBRE COMPUTADORA Y MODELADO DE NEGOCIO,Práctica,practica,"Video: ""Ejemplo práctico de Modelado de Procesos de Negocio"" - Canal: Bizagi <span class='ref-level'>[Básico]</span>",,,,https://www.google.com/search?q=Video%3A%20%22Ejemplo%20pr%C3%A1ctico%20de%20Modelado%20de%20Procesos%20de%20Negocio%22%20-%20Canal%3A%20Bizagi%20%3Cspan%20class%3D'ref-level'%3E%5BB%C3%A1sico%5D%3C%2Fspan%3E,pendiente,,,,,,,
Mapa_Programacion_orientada_a_objetos.html:2.1:practica:1,Mapa_Programacion_orientada_a_objetos.html,INTERACCIÓN HOMBRE COMPUTADOR,2.1 · CONCEPTOS INTERACCIÓN HOMBRE COMPUTADORA Y MODELADO DE NEGOCIO,Práctica,practica,"Video: ""Ejercicios de Modelado de Negocio"" - Canal: UTP <span class='ref-level'>[Intermedio]</span>",,,,https://www.google.com/search?q=Video%3A%20%22Ejercicios%20de%20Modelado%20de%20Negocio%22%20-%20Canal%3A%20UTP%20%3Cspan%20class%3D'ref-level'%3E%5BIntermedio%5D%3C%2Fspan%3E,pendiente,,,,,,,
Mapa_Programacion_orientada_a_objetos.html:2.1:practica:2,Mapa_Programacion_orientada_a_objetos.html,INTERACCIÓN HOMBRE COMPUTADOR,2.1 · CONCEPTOS INTERACCIÓN HOMBRE COMPUTADORA Y MODELADO DE NEGOCIO,Práctica,practica,"Libro: ""Ingeniería de Software"" (OpenLibra) - Ejercicios propuestos, Cap. 2, pp. 65-70 <span class='ref-level'>[Básico]</span>",,,,https://www.google.com/search?q=Libro%3A%20%22Ingenier%C3%ADa%20de%20Software%22%20(OpenLibra)%20-%20Ejercicios%20propuestos%2C%20Cap.%202%2C%20pp.%2065-70%20%3Cspan%20class%3D'ref-level'%3E%5BB%C3%A1sico%5D%3C%2Fspan%3E,pendiente,,,,,,,
Mapa_Programacion_orientada_a_objetos.html:2.1:practica:3,Mapa_Programacion_orientada_a_objetos.html,INTERACCIÓN HOMBRE COMPUTADOR,2.1 · CONCEPTOS INTERACCIÓN HOMBRE COMPUTADORA Y MODELADO DE NEGOCIO,Práctica,practica,"Libro: ""Human-Computer Interaction"" (Dix et al.) - Ejercicios de evaluación heurística, Cap. 1, pp. 45-50 <span class='ref-level'>[Intermedio]</span>",,,,https://www.google.com/search?q=Libro%3A%20%22Human-Computer%20Interaction%22%20(Dix%20et%20al.)%20-%20Ejercicios%20de%20evaluaci%C3%B3n%20heur%C3%ADstica%2C%20Cap.%201%2C%20pp.%2045-50%20%3Cspan%20class%3D'ref-level'%3E%5BIntermedio%5D%3C%2Fspan%3E,pendiente,,,,,,,
Mapa_Programacion_orientada_a_objetos.html:2.2:videos:0,Mapa_Programacion_orientada_a_objetos.html,INTERACCIÓN HOMBRE COMPUTADOR,2.2 · DIAGRAMAS DE CASOS DE USO Y DIAGRAMA DE CLASE ESTEREOTIPADA,Videos,video,Diagramas de Casos de Uso en UML - MitoCode,,,,https://www.youtube.com/results?search_query=Diagramas%20de%20Casos%20de%20Uso%20en%20UML%20-%20MitoCode,pendiente,,,,,,,
Mapa_Programacion_orientada_a_objetos.html:2.2:videos:1,Mapa_Programacion_orientada_a_objetos.html,INTERACCIÓN HOMBRE COMPUTADOR,2.2 · DIAGRAMAS DE CASOS DE USO Y DIAGRAMA DE CLASE ESTEREOTIPADA,Videos,video,Diagrama de Clases en UML - La Geekipedia De Ernesto,,,,https://www.youtube.com/results?search_query=Diagrama%20de%20Clases%20en%20UML%20-%20La%20Geekipedia%20De%20Ernesto,pendiente,,,,,,,
Mapa_Programacion_orientada_a_objetos.html:2.2:videos:2,Mapa_Programacion_orientada_a_objetos.html,INTERACCIÓN HOMBRE COMPUTADOR,2.2 · DIAGRAMAS DE CASOS DE USO Y DIAGRAMA DE CLASE ESTEREOTIPADA,Videos,video,Cómo hacer Diagramas de Casos de Uso Paso a Paso - UML Gratis,,,,https://www.youtube.com/results?search_query=C%C3%B3mo%20hacer%20Diagramas%20de%20Casos%20de%20Uso%20Paso%20a%20Paso%20-%20UML%20Gratis,pendiente,,,,,,,
Mapa_Programacion_orientada_a_objetos.html:2.2:videos:3,Mapa_Programacion_orientada_a_objetos.html,INTERACCIÓN HOMBRE COMPUTADOR,2.2 · DIAGRAMAS DE CASOS DE USO Y DIAGRAMA DE CLASE ESTEREOTIPADA,Videos,video,"Estereotipos en Diagramas de Clases UML (Boundary, Control, Entity) - Néstor Cancino",,,,https://www.youtube.com/results?search_query=Estereotipos%20en%20Diagramas%20de%20Clases%20UML%20(Boundary%2C%20Control%2C%20Entity)%20-%20N%C3%A9stor%20Cancino,pendiente,,,,,,,
Mapa_Programacion_orientada_a_objetos.html:2.2:videos:4,Mapa_Programacion_orientada_a_objetos.html,INTERACCIÓN HOMBRE COMPUTADOR,2.2 · DIAGRAMAS DE CASOS DE USO Y DIAGRAMA DE CLASE ESTEREOTIPADA,Videos,video,UML: Diagramas de Clases y Casos de Uso - Algoritmica UTH,,,,https://www.youtube.com/results?search_query=UML%3A%20Diagramas%20de%20Clases%20y%20Casos%20de%20Uso%20-%20Algoritmica%20UTH,pendiente,,,,,,,
Mapa_Programacion_orientada_a_objetos.html:2.2:biblio:0,Mapa_Programacion_orientada_a_objetos.html,INTERACCIÓN HOMBRE COMPUTADOR,2.2 · DIAGRAMAS DE CASOS DE USO Y DIAGRAMA DE CLASE ESTEREOTIPADA,Bibliografía,libro,"Grady Booch et al., ""The Unified Modeling Language User Guide"", Cap. 17 ""Use Cases"", pp. 225-242.",,,,https://www.google.com/search?q=Grady%20Booch%20et%20al.%2C%20%22The%20Unified%20Modeling%20Language%20User%20Guide%22%2C%20Cap.%2017%20%22Use%20Cases%22%2C%20pp.%20225-242.,pendiente,,,,,,,
Mapa_Programacion_orientada_a_objetos.html:2.2:biblio:1,Mapa_Programacion_orientada_a_objetos.html,INTERACCIÓN HOMBRE COMPUTADOR,2.2 · DIAGRAMAS DE CASOS DE USO Y DIAGRAMA DE CLASE ESTEREOTIPADA,Bibliografía,libro,"GoalKicker, ""UML Notes for Professionals"", Cap. 3 ""Class Diagram"", pp. 40-60.",,,,https://www.google.com/search?q=GoalKicker%2C%20%22UML%20Notes%20for%20Professionals%22%2C%20Cap.%203%20%22Class%20Diagram%22%2C%20pp.%2040-60.,pendiente,,,,,,,
Mapa_Programacion_orientada_a_objetos.html:2.2:biblio:2,Mapa_Programacion_orientada_a_objetos.html,INTERACCIÓN HOMBRE COMPUTADOR,2.2 · DIAGRAMAS DE CASOS DE USO Y DIAGRAMA DE CLASE ESTEREOTIPADA,Bibliografía,libro,"OpenLibra, ""Aprende UML en 24 horas"", Cap. 3 ""Diagramas de Casos de Uso"", pp. 35-50.",,,,https://www.google.com/search?q=OpenLibra%2C%20%22Aprende%20UML%20en%2024%20horas%22%2C%20Cap.%203%20%22Diagramas%20de%20Casos%20de%20Uso%22%2C%20pp.%2035-50.,pendiente,,,,,,,
Mapa_Programacion_orientada_a_objetos.html:2.2:biblio:3,Mapa_Programacion_orientada_a_objetos.html,INTERACCIÓN HOMBRE COMPUTADOR,2.2 · DIAGRAMAS DE CASOS DE USO Y DIAGRAMA DE CLASE ESTEREOTIPADA,Bibliografía,libro,"OMG, ""UML Specification v2.5.1"", Cap. 18 ""Use Cases"", pp. 630-650.",,,,https://www.google.com/search?q=OMG%2C%20%22UML%20Specification%20v2.5.1%22%2C%20Cap.%2018%20%22Use%20Cases%22%2C%20pp.%20630-650.,pendiente,,,,,,,
Mapa_Programacion_orientada_a_objetos.html:2.2:practica:0,Mapa_Programacion_orientada_a_objetos.html,INTERACCIÓN HOMBRE COMPUTADOR,2.2 · DIAGRAMAS DE CASOS DE USO Y DIAGRAMA DE CLASE ESTEREOTIPADA,Práctica,practica,"Video: ""Ejercicio resuelto: Diagrama de Casos de Uso"" - Canal: MitoCode <span class='ref-level'>[Básico]</span>",,,,https://www.google.com/search?q=Video%3A%20%22Ejercicio%20resuelto%3A%20Diagrama%20de%20Casos%20de%20Uso%22%20-%20Canal%3A%20MitoCode%20%3Cspan%20class%3D'ref-level'%3E%5BB%C3%A1sico%5D%3C%2Fspan%3E,pendiente,,,,,,,
Mapa_Programacion_orientada_a_objetos.html:2.2:practica:1,Mapa_Programacion_orientada_a_objetos.html,INTERACCIÓN HOMBRE COMPUTADOR,2.2 · DIAGRAMAS DE CASOS DE USO Y DIAGRAMA DE CLASE ESTEREOTIPADA,Práctica,practica,"Video: ""Ejercicio práctico: Diagrama de Clases UML"" - Canal: La Geekipedia De Ernesto <span class='ref-level'>[Intermedio]</span>",,,,https://www.google.com/search?q=Video%3A%20%22Ejercicio%20pr%C3%A1ctico%3A%20Diagrama%20de%20Clases%20UML%22%20-%20Canal%3A%20La%20Geekipedia%20De%20Ernesto%20%3Cspan%20class%3D'ref-level'%3E%5BIntermedio%5D%3C%2Fspan%3E,pendiente,,,,,,,
Mapa_Programacion_orientada_a_objetos.html:2.2:practica:2,Mapa_Programacion_orientada_a_objetos.html,INTERACCIÓN HOMBRE COMPUTADOR,2.2 · DIAGRAMAS DE CASOS DE USO Y DIAGRAMA DE CLASE ESTEREOTIPADA,Práctica,practica,"Libro: ""UML Notes for Professionals"" - Ejercicios propuestos, Cap. 3, pp. 45-50 <span class='ref-level'>[Intermedio]</span>",,,,https://www.google.com/search?q=Libro%3A%20%22UML%20Notes%20for%20Professionals%22%20-%20Ejercicios%20propuestos%2C%20Cap.%203%2C%20pp.%2045-50%20%3Cspan%20class%3D'ref-level'%3E%5BIntermedio%5D%3C%2Fspan%3E,pendiente,,,,,,,
Mapa_Programacion_orientada_a_objetos.html:2.2:practica:3,Mapa_Programacion_orientada_a_objetos.html,INTERACCIÓN HOMBRE COMPUTADOR,2.2 · DIAGRAMAS DE CASOS DE USO Y DIAGRAMA DE CLASE ESTEREOTIPADA,Práctica,practica,"Libro: ""Aprende UML en 24 horas"" - Ejercicios de Modelado, Cap. 3, pp. 55-60 <span class='ref-level'>[Básico]</span>",,,,https://www.google.com/search?q=Libro%3A%20%22Aprende%20UML%20en%2024%20horas%22%20-%20Ejercicios%20de%20Modelado%2C%20Cap.%203%2C%20pp.%2055-60%20%3Cspan%20class%3D'ref-level'%3E%5BB%C3%A1sico%5D%3C%2Fspan%3E,pendiente,,,,,,,
Mapa_Programacion_orientada_a_objetos.html:2.3:videos:0,Mapa_Programacion_orientada_a_objetos.html,INTERACCIÓN HOMBRE COMPUTADOR,2.3 · DIAGRAMAS DE ACTIVIDAD Y DIAGRAMAS DE SECUENCIA,Videos,video,Diagramas de Actividad en UML - MitoCode,,,,https://www.youtube.com/results?search_query=Diagramas%20de%20Actividad%20en%20UML%20-%20MitoCode,pendiente,,,,,,,
Mapa_Programacion_orientada_a_objetos.html:2.3:videos:1,Mapa_Programacion_orientada_a_objetos.html,INTERACCIÓN HOMBRE COMPUTADOR,2.3 · DIAGRAMAS DE ACTIVIDAD Y DIAGRAMAS DE SECUENCIA,Videos,video,Diagramas de Secuencia en UML - La Geekipedia De Ernesto,,,,https://www.youtube.com/results?search_query=Diagramas%20de%20Secuencia%20en%20UML%20-%20La%20Geekipedia%20De%20Ernesto,pendiente,,,,,,,
Mapa_Programacion_orientada_a_objetos.html:2.3:videos:2,Mapa_Programacion_orientada_a_objetos.html,INTERACCIÓN HOMBRE COMPUTADOR,2.3 · DIAGRAMAS DE ACTIVIDAD Y DIAGRAMAS DE SECUENCIA,Videos,video,UML: Diagrama de Actividad y Secuencia - Algoritmica UTH,,,,https://www.youtube.com/results?search_query=UML%3A%20Diagrama%20de%20Actividad%20y%20Secuencia%20-%20Algoritmica%20UTH,pendiente,,,,,,,
Mapa_Programacion_orientada_a_objetos.html:2.3:videos:3,Mapa_Programacion_orientada_a_objetos.html,INTERACCIÓN HOMBRE COMPUTADOR,2.3 · DIAGRAMAS DE ACTIVIDAD Y DIAGRAMAS DE SECUENCIA,Videos,video,Cómo crear un Diagrama de Secuencia UML - Geekipedia,,,,https://www.youtube.com/results?search_query=C%C3%B3mo%20crear%20un%20Diagrama%20de%20Secuencia%20UML%20-%20Geekipedia,pendiente,,,,,,,
Mapa_Programacion_orientada_a_objetos.html:2.3:videos:4,Mapa_Programacion_orientada_a_objetos.html,INTERACCIÓN HOMBRE COMPUTADOR,2.3 · DIAGRAMAS DE ACTIVIDAD Y DIAGRAMAS DE SECUENCIA,Videos,video,Diagramas de Comportamiento Dinámico - UTP,,,,https://www.youtube.com/results?search_query=Diagramas%20de%20Comportamiento%20Din%C3%A1mico%20-%20UTP,pendiente,,,,,,,
Mapa_Programacion_orientada_a_objetos.html:2.3:biblio:0,Mapa_Programacion_orientada_a_objetos.html,INTERACCIÓN HOMBRE COMPUTADOR,2.3 · DIAGRAMAS DE ACTIVIDAD Y DIAGRAMAS DE SECUENCIA,Bibliografía,libro,"GoalKicker, ""UML Notes for Professionals"", Cap. 5 ""Sequence Diagram"", pp. 80-95.",,,,https://www.google.com/search?q=GoalKicker%2C%20%22UML%20Notes%20for%20Professionals%22%2C%20Cap.%205%20%22Sequence%20Diagram%22%2C%20pp.%2080-95.,pendiente,,,,,,,
Mapa_Programacion_orientada_a_objetos.html:2.3:biblio:1,Mapa_Programacion_orientada_a_objetos.html,INTERACCIÓN HOMBRE COMPUTADOR,2.3 · DIAGRAMAS DE ACTIVIDAD Y DIAGRAMAS DE SECUENCIA,Bibliografía,libro,"GoalKicker, ""UML Notes for Professionals"", Cap. 6 ""Activity Diagram"", pp. 100-115.",,,,https://www.google.com/search?q=GoalKicker%2C%20%22UML%20Notes%20for%20Professionals%22%2C%20Cap.%206%20%22Activity%20Diagram%22%2C%20pp.%20100-115.,pendiente,,,,,,,
Mapa_Programacion_orientada_a_objetos.html:2.3:biblio:2,Mapa_Programacion_orientada_a_objetos.html,INTERACCIÓN HOMBRE COMPUTADOR,2.3 · DIAGRAMAS DE ACTIVIDAD Y DIAGRAMAS DE SECUENCIA,Bibliografía,libro,"OpenLibra, ""Aprende UML en 24 horas"", Cap. 6 ""Diagramas de Secuencia"", pp. 90-105.",,,,https://www.google.com/search?q=OpenLibra%2C%20%22Aprende%20UML%20en%2024%20horas%22%2C%20Cap.%206%20%22Diagramas%20de%20Secuencia%22%2C%20pp.%2090-105.,pendiente,,,,,,,
Mapa_Programacion_orientada_a_objetos.html:2.3:biblio:3,Mapa_Programacion_orientada_a_objetos.html,INTERACCIÓN HOMBRE COMPUTADOR,2.3 · DIAGRAMAS DE ACTIVIDAD Y DIAGRAMAS DE SECUENCIA,Bibliografía,libro,"OMG, ""UML Specification v2.5.1"", Cap. 15 ""Activities"", pp. 370-410.",,,,https://www.google.com/search?q=OMG%2C%20%22UML%20Specification%20v2.5.1%22%2C%20Cap.%2015%20%22Activities%22%2C%20pp.%20370-410.,pendiente,,,,,,,
Mapa_Programacion_orientada_a_objetos.html:2.3:practica:0,Mapa_Programacion_orientada_a_objetos.html,INTERACCIÓN HOMBRE COMPUTADOR,2.3 · DIAGRAMAS DE ACTIVIDAD Y DIAGRAMAS DE SECUENCIA,Práctica,practica,"Video: ""Ejercicio resuelto: Diagrama de Actividad"" - Canal: MitoCode <span class='ref-level'>[Básico]</span>",,,,https://www.google.com/search?q=Video%3A%20%22Ejercicio%20resuelto%3A%20Diagrama%20de%20Actividad%22%20-%20Canal%3A%20MitoCode%20%3Cspan%20class%3D'ref-level'%3E%5BB%C3%A1sico%5D%3C%2Fspan%3E,pendiente,,,,,,,
Mapa_Programacion_orientada_a_objetos.html:2.3:practica:1,Mapa_Programacion_orientada_a_objetos.html,INTERACCIÓN HOMBRE COMPUTADOR,2.3 · DIAGRAMAS DE ACTIVIDAD Y DIAGRAMAS DE SECUENCIA,Práctica,practica,"Video: ""Ejercicio práctico: Diagrama de Secuencia"" - Canal: La Geekipedia De Ernesto <span class='ref-level'>[Intermedio]</span>",,,,https://www.google.com/search?q=Video%3A%20%22Ejercicio%20pr%C3%A1ctico%3A%20Diagrama%20de%20Secuencia%22%20-%20Canal%3A%20La%20Geekipedia%20De%20Ernesto%20%3Cspan%20class%3D'ref-level'%3E%5BIntermedio%5D%3C%2Fspan%3E,pendiente,,,,,,,
Mapa_Programacion_orientada_a_objetos.html:2.3:practica:2,Mapa_Programacion_orientada_a_objetos.html,INTERACCIÓN HOMBRE COMPUTADOR,2.3 · DIAGRAMAS DE ACTIVIDAD Y DIAGRAMAS DE SECUENCIA,Práctica,practica,"Libro: ""UML Notes for Professionals"" - Ejercicios propuestos, Cap. 5, pp. 96-100 <span class='ref-level'>[Intermedio]</span>",,,,https://www.google.com/search?q=Libro%3A%20%22UML%20Notes%20for%20Professionals%22%20-%20Ejercicios%20propuestos%2C%20Cap.%205%2C%20pp.%2096-100%20%3Cspan%20class%3D'ref-level'%3E%5BIntermedio%5D%3C%2Fspan%3E,pendiente,,,,,,,
Mapa_Programacion_orientada_a_objetos.html:2.3:practica:3,Mapa_Programacion_orientada_a_objetos.html,INTERACCIÓN HOMBRE COMPUTADOR,2.3 · DIAGRAMAS DE ACTIVIDAD Y DIAGRAMAS DE SECUENCIA,Práctica,practica,"Libro: ""Aprende UML en 24 horas"" - Ejercicios de Diagramas, Cap. 6, pp. 110-115 <span class='ref-level'>[Básico]</span>",,,,https://www.google.com/search?q=Libro%3A%20%22Aprende%20UML%20en%2024%20horas%22%20-%20Ejercicios%20de%20Diagramas%2C%20Cap.%206%2C%20pp.%20110-115%20%3Cspan%20class%3D'ref-level'%3E%5BB%C3%A1sico%5D%3C%2Fspan%3E,pendiente,,,,,,,
Mapa_Programacion_orientada_a_objetos.html:2.4:videos:0,Mapa_Programacion_orientada_a_objetos.html,INTERACCIÓN HOMBRE COMPUTADOR,2.4 · COHESIÓN Y ACOPLAMIENTO,Videos,video,Cohesión y Acoplamiento en Ingeniería de Software - MitoCode,,,,https://www.youtube.com/results?search_query=Cohesi%C3%B3n%20y%20Acoplamiento%20en%20Ingenier%C3%ADa%20de%20Software%20-%20MitoCode,pendiente,,,,,,,
Mapa_Programacion_orientada_a_objetos.html:2.4:videos:1,Mapa_Programacion_orientada_a_objetos.html,INTERACCIÓN HOMBRE COMPUTADOR,2.4 · COHESIÓN Y ACOPLAMIENTO,Videos,video,Acoplamiento y Cohesión: Principios de Diseño Clean Code - HolaMundo,,,,https://www.youtube.com/results?search_query=Acoplamiento%20y%20Cohesi%C3%B3n%3A%20Principios%20de%20Dise%C3%B1o%20Clean%20Code%20-%20HolaMundo,pendiente,,,,,,,
Mapa_Programacion_orientada_a_objetos.html:2.4:videos:2,Mapa_Programacion_orientada_a_objetos.html,INTERACCIÓN HOMBRE COMPUTADOR,2.4 · COHESIÓN Y ACOPLAMIENTO,Videos,video,Cohesión y Acoplamiento en POO - Néstor Cancino,,,,https://www.youtube.com/results?search_query=Cohesi%C3%B3n%20y%20Acoplamiento%20en%20POO%20-%20N%C3%A9stor%20Cancino,pendiente,,,,,,,
Mapa_Programacion_orientada_a_objetos.html:2.4:videos:3,Mapa_Programacion_orientada_a_objetos.html,INTERACCIÓN HOMBRE COMPUTADOR,2.4 · COHESIÓN Y ACOPLAMIENTO,Videos,video,Principios de Diseño de Software: Cohesión y Acoplamiento - Fazt,,,,https://www.youtube.com/results?search_query=Principios%20de%20Dise%C3%B1o%20de%20Software%3A%20Cohesi%C3%B3n%20y%20Acoplamiento%20-%20Fazt,pendiente,,,,,,,
Mapa_Programacion_orientada_a_objetos.html:2.4:videos:4,Mapa_Programacion_orientada_a_objetos.html,INTERACCIÓN HOMBRE COMPUTADOR,2.4 · COHESIÓN Y ACOPLAMIENTO,Videos,video,Ingeniería de Software: Acoplamiento y Cohesión - UTP,,,,https://www.youtube.com/results?search_query=Ingenier%C3%ADa%20de%20Software%3A%20Acoplamiento%20y%20Cohesi%C3%B3n%20-%20UTP,pendiente,,,,,,,
Mapa_Programacion_orientada_a_objetos.html:2.4:biblio:0,Mapa_Programacion_orientada_a_objetos.html,INTERACCIÓN HOMBRE COMPUTADOR,2.4 · COHESIÓN Y ACOPLAMIENTO,Bibliografía,libro,"Larry Constantine & Edward Yourdon, ""Structured Design"", Cap. 6-7 ""Cohesion and Coupling"", pp. 105-140.",,,,https://www.google.com/search?q=Larry%20Constantine%20%26%20Edward%20Yourdon%2C%20%22Structured%20Design%22%2C%20Cap.%206-7%20%22Cohesion%20and%20Coupling%22%2C%20pp.%20105-140.,pendiente,,,,,,,
Mapa_Programacion_orientada_a_objetos.html:2.4:biblio:1,Mapa_Programacion_orientada_a_objetos.html,INTERACCIÓN HOMBRE COMPUTADOR,2.4 · COHESIÓN Y ACOPLAMIENTO,Bibliografía,libro,"Robert C. Martin, ""Clean Code: A Handbook of Agile Software Craftsmanship"", Cap. 10 ""Classes"", pp. 135-152.",,,,https://www.google.com/search?q=Robert%20C.%20Martin%2C%20%22Clean%20Code%3A%20A%20Handbook%20of%20Agile%20Software%20Craftsmanship%22%2C%20Cap.%2010%20%22Classes%22%2C%20pp.%20135-152.,pendiente,,,,,,,
Mapa_Programacion_orientada_a_objetos.html:2.4:biblio:2,Mapa_Programacion_orientada_a_objetos.html,INTERACCIÓN HOMBRE COMPUTADOR,2.4 · COHESIÓN Y ACOPLAMIENTO,Bibliografía,libro,"OpenLibra, ""Ingeniería de Software"", Cap. 7 ""Diseño de Software"", pp. 140-160.",,,,https://www.google.com/search?q=OpenLibra%2C%20%22Ingenier%C3%ADa%20de%20Software%22%2C%20Cap.%207%20%22Dise%C3%B1o%20de%20Software%22%2C%20pp.%20140-160.,pendiente,,,,,,,
Mapa_Programacion_orientada_a_objetos.html:2.4:biblio:3,Mapa_Programacion_orientada_a_objetos.html,INTERACCIÓN HOMBRE COMPUTADOR,2.4 · COHESIÓN Y ACOPLAMIENTO,Bibliografía,libro,"GoalKicker, ""Software Architecture Notes for Professionals"", Cap. 2 ""Cohesion and Coupling"", pp. 15-25.",,,,https://www.google.com/search?q=GoalKicker%2C%20%22Software%20Architecture%20Notes%20for%20Professionals%22%2C%20Cap.%202%20%22Cohesion%20and%20Coupling%22%2C%20pp.%2015-25.,pendiente,,,,,,,
Mapa_Programacion_orientada_a_objetos.html:2.4:practica:0,Mapa_Programacion_orientada_a_objetos.html,INTERACCIÓN HOMBRE COMPUTADOR,2.4 · COHESIÓN Y ACOPLAMIENTO,Práctica,practica,"Video: ""Refactorización: Mejorar Cohesión y Acoplamiento"" - Canal: MitoCode <span class='ref-level'>[Avanzado]</span>",,,,https://www.google.com/search?q=Video%3A%20%22Refactorizaci%C3%B3n%3A%20Mejorar%20Cohesi%C3%B3n%20y%20Acoplamiento%22%20-%20Canal%3A%20MitoCode%20%3Cspan%20class%3D'ref-level'%3E%5BAvanzado%5D%3C%2Fspan%3E,pendiente,,,,,,,
Mapa_Programacion_orientada_a_objetos.html:2.4:practica:1,Mapa_Programacion_orientada_a_objetos.html,INTERACCIÓN HOMBRE COMPUTADOR,2.4 · COHESIÓN Y ACOPLAMIENTO,Práctica,practica,"Video: ""Ejercicio de Análisis de Código (Cohesión y Acoplamiento)"" - Canal: HolaMundo <span class='ref-level'>[Avanzado]</span>",,,,https://www.google.com/search?q=Video%3A%20%22Ejercicio%20de%20An%C3%A1lisis%20de%20C%C3%B3digo%20(Cohesi%C3%B3n%20y%20Acoplamiento)%22%20-%20Canal%3A%20HolaMundo%20%3Cspan%20class%3D'ref-level'%3E%5BAvanzado%5D%3C%2Fspan%3E,pendiente,,,,,,,
Mapa_Programacion_orientada_a_objetos.html:2.4:practica:2,Mapa_Programacion_orientada_a_objetos.html,INTERACCIÓN HOMBRE COMPUTADOR,2.4 · COHESIÓN Y ACOPLAMIENTO,Práctica,practica,"Libro: ""Ingeniería de Software"" (OpenLibra) - Ejercicios propuestos, Cap. 7, pp. 165-170 <span class='ref-level'>[Intermedio]</span>",,,,https://www.google.com/search?q=Libro%3A%20%22Ingenier%C3%ADa%20de%20Software%22%20(OpenLibra)%20-%20Ejercicios%20propuestos%2C%20Cap.%207%2C%20pp.%20165-170%20%3Cspan%20class%3D'ref-level'%3E%5BIntermedio%5D%3C%2Fspan%3E,pendiente,,,,,,,
Mapa_Programacion_orientada_a_objetos.html:2.4:practica:3,Mapa_Programacion_orientada_a_objetos.html,INTERACCIÓN HOMBRE COMPUTADOR,2.4 · COHESIÓN Y ACOPLAMIENTO,Práctica,practica,"Libro: ""Software Architecture Notes for Professionals"" - Ejercicios de Arquitectura, Cap. 2, pp. 26-30 <span class='ref-level'>[Avanzado]</span>",,,,https://www.google.com/search?q=Libro%3A%20%22Software%20Architecture%20Notes%20for%20Professionals%22%20-%20Ejercicios%20de%20Arquitectura%2C%20Cap.%202%2C%20pp.%2026-30%20%3Cspan%20class%3D'ref-level'%3E%5BAvanzado%5D%3C%2Fspan%3E,pendiente,,,,,,,
Mapa_Programacion_orientada_a_objetos.html:2.5:videos:0,Mapa_Programacion_orientada_a_objetos.html,INTERACCIÓN HOMBRE COMPUTADOR,2.5 · DIAGRAMA ARQUITECTÓNICO,Videos,video,Diagramas de Arquitectura de Software - MitoCode,,,,https://www.youtube.com/results?search_query=Diagramas%20de%20Arquitectura%20de%20Software%20-%20MitoCode,pendiente,,,,,,,
Mapa_Programacion_orientada_a_objetos.html:2.5:videos:1,Mapa_Programacion_orientada_a_objetos.html,INTERACCIÓN HOMBRE COMPUTADOR,2.5 · DIAGRAMA ARQUITECTÓNICO,Videos,video,Arquitectura de Software: Patrones y Diagramas - HolaMundo,,,,https://www.youtube.com/results?search_query=Arquitectura%20de%20Software%3A%20Patrones%20y%20Diagramas%20-%20HolaMundo,pendiente,,,,,,,
Mapa_Programacion_orientada_a_objetos.html:2.5:videos:2,Mapa_Programacion_orientada_a_objetos.html,INTERACCIÓN HOMBRE COMPUTADOR,2.5 · DIAGRAMA ARQUITECTÓNICO,Videos,video,Cómo diseñar Arquitectura de Software - Fazt,,,,https://www.youtube.com/results?search_query=C%C3%B3mo%20dise%C3%B1ar%20Arquitectura%20de%20Software%20-%20Fazt,pendiente,,,,,,,
Mapa_Programacion_orientada_a_objetos.html:2.5:videos:3,Mapa_Programacion_orientada_a_objetos.html,INTERACCIÓN HOMBRE COMPUTADOR,2.5 · DIAGRAMA ARQUITECTÓNICO,Videos,video,Diagramas C4 para Arquitectura de Software - Néstor Cancino,,,,https://www.youtube.com/results?search_query=Diagramas%20C4%20para%20Arquitectura%20de%20Software%20-%20N%C3%A9stor%20Cancino,pendiente,,,,,,,
Mapa_Programacion_orientada_a_objetos.html:2.5:videos:4,Mapa_Programacion_orientada_a_objetos.html,INTERACCIÓN HOMBRE COMPUTADOR,2.5 · DIAGRAMA ARQUITECTÓNICO,Videos,video,Modelado Arquitectónico de Software - UTP,,,,https://www.youtube.com/results?search_query=Modelado%20Arquitect%C3%B3nico%20de%20Software%20-%20UTP,pendiente,,,,,,,
Mapa_Programacion_orientada_a_objetos.html:2.5:biblio:0,Mapa_Programacion_orientada_a_objetos.html,INTERACCIÓN HOMBRE COMPUTADOR,2.5 · DIAGRAMA ARQUITECTÓNICO,Bibliografía,libro,"Len Bass, Paul Clements & Rick Kazman, ""Software Architecture in Practice"", 4th Ed., Cap. 2, pp. 25-48.",,,,https://www.google.com/search?q=Len%20Bass%2C%20Paul%20Clements%20%26%20Rick%20Kazman%2C%20%22Software%20Architecture%20in%20Practice%22%2C%204th%20Ed.%2C%20Cap.%202%2C%20pp.%2025-48.,pendiente,,,,,,,
Mapa_Programacion_orientada_a_objetos.html:2.5:biblio:1,Mapa_Programacion_orientada_a_objetos.html,INTERACCIÓN HOMBRE COMPUTADOR,2.5 · DIAGRAMA ARQUITECTÓNICO,Bibliografía,libro,"GoalKicker, ""Software Architecture Notes for Professionals"", Cap. 5 ""Diagrams"", pp. 60-80.",,,,https://www.google.com/search?q=GoalKicker%2C%20%22Software%20Architecture%20Notes%20for%20Professionals%22%2C%20Cap.%205%20%22Diagrams%22%2C%20pp.%2060-80.,pendiente,,,,,,,
Mapa_Programacion_orientada_a_objetos.html:2.5:biblio:2,Mapa_Programacion_orientada_a_objetos.html,INTERACCIÓN HOMBRE COMPUTADOR,2.5 · DIAGRAMA ARQUITECTÓNICO,Bibliografía,libro,"OpenLibra, ""Fundamentos de Arquitectura de Software"", Cap. 1, pp. 15-35.",,,,https://www.google.com/search?q=OpenLibra%2C%20%22Fundamentos%20de%20Arquitectura%20de%20Software%22%2C%20Cap.%201%2C%20pp.%2015-35.,pendiente,,,,,,,
Mapa_Programacion_orientada_a_objetos.html:2.5:biblio:3,Mapa_Programacion_orientada_a_objetos.html,INTERACCIÓN HOMBRE COMPUTADOR,2.5 · DIAGRAMA ARQUITECTÓNICO,Bibliografía,libro,"Martin Fowler, ""Patterns of Enterprise Application Architecture"", Cap. 1 ""Architecture"", pp. 1-18.",,,,https://www.google.com/search?q=Martin%20Fowler%2C%20%22Patterns%20of%20Enterprise%20Application%20Architecture%22%2C%20Cap.%201%20%22Architecture%22%2C%20pp.%201-18.,pendiente,,,,,,,
Mapa_Programacion_orientada_a_objetos.html:2.5:practica:0,Mapa_Programacion_orientada_a_objetos.html,INTERACCIÓN HOMBRE COMPUTADOR,2.5 · DIAGRAMA ARQUITECTÓNICO,Práctica,practica,"Video: ""Ejercicio práctico: Diagrama C4"" - Canal: Néstor Cancino <span class='ref-level'>[Avanzado]</span>",,,,https://www.google.com/search?q=Video%3A%20%22Ejercicio%20pr%C3%A1ctico%3A%20Diagrama%20C4%22%20-%20Canal%3A%20N%C3%A9stor%20Cancino%20%3Cspan%20class%3D'ref-level'%3E%5BAvanzado%5D%3C%2Fspan%3E,pendiente,,,,,,,
Mapa_Programacion_orientada_a_objetos.html:2.5:practica:1,Mapa_Programacion_orientada_a_objetos.html,INTERACCIÓN HOMBRE COMPUTADOR,2.5 · DIAGRAMA ARQUITECTÓNICO,Práctica,practica,"Video: ""Ejemplo de Diagrama de Arquitectura en Java"" - Canal: MitoCode <span class='ref-level'>[Intermedio]</span>",,,,https://www.google.com/search?q=Video%3A%20%22Ejemplo%20de%20Diagrama%20de%20Arquitectura%20en%20Java%22%20-%20Canal%3A%20MitoCode%20%3Cspan%20class%3D'ref-level'%3E%5BIntermedio%5D%3C%2Fspan%3E,pendiente,,,,,,,
Mapa_Programacion_orientada_a_objetos.html:2.5:practica:2,Mapa_Programacion_orientada_a_objetos.html,INTERACCIÓN HOMBRE COMPUTADOR,2.5 · DIAGRAMA ARQUITECTÓNICO,Práctica,practica,"Libro: ""Software Architecture Notes for Professionals"" - Ejercicios propuestos, Cap. 5, pp. 85-90 <span class='ref-level'>[Avanzado]</span>",,,,https://www.google.com/search?q=Libro%3A%20%22Software%20Architecture%20Notes%20for%20Professionals%22%20-%20Ejercicios%20propuestos%2C%20Cap.%205%2C%20pp.%2085-90%20%3Cspan%20class%3D'ref-level'%3E%5BAvanzado%5D%3C%2Fspan%3E,pendiente,,,,,,,
Mapa_Programacion_orientada_a_objetos.html:2.5:practica:3,Mapa_Programacion_orientada_a_objetos.html,INTERACCIÓN HOMBRE COMPUTADOR,2.5 · DIAGRAMA ARQUITECTÓNICO,Práctica,practica,"Libro: ""Fundamentos de Arquitectura de Software"" - Ejercicios de Modelado, Cap. 1, pp. 40-45 <span class='ref-level'>[Intermedio]</span>",,,,https://www.google.com/search?q=Libro%3A%20%22Fundamentos%20de%20Arquitectura%20de%20Software%22%20-%20Ejercicios%20de%20Modelado%2C%20Cap.%201%2C%20pp.%2040-45%20%3Cspan%20class%3D'ref-level'%3E%5BIntermedio%5D%3C%2Fspan%3E,pendiente,,,,,,,
Mapa_Programacion_orientada_a_objetos.html:3.1:videos:0,Mapa_Programacion_orientada_a_objetos.html,"PROGRAMACIÓN VISUAL, MANEJO DE EVENTOS Y EXPRESIONES",3.1 · GESTIÓN DE ERRORES Y EXCEPCIONES,Videos,video,Excepciones en Java (Try-Catch-Finally) - MitoCode,,,,https://www.youtube.com/results?search_query=Excepciones%20en%20Java%20(Try-Catch-Finally)%20-%20MitoCode,pendiente,,,,,,,
Mapa_Programacion_orientada_a_objetos.html:3.1:videos:1,Mapa_Programacion_orientada_a_objetos.html,"PROGRAMACIÓN VISUAL, MANEJO DE EVENTOS Y EXPRESIONES",3.1 · GESTIÓN DE ERRORES Y EXCEPCIONES,Videos,video,Curso Java Excepciones #1 - Introducción - pildorasinformaticas,,,,https://www.youtube.com/results?search_query=Curso%20Java%20Excepciones%20%231%20-%20Introducci%C3%B3n%20-%20pildorasinformaticas,pendiente,,,,,,,
Mapa_Programacion_orientada_a_objetos.html:3.1:videos:2,Mapa_Programacion_orientada_a_objetos.html,"PROGRAMACIÓN VISUAL, MANEJO DE EVENTOS Y EXPRESIONES",3.1 · GESTIÓN DE ERRORES Y EXCEPCIONES,Videos,video,Gestión de Excepciones en Java - HolaMundo,,,,https://www.youtube.com/results?search_query=Gesti%C3%B3n%20de%20Excepciones%20en%20Java%20-%20HolaMundo,pendiente,,,,,,,
Mapa_Programacion_orientada_a_objetos.html:3.1:videos:3,Mapa_Programacion_orientada_a_objetos.html,"PROGRAMACIÓN VISUAL, MANEJO DE EVENTOS Y EXPRESIONES",3.1 · GESTIÓN DE ERRORES Y EXCEPCIONES,Videos,video,Manejo de Errores y Excepciones en Java - Fazt,,,,https://www.youtube.com/results?search_query=Manejo%20de%20Errores%20y%20Excepciones%20en%20Java%20-%20Fazt,pendiente,,,,,,,
Mapa_Programacion_orientada_a_objetos.html:3.1:videos:4,Mapa_Programacion_orientada_a_objetos.html,"PROGRAMACIÓN VISUAL, MANEJO DE EVENTOS Y EXPRESIONES",3.1 · GESTIÓN DE ERRORES Y EXCEPCIONES,Videos,video,Excepciones Personalizadas en Java - La Geekipedia De Ernesto,,,,https://www.youtube.com/results?search_query=Excepciones%20Personalizadas%20en%20Java%20-%20La%20Geekipedia%20De%20Ernesto,pendiente,,,,,,,
Mapa_Programacion_orientada_a_objetos.html:3.1:biblio:0,Mapa_Programacion_orientada_a_objetos.html,"PROGRAMACIÓN VISUAL, MANEJO DE EVENTOS Y EXPRESIONES",3.1 · GESTIÓN DE ERRORES Y EXCEPCIONES,Bibliografía,libro,"Bruce Eckel, ""On Java 8"", Cap. 12 ""Error Handling with Exceptions"", pp. 380-412.",,,,https://www.google.com/search?q=Bruce%20Eckel%2C%20%22On%20Java%208%22%2C%20Cap.%2012%20%22Error%20Handling%20with%20Exceptions%22%2C%20pp.%20380-412.,pendiente,,,,,,,
Mapa_Programacion_orientada_a_objetos.html:3.1:biblio:1,Mapa_Programacion_orientada_a_objetos.html,"PROGRAMACIÓN VISUAL, MANEJO DE EVENTOS Y EXPRESIONES",3.1 · GESTIÓN DE ERRORES Y EXCEPCIONES,Bibliografía,libro,"GoalKicker, ""Java Notes for Professionals"", Cap. 20 ""Exceptions"", pp. 190-205.",,,,https://www.google.com/search?q=GoalKicker%2C%20%22Java%20Notes%20for%20Professionals%22%2C%20Cap.%2020%20%22Exceptions%22%2C%20pp.%20190-205.,pendiente,,,,,,,
Mapa_Programacion_orientada_a_objetos.html:3.1:biblio:2,Mapa_Programacion_orientada_a_objetos.html,"PROGRAMACIÓN VISUAL, MANEJO DE EVENTOS Y EXPRESIONES",3.1 · GESTIÓN DE ERRORES Y EXCEPCIONES,Bibliografía,libro,"Garcia de Jalón, J. et al., ""Aprenda Java como si estuviera en primero"", Cap. 8 ""Excepciones"", pp. 130-150.",,,,https://www.google.com/search?q=Garcia%20de%20Jal%C3%B3n%2C%20J.%20et%20al.%2C%20%22Aprenda%20Java%20como%20si%20estuviera%20en%20primero%22%2C%20Cap.%208%20%22Excepciones%22%2C%20pp.%20130-150.,pendiente,,,,,,,
Mapa_Programacion_orientada_a_objetos.html:3.1:biblio:3,Mapa_Programacion_orientada_a_objetos.html,"PROGRAMACIÓN VISUAL, MANEJO DE EVENTOS Y EXPRESIONES",3.1 · GESTIÓN DE ERRORES Y EXCEPCIONES,Bibliografía,libro,"Oracle, ""The Java Tutorials / Dev.java: Exceptions"", pp. 1-18.",,,,https://www.google.com/search?q=Oracle%2C%20%22The%20Java%20Tutorials%20%2F%20Dev.java%3A%20Exceptions%22%2C%20pp.%201-18.,pendiente,,,,,,,
Mapa_Programacion_orientada_a_objetos.html:3.1:practica:0,Mapa_Programacion_orientada_a_objetos.html,"PROGRAMACIÓN VISUAL, MANEJO DE EVENTOS Y EXPRESIONES",3.1 · GESTIÓN DE ERRORES Y EXCEPCIONES,Práctica,practica,"Video: ""Ejercicio resuelto: Manejo de Excepciones en Java"" - Canal: MitoCode <span class='ref-level'>[Intermedio]</span>",,,,https://www.google.com/search?q=Video%3A%20%22Ejercicio%20resuelto%3A%20Manejo%20de%20Excepciones%20en%20Java%22%20-%20Canal%3A%20MitoCode%20%3Cspan%20class%3D'ref-level'%3E%5BIntermedio%5D%3C%2Fspan%3E,pendiente,,,,,,,
Mapa_Programacion_orientada_a_objetos.html:3.1:practica:1,Mapa_Programacion_orientada_a_objetos.html,"PROGRAMACIÓN VISUAL, MANEJO DE EVENTOS Y EXPRESIONES",3.1 · GESTIÓN DE ERRORES Y EXCEPCIONES,Práctica,practica,"Video: ""Excepciones en Java: Ejemplo práctico"" - Canal: HolaMundo <span class='ref-level'>[Básico]</span>",,,,https://www.google.com/search?q=Video%3A%20%22Excepciones%20en%20Java%3A%20Ejemplo%20pr%C3%A1ctico%22%20-%20Canal%3A%20HolaMundo%20%3Cspan%20class%3D'ref-level'%3E%5BB%C3%A1sico%5D%3C%2Fspan%3E,pendiente,,,,,,,
Mapa_Programacion_orientada_a_objetos.html:3.1:practica:2,Mapa_Programacion_orientada_a_objetos.html,"PROGRAMACIÓN VISUAL, MANEJO DE EVENTOS Y EXPRESIONES",3.1 · GESTIÓN DE ERRORES Y EXCEPCIONES,Práctica,practica,"Libro: ""Aprenda Java como si estuviera en primero"" - Ejercicios propuestos, Cap. 8, pp. 155-160 <span class='ref-level'>[Intermedio]</span>",,,,https://www.google.com/search?q=Libro%3A%20%22Aprenda%20Java%20como%20si%20estuviera%20en%20primero%22%20-%20Ejercicios%20propuestos%2C%20Cap.%208%2C%20pp.%20155-160%20%3Cspan%20class%3D'ref-level'%3E%5BIntermedio%5D%3C%2Fspan%3E,pendiente,,,,,,,
Mapa_Programacion_orientada_a_objetos.html:3.1:practica:3,Mapa_Programacion_orientada_a_objetos.html,"PROGRAMACIÓN VISUAL, MANEJO DE EVENTOS Y EXPRESIONES",3.1 · GESTIÓN DE ERRORES Y EXCEPCIONES,Práctica,practica,"Libro: ""Java Notes for Professionals"" - Ejercicios de Excepciones, Cap. 20, pp. 210-215 <span class='ref-level'>[Intermedio]</span>",,,,https://www.google.com/search?q=Libro%3A%20%22Java%20Notes%20for%20Professionals%22%20-%20Ejercicios%20de%20Excepciones%2C%20Cap.%2020%2C%20pp.%20210-215%20%3Cspan%20class%3D'ref-level'%3E%5BIntermedio%5D%3C%2Fspan%3E,pendiente,,,,,,,
Mapa_Programacion_orientada_a_objetos.html:3.2:videos:0,Mapa_Programacion_orientada_a_objetos.html,"PROGRAMACIÓN VISUAL, MANEJO DE EVENTOS Y EXPRESIONES",3.2 · EXPRESIONES LAMBDA,Videos,video,Expresiones Lambda en Java (y Métodos por Defecto) - MitoCode,,,,https://www.youtube.com/results?search_query=Expresiones%20Lambda%20en%20Java%20(y%20M%C3%A9todos%20por%20Defecto)%20-%20MitoCode,pendiente,,,,,,,
Mapa_Programacion_orientada_a_objetos.html:3.2:videos:1,Mapa_Programacion_orientada_a_objetos.html,"PROGRAMACIÓN VISUAL, MANEJO DE EVENTOS Y EXPRESIONES",3.2 · EXPRESIONES LAMBDA,Videos,video,Curso Java Lambdas #1 - Introducción - pildorasinformaticas,,,,https://www.youtube.com/results?search_query=Curso%20Java%20Lambdas%20%231%20-%20Introducci%C3%B3n%20-%20pildorasinformaticas,pendiente,,,,,,,
Mapa_Programacion_orientada_a_objetos.html:3.2:videos:2,Mapa_Programacion_orientada_a_objetos.html,"PROGRAMACIÓN VISUAL, MANEJO DE EVENTOS Y EXPRESIONES",3.2 · EXPRESIONES LAMBDA,Videos,video,Expresiones Lambda en Java (Programación Funcional) - HolaMundo,,,,https://www.youtube.com/results?search_query=Expresiones%20Lambda%20en%20Java%20(Programaci%C3%B3n%20Funcional)%20-%20HolaMundo,pendiente,,,,,,,
Mapa_Programacion_orientada_a_objetos.html:3.2:videos:3,Mapa_Programacion_orientada_a_objetos.html,"PROGRAMACIÓN VISUAL, MANEJO DE EVENTOS Y EXPRESIONES",3.2 · EXPRESIONES LAMBDA,Videos,video,Java Lambda Expressions (Expresiones Lambda) - Fazt,,,,https://www.youtube.com/results?search_query=Java%20Lambda%20Expressions%20(Expresiones%20Lambda)%20-%20Fazt,pendiente,,,,,,,
Mapa_Programacion_orientada_a_objetos.html:3.2:videos:4,Mapa_Programacion_orientada_a_objetos.html,"PROGRAMACIÓN VISUAL, MANEJO DE EVENTOS Y EXPRESIONES",3.2 · EXPRESIONES LAMBDA,Videos,video,Funciones Lambda en Java con Ejemplos - La Geekipedia De Ernesto,,,,https://www.youtube.com/results?search_query=Funciones%20Lambda%20en%20Java%20con%20Ejemplos%20-%20La%20Geekipedia%20De%20Ernesto,pendiente,,,,,,,
Mapa_Programacion_orientada_a_objetos.html:3.2:biblio:0,Mapa_Programacion_orientada_a_objetos.html,"PROGRAMACIÓN VISUAL, MANEJO DE EVENTOS Y EXPRESIONES",3.2 · EXPRESIONES LAMBDA,Bibliografía,libro,"Bruce Eckel, ""On Java 8"", Cap. 13 ""Functional Programming"", pp. 415-445.",,,,https://www.google.com/search?q=Bruce%20Eckel%2C%20%22On%20Java%208%22%2C%20Cap.%2013%20%22Functional%20Programming%22%2C%20pp.%20415-445.,pendiente,,,,,,,
Mapa_Programacion_orientada_a_objetos.html:3.2:biblio:1,Mapa_Programacion_orientada_a_objetos.html,"PROGRAMACIÓN VISUAL, MANEJO DE EVENTOS Y EXPRESIONES",3.2 · EXPRESIONES LAMBDA,Bibliografía,libro,"GoalKicker, ""Java Notes for Professionals"", Cap. 43 ""Lambda Expressions"", pp. 450-465.",,,,https://www.google.com/search?q=GoalKicker%2C%20%22Java%20Notes%20for%20Professionals%22%2C%20Cap.%2043%20%22Lambda%20Expressions%22%2C%20pp.%20450-465.,pendiente,,,,,,,
Mapa_Programacion_orientada_a_objetos.html:3.2:biblio:2,Mapa_Programacion_orientada_a_objetos.html,"PROGRAMACIÓN VISUAL, MANEJO DE EVENTOS Y EXPRESIONES",3.2 · EXPRESIONES LAMBDA,Bibliografía,libro,"Oracle, ""The Java Tutorials / Dev.java: Lambda Expressions"", pp. 1-14.",,,,https://www.google.com/search?q=Oracle%2C%20%22The%20Java%20Tutorials%20%2F%20Dev.java%3A%20Lambda%20Expressions%22%2C%20pp.%201-14.,pendiente,,,,,,,
Mapa_Programacion_orientada_a_objetos.html:3.2:biblio:3,Mapa_Programacion_orientada_a_objetos.html,"PROGRAMACIÓN VISUAL, MANEJO DE EVENTOS Y EXPRESIONES",3.2 · EXPRESIONES LAMBDA,Bibliografía,libro,"OpenLibra, ""Programación Funcional en Java"", Cap. 2, pp. 30-55.",,,,https://www.google.com/search?q=OpenLibra%2C%20%22Programaci%C3%B3n%20Funcional%20en%20Java%22%2C%20Cap.%202%2C%20pp.%2030-55.,pendiente,,,,,,,
Mapa_Programacion_orientada_a_objetos.html:3.2:practica:0,Mapa_Programacion_orientada_a_objetos.html,"PROGRAMACIÓN VISUAL, MANEJO DE EVENTOS Y EXPRESIONES",3.2 · EXPRESIONES LAMBDA,Práctica,practica,"Video: ""Ejercicio práctico: Expresiones Lambda en Java"" - Canal: MitoCode <span class='ref-level'>[Intermedio]</span>",,,,https://www.google.com/search?q=Video%3A%20%22Ejercicio%20pr%C3%A1ctico%3A%20Expresiones%20Lambda%20en%20Java%22%20-%20Canal%3A%20MitoCode%20%3Cspan%20class%3D'ref-level'%3E%5BIntermedio%5D%3C%2Fspan%3E,pendiente,,,,,,,
Mapa_Programacion_orientada_a_objetos.html:3.2:practica:1,Mapa_Programacion_orientada_a_objetos.html,"PROGRAMACIÓN VISUAL, MANEJO DE EVENTOS Y EXPRESIONES",3.2 · EXPRESIONES LAMBDA,Práctica,practica,"Video: ""Ejercicios resueltos: Lambdas y Streams en Java"" - Canal: HolaMundo <span class='ref-level'>[Avanzado]</span>",,,,https://www.google.com/search?q=Video%3A%20%22Ejercicios%20resueltos%3A%20Lambdas%20y%20Streams%20en%20Java%22%20-%20Canal%3A%20HolaMundo%20%3Cspan%20class%3D'ref-level'%3E%5BAvanzado%5D%3C%2Fspan%3E,pendiente,,,,,,,
Mapa_Programacion_orientada_a_objetos.html:3.2:practica:2,Mapa_Programacion_orientada_a_objetos.html,"PROGRAMACIÓN VISUAL, MANEJO DE EVENTOS Y EXPRESIONES",3.2 · EXPRESIONES LAMBDA,Práctica,practica,"Libro: ""Java Notes for Professionals"" - Ejercicios propuestos, Cap. 43, pp. 470-475 <span class='ref-level'>[Intermedio]</span>",,,,https://www.google.com/search?q=Libro%3A%20%22Java%20Notes%20for%20Professionals%22%20-%20Ejercicios%20propuestos%2C%20Cap.%2043%2C%20pp.%20470-475%20%3Cspan%20class%3D'ref-level'%3E%5BIntermedio%5D%3C%2Fspan%3E,pendiente,,,,,,,
Mapa_Programacion_orientada_a_objetos.html:3.2:practica:3,Mapa_Programacion_orientada_a_objetos.html,"PROGRAMACIÓN VISUAL, MANEJO DE EVENTOS Y EXPRESIONES",3.2 · EXPRESIONES LAMBDA,Práctica,practica,"Libro: ""Programación Funcional en Java"" - Ejercicios de Programación Funcional, Cap. 2, pp. 60-65 <span class='ref-level'>[Intermedio]</span>",,,,https://www.google.com/search?q=Libro%3A%20%22Programaci%C3%B3n%20Funcional%20en%20Java%22%20-%20Ejercicios%20de%20Programaci%C3%B3n%20Funcional%2C%20Cap.%202%2C%20pp.%2060-65%20%3Cspan%20class%3D'ref-level'%3E%5BIntermedio%5D%3C%2Fspan%3E,pendiente,,,,,,,
Mapa_Programacion_orientada_a_objetos.html:3.3:videos:0,Mapa_Programacion_orientada_a_objetos.html,"PROGRAMACIÓN VISUAL, MANEJO DE EVENTOS Y EXPRESIONES",3.3 · PROGRAMACIÓN DE TAREAS MULTIPROCESO (MULTIHILO),Videos,video,"Multihilo en Java (Threads, Concurrencia y Sincronización) - MitoCode",,,,https://www.youtube.com/results?search_query=Multihilo%20en%20Java%20(Threads%2C%20Concurrencia%20y%20Sincronizaci%C3%B3n)%20-%20MitoCode,pendiente,,,,,,,
Mapa_Programacion_orientada_a_objetos.html:3.3:videos:1,Mapa_Programacion_orientada_a_objetos.html,"PROGRAMACIÓN VISUAL, MANEJO DE EVENTOS Y EXPRESIONES",3.3 · PROGRAMACIÓN DE TAREAS MULTIPROCESO (MULTIHILO),Videos,video,Curso Java Multihilo #1 - Introducción a los Hilos - pildorasinformaticas,,,,https://www.youtube.com/results?search_query=Curso%20Java%20Multihilo%20%231%20-%20Introducci%C3%B3n%20a%20los%20Hilos%20-%20pildorasinformaticas,pendiente,,,,,,,
Mapa_Programacion_orientada_a_objetos.html:3.3:videos:2,Mapa_Programacion_orientada_a_objetos.html,"PROGRAMACIÓN VISUAL, MANEJO DE EVENTOS Y EXPRESIONES",3.3 · PROGRAMACIÓN DE TAREAS MULTIPROCESO (MULTIHILO),Videos,video,Hilos en Java (Threads y Runnable) - HolaMundo,,,,https://www.youtube.com/results?search_query=Hilos%20en%20Java%20(Threads%20y%20Runnable)%20-%20HolaMundo,pendiente,,,,,,,
Mapa_Programacion_orientada_a_objetos.html:3.3:videos:3,Mapa_Programacion_orientada_a_objetos.html,"PROGRAMACIÓN VISUAL, MANEJO DE EVENTOS Y EXPRESIONES",3.3 · PROGRAMACIÓN DE TAREAS MULTIPROCESO (MULTIHILO),Videos,video,Concurrencia y Multihilo en Java - Fazt,,,,https://www.youtube.com/results?search_query=Concurrencia%20y%20Multihilo%20en%20Java%20-%20Fazt,pendiente,,,,,,,
Mapa_Programacion_orientada_a_objetos.html:3.3:videos:4,Mapa_Programacion_orientada_a_objetos.html,"PROGRAMACIÓN VISUAL, MANEJO DE EVENTOS Y EXPRESIONES",3.3 · PROGRAMACIÓN DE TAREAS MULTIPROCESO (MULTIHILO),Videos,video,Programación Multihilo en Java con Ejemplos - La Geekipedia De Ernesto,,,,https://www.youtube.com/results?search_query=Programaci%C3%B3n%20Multihilo%20en%20Java%20con%20Ejemplos%20-%20La%20Geekipedia%20De%20Ernesto,pendiente,,,,,,,
Mapa_Programacion_orientada_a_objetos.html:3.3:biblio:0,Mapa_Programacion_orientada_a_objetos.html,"PROGRAMACIÓN VISUAL, MANEJO DE EVENTOS Y EXPRESIONES",3.3 · PROGRAMACIÓN DE TAREAS MULTIPROCESO (MULTIHILO),Bibliografía,libro,"Bruce Eckel, ""On Java 8"", Cap. 15 ""Concurrent Programming"", pp. 510-550.",,,,https://www.google.com/search?q=Bruce%20Eckel%2C%20%22On%20Java%208%22%2C%20Cap.%2015%20%22Concurrent%20Programming%22%2C%20pp.%20510-550.,pendiente,,,,,,,
Mapa_Programacion_orientada_a_objetos.html:3.3:biblio:1,Mapa_Programacion_orientada_a_objetos.html,"PROGRAMACIÓN VISUAL, MANEJO DE EVENTOS Y EXPRESIONES",3.3 · PROGRAMACIÓN DE TAREAS MULTIPROCESO (MULTIHILO),Bibliografía,libro,"GoalKicker, ""Java Notes for Professionals"", Cap. 42 ""Threads"", pp. 410-430.",,,,https://www.google.com/search?q=GoalKicker%2C%20%22Java%20Notes%20for%20Professionals%22%2C%20Cap.%2042%20%22Threads%22%2C%20pp.%20410-430.,pendiente,,,,,,,
Mapa_Programacion_orientada_a_objetos.html:3.3:biblio:2,Mapa_Programacion_orientada_a_objetos.html,"PROGRAMACIÓN VISUAL, MANEJO DE EVENTOS Y EXPRESIONES",3.3 · PROGRAMACIÓN DE TAREAS MULTIPROCESO (MULTIHILO),Bibliografía,libro,"Garcia de Jalón, J. et al., ""Aprenda Java como si estuviera en primero"", Cap. 9 ""Threads"", pp. 160-180.",,,,https://www.google.com/search?q=Garcia%20de%20Jal%C3%B3n%2C%20J.%20et%20al.%2C%20%22Aprenda%20Java%20como%20si%20estuviera%20en%20primero%22%2C%20Cap.%209%20%22Threads%22%2C%20pp.%20160-180.,pendiente,,,,,,,
Mapa_Programacion_orientada_a_objetos.html:3.3:biblio:3,Mapa_Programacion_orientada_a_objetos.html,"PROGRAMACIÓN VISUAL, MANEJO DE EVENTOS Y EXPRESIONES",3.3 · PROGRAMACIÓN DE TAREAS MULTIPROCESO (MULTIHILO),Bibliografía,libro,"Oracle, ""The Java Tutorials / Dev.java: Concurrency"", pp. 1-22.",,,,https://www.google.com/search?q=Oracle%2C%20%22The%20Java%20Tutorials%20%2F%20Dev.java%3A%20Concurrency%22%2C%20pp.%201-22.,pendiente,,,,,,,
Mapa_Programacion_orientada_a_objetos.html:3.3:practica:0,Mapa_Programacion_orientada_a_objetos.html,"PROGRAMACIÓN VISUAL, MANEJO DE EVENTOS Y EXPRESIONES",3.3 · PROGRAMACIÓN DE TAREAS MULTIPROCESO (MULTIHILO),Práctica,practica,"Video: ""Ejercicio resuelto: Hilos en Java"" - Canal: MitoCode <span class='ref-level'>[Avanzado]</span>",,,,https://www.google.com/search?q=Video%3A%20%22Ejercicio%20resuelto%3A%20Hilos%20en%20Java%22%20-%20Canal%3A%20MitoCode%20%3Cspan%20class%3D'ref-level'%3E%5BAvanzado%5D%3C%2Fspan%3E,pendiente,,,,,,,
Mapa_Programacion_orientada_a_objetos.html:3.3:practica:1,Mapa_Programacion_orientada_a_objetos.html,"PROGRAMACIÓN VISUAL, MANEJO DE EVENTOS Y EXPRESIONES",3.3 · PROGRAMACIÓN DE TAREAS MULTIPROCESO (MULTIHILO),Práctica,practica,"Video: ""Ejemplo de Sincronización de Hilos"" - Canal: HolaMundo <span class='ref-level'>[Avanzado]</span>",,,,https://www.google.com/search?q=Video%3A%20%22Ejemplo%20de%20Sincronizaci%C3%B3n%20de%20Hilos%22%20-%20Canal%3A%20HolaMundo%20%3Cspan%20class%3D'ref-level'%3E%5BAvanzado%5D%3C%2Fspan%3E,pendiente,,,,,,,
Mapa_Programacion_orientada_a_objetos.html:3.3:practica:2,Mapa_Programacion_orientada_a_objetos.html,"PROGRAMACIÓN VISUAL, MANEJO DE EVENTOS Y EXPRESIONES",3.3 · PROGRAMACIÓN DE TAREAS MULTIPROCESO (MULTIHILO),Práctica,practica,"Libro: ""Aprenda Java como si estuviera en primero"" - Ejercicios propuestos, Cap. 9, pp. 185-190 <span class='ref-level'>[Intermedio]</span>",,,,https://www.google.com/search?q=Libro%3A%20%22Aprenda%20Java%20como%20si%20estuviera%20en%20primero%22%20-%20Ejercicios%20propuestos%2C%20Cap.%209%2C%20pp.%20185-190%20%3Cspan%20class%3D'ref-level'%3E%5BIntermedio%5D%3C%2Fspan%3E,pendiente,,,,,,,
Mapa_Programacion_orientada_a_objetos.html:3.3:practica:3,Mapa_Programacion_orientada_a_objetos.html,"PROGRAMACIÓN VISUAL, MANEJO DE EVENTOS Y EXPRESIONES",3.3 · PROGRAMACIÓN DE TAREAS MULTIPROCESO (MULTIHILO),Práctica,practica,"Libro: ""Java Notes for Professionals"" - Ejercicios de Concurrencia, Cap. 42, pp. 435-440 <span class='ref-level'>[Avanzado]</span>",,,,https://www.google.com/search?q=Libro%3A%20%22Java%20Notes%20for%20Professionals%22%20-%20Ejercicios%20de%20Concurrencia%2C%20Cap.%2042%2C%20pp.%20435-440%20%3Cspan%20class%3D'ref-level'%3E%5BAvanzado%5D%3C%2Fspan%3E,pendiente,,,,,,,
Mapa_Programacion_orientada_a_objetos.html:3.4:videos:0,Mapa_Programacion_orientada_a_objetos.html,"PROGRAMACIÓN VISUAL, MANEJO DE EVENTOS Y EXPRESIONES","3.4 · TIPOS DE INTERFAZ GRÁFICA SWING, GUI, AWT",Videos,video,Interfaces Gráficas en Java con Swing - MitoCode,,,,https://www.youtube.com/results?search_query=Interfaces%20Gr%C3%A1ficas%20en%20Java%20con%20Swing%20-%20MitoCode,pendiente,,,,,,,
Mapa_Programacion_orientada_a_objetos.html:3.4:videos:1,Mapa_Programacion_orientada_a_objetos.html,"PROGRAMACIÓN VISUAL, MANEJO DE EVENTOS Y EXPRESIONES","3.4 · TIPOS DE INTERFAZ GRÁFICA SWING, GUI, AWT",Videos,video,Curso Java Interfaces Gráficas #1 - Introducción a Swing - pildorasinformaticas,,,,https://www.youtube.com/results?search_query=Curso%20Java%20Interfaces%20Gr%C3%A1ficas%20%231%20-%20Introducci%C3%B3n%20a%20Swing%20-%20pildorasinformaticas,pendiente,,,,,,,
Mapa_Programacion_orientada_a_objetos.html:3.4:videos:2,Mapa_Programacion_orientada_a_objetos.html,"PROGRAMACIÓN VISUAL, MANEJO DE EVENTOS Y EXPRESIONES","3.4 · TIPOS DE INTERFAZ GRÁFICA SWING, GUI, AWT",Videos,video,Crear Interfaz Gráfica en Java con Swing - HolaMundo,,,,https://www.youtube.com/results?search_query=Crear%20Interfaz%20Gr%C3%A1fica%20en%20Java%20con%20Swing%20-%20HolaMundo,pendiente,,,,,,,
Mapa_Programacion_orientada_a_objetos.html:3.4:videos:3,Mapa_Programacion_orientada_a_objetos.html,"PROGRAMACIÓN VISUAL, MANEJO DE EVENTOS Y EXPRESIONES","3.4 · TIPOS DE INTERFAZ GRÁFICA SWING, GUI, AWT",Videos,video,AWT vs Swing en Java (Programación Visual) - Fazt,,,,https://www.youtube.com/results?search_query=AWT%20vs%20Swing%20en%20Java%20(Programaci%C3%B3n%20Visual)%20-%20Fazt,pendiente,,,,,,,
Mapa_Programacion_orientada_a_objetos.html:3.4:videos:4,Mapa_Programacion_orientada_a_objetos.html,"PROGRAMACIÓN VISUAL, MANEJO DE EVENTOS Y EXPRESIONES","3.4 · TIPOS DE INTERFAZ GRÁFICA SWING, GUI, AWT",Videos,video,Java GUI: AWT y Swing desde cero - La Geekipedia De Ernesto,,,,https://www.youtube.com/results?search_query=Java%20GUI%3A%20AWT%20y%20Swing%20desde%20cero%20-%20La%20Geekipedia%20De%20Ernesto,pendiente,,,,,,,
Mapa_Programacion_orientada_a_objetos.html:3.4:biblio:0,Mapa_Programacion_orientada_a_objetos.html,"PROGRAMACIÓN VISUAL, MANEJO DE EVENTOS Y EXPRESIONES","3.4 · TIPOS DE INTERFAZ GRÁFICA SWING, GUI, AWT",Bibliografía,libro,"GoalKicker, ""Java Notes for Professionals"", Cap. 47 ""Swing"", pp. 490-510.",,,,https://www.google.com/search?q=GoalKicker%2C%20%22Java%20Notes%20for%20Professionals%22%2C%20Cap.%2047%20%22Swing%22%2C%20pp.%20490-510.,pendiente,,,,,,,
Mapa_Programacion_orientada_a_objetos.html:3.4:biblio:1,Mapa_Programacion_orientada_a_objetos.html,"PROGRAMACIÓN VISUAL, MANEJO DE EVENTOS Y EXPRESIONES","3.4 · TIPOS DE INTERFAZ GRÁFICA SWING, GUI, AWT",Bibliografía,libro,"Bruce Eckel, ""Thinking in Java"" (4th Ed.), Cap. 22 ""Graphical User Interfaces"", pp. 780-820.",,,,https://www.google.com/search?q=Bruce%20Eckel%2C%20%22Thinking%20in%20Java%22%20(4th%20Ed.)%2C%20Cap.%2022%20%22Graphical%20User%20Interfaces%22%2C%20pp.%20780-820.,pendiente,,,,,,,
Mapa_Programacion_orientada_a_objetos.html:3.4:biblio:2,Mapa_Programacion_orientada_a_objetos.html,"PROGRAMACIÓN VISUAL, MANEJO DE EVENTOS Y EXPRESIONES","3.4 · TIPOS DE INTERFAZ GRÁFICA SWING, GUI, AWT",Bibliografía,libro,"Garcia de Jalón, J. et al., ""Aprenda Java como si estuviera en primero"", Cap. 10, pp. 200-220.",,,,https://www.google.com/search?q=Garcia%20de%20Jal%C3%B3n%2C%20J.%20et%20al.%2C%20%22Aprenda%20Java%20como%20si%20estuviera%20en%20primero%22%2C%20Cap.%2010%2C%20pp.%20200-220.,pendiente,,,,,,,
Mapa_Programacion_orientada_a_objetos.html:3.4:biblio:3,Mapa_Programacion_orientada_a_objetos.html,"PROGRAMACIÓN VISUAL, MANEJO DE EVENTOS Y EXPRESIONES","3.4 · TIPOS DE INTERFAZ GRÁFICA SWING, GUI, AWT",Bibliografía,libro,"Oracle, ""The Java Tutorials / Dev.java: Creating a GUI with Swing"", pp. 1-25.",,,,https://www.google.com/search?q=Oracle%2C%20%22The%20Java%20Tutorials%20%2F%20Dev.java%3A%20Creating%20a%20GUI%20with%20Swing%22%2C%20pp.%201-25.,pendiente,,,,,,,
Mapa_Programacion_orientada_a_objetos.html:3.4:practica:0,Mapa_Programacion_orientada_a_objetos.html,"PROGRAMACIÓN VISUAL, MANEJO DE EVENTOS Y EXPRESIONES","3.4 · TIPOS DE INTERFAZ GRÁFICA SWING, GUI, AWT",Práctica,practica,"Video: ""Ejercicio práctico: Calculadora en Java Swing"" - Canal: MitoCode <span class='ref-level'>[Intermedio]</span>",,,,https://www.google.com/search?q=Video%3A%20%22Ejercicio%20pr%C3%A1ctico%3A%20Calculadora%20en%20Java%20Swing%22%20-%20Canal%3A%20MitoCode%20%3Cspan%20class%3D'ref-level'%3E%5BIntermedio%5D%3C%2Fspan%3E,pendiente,,,,,,,
Mapa_Programacion_orientada_a_objetos.html:3.4:practica:1,Mapa_Programacion_orientada_a_objetos.html,"PROGRAMACIÓN VISUAL, MANEJO DE EVENTOS Y EXPRESIONES","3.4 · TIPOS DE INTERFAZ GRÁFICA SWING, GUI, AWT",Práctica,practica,"Video: ""Ejercicio resuelto: Mi primera Interfaz Gráfica en Java"" - Canal: HolaMundo <span class='ref-level'>[Básico]</span>",,,,https://www.google.com/search?q=Video%3A%20%22Ejercicio%20resuelto%3A%20Mi%20primera%20Interfaz%20Gr%C3%A1fica%20en%20Java%22%20-%20Canal%3A%20HolaMundo%20%3Cspan%20class%3D'ref-level'%3E%5BB%C3%A1sico%5D%3C%2Fspan%3E,pendiente,,,,,,,
Mapa_Programacion_orientada_a_objetos.html:3.4:practica:2,Mapa_Programacion_orientada_a_objetos.html,"PROGRAMACIÓN VISUAL, MANEJO DE EVENTOS Y EXPRESIONES","3.4 · TIPOS DE INTERFAZ GRÁFICA SWING, GUI, AWT",Práctica,practica,"Libro: ""Aprenda Java como si estuviera en primero"" - Ejercicios propuestos, Cap. 10, pp. 225-230 <span class='ref-level'>[Intermedio]</span>",,,,https://www.google.com/search?q=Libro%3A%20%22Aprenda%20Java%20como%20si%20estuviera%20en%20primero%22%20-%20Ejercicios%20propuestos%2C%20Cap.%2010%2C%20pp.%20225-230%20%3Cspan%20class%3D'ref-level'%3E%5BIntermedio%5D%3C%2Fspan%3E,pendiente,,,,,,,
Mapa_Programacion_orientada_a_objetos.html:3.4:practica:3,Mapa_Programacion_orientada_a_objetos.html,"PROGRAMACIÓN VISUAL, MANEJO DE EVENTOS Y EXPRESIONES","3.4 · TIPOS DE INTERFAZ GRÁFICA SWING, GUI, AWT",Práctica,practica,"Libro: ""Java Notes for Professionals"" - Ejercicios de Swing, Cap. 47, pp. 515-520 <span class='ref-level'>[Intermedio]</span>",,,,https://www.google.com/search?q=Libro%3A%20%22Java%20Notes%20for%20Professionals%22%20-%20Ejercicios%20de%20Swing%2C%20Cap.%2047%2C%20pp.%20515-520%20%3Cspan%20class%3D'ref-level'%3E%5BIntermedio%5D%3C%2Fspan%3E,pendiente,,,,,,,
Mapa_Programacion_orientada_a_objetos.html:3.5:videos:0,Mapa_Programacion_orientada_a_objetos.html,"PROGRAMACIÓN VISUAL, MANEJO DE EVENTOS Y EXPRESIONES",3.5 · EXPLORANDO COMPONENTE GRÁFICO SWING PARA PROYECTO FINAL,Videos,video,Sistema de Ventas en Java Swing (Proyecto Completo) - MitoCode,,,,https://www.youtube.com/results?search_query=Sistema%20de%20Ventas%20en%20Java%20Swing%20(Proyecto%20Completo)%20-%20MitoCode,pendiente,,,,,,,
Mapa_Programacion_orientada_a_objetos.html:3.5:videos:1,Mapa_Programacion_orientada_a_objetos.html,"PROGRAMACIÓN VISUAL, MANEJO DE EVENTOS Y EXPRESIONES",3.5 · EXPLORANDO COMPONENTE GRÁFICO SWING PARA PROYECTO FINAL,Videos,video,Proyecto Java Swing: Crear un CRUD completo - HolaMundo,,,,https://www.youtube.com/results?search_query=Proyecto%20Java%20Swing%3A%20Crear%20un%20CRUD%20completo%20-%20HolaMundo,pendiente,,,,,,,
Mapa_Programacion_orientada_a_objetos.html:3.5:videos:2,Mapa_Programacion_orientada_a_objetos.html,"PROGRAMACIÓN VISUAL, MANEJO DE EVENTOS Y EXPRESIONES",3.5 · EXPLORANDO COMPONENTE GRÁFICO SWING PARA PROYECTO FINAL,Videos,video,Diseño de Interfaz en Java Swing (Componentes Avanzados) - Fazt,,,,https://www.youtube.com/results?search_query=Dise%C3%B1o%20de%20Interfaz%20en%20Java%20Swing%20(Componentes%20Avanzados)%20-%20Fazt,pendiente,,,,,,,
Mapa_Programacion_orientada_a_objetos.html:3.5:videos:3,Mapa_Programacion_orientada_a_objetos.html,"PROGRAMACIÓN VISUAL, MANEJO DE EVENTOS Y EXPRESIONES",3.5 · EXPLORANDO COMPONENTE GRÁFICO SWING PARA PROYECTO FINAL,Videos,video,"Java Swing: JTable, JTextField y JButton - La Geekipedia De Ernesto",,,,https://www.youtube.com/results?search_query=Java%20Swing%3A%20JTable%2C%20JTextField%20y%20JButton%20-%20La%20Geekipedia%20De%20Ernesto,pendiente,,,,,,,
Mapa_Programacion_orientada_a_objetos.html:3.5:videos:4,Mapa_Programacion_orientada_a_objetos.html,"PROGRAMACIÓN VISUAL, MANEJO DE EVENTOS Y EXPRESIONES",3.5 · EXPLORANDO COMPONENTE GRÁFICO SWING PARA PROYECTO FINAL,Videos,video,Construir un proyecto final con Java Swing - Néstor Cancino,,,,https://www.youtube.com/results?search_query=Construir%20un%20proyecto%20final%20con%20Java%20Swing%20-%20N%C3%A9stor%20Cancino,pendiente,,,,,,,
Mapa_Programacion_orientada_a_objetos.html:3.5:biblio:0,Mapa_Programacion_orientada_a_objetos.html,"PROGRAMACIÓN VISUAL, MANEJO DE EVENTOS Y EXPRESIONES",3.5 · EXPLORANDO COMPONENTE GRÁFICO SWING PARA PROYECTO FINAL,Bibliografía,libro,"GoalKicker, ""Java Notes for Professionals"", Cap. 47 ""Swing"", pp. 520-540.",,,,https://www.google.com/search?q=GoalKicker%2C%20%22Java%20Notes%20for%20Professionals%22%2C%20Cap.%2047%20%22Swing%22%2C%20pp.%20520-540.,pendiente,,,,,,,
Mapa_Programacion_orientada_a_objetos.html:3.5:biblio:1,Mapa_Programacion_orientada_a_objetos.html,"PROGRAMACIÓN VISUAL, MANEJO DE EVENTOS Y EXPRESIONES",3.5 · EXPLORANDO COMPONENTE GRÁFICO SWING PARA PROYECTO FINAL,Bibliografía,libro,"Garcia de Jalón, J. et al., ""Aprenda Java como si estuviera en primero"", Cap. 10, pp. 230-245.",,,,https://www.google.com/search?q=Garcia%20de%20Jal%C3%B3n%2C%20J.%20et%20al.%2C%20%22Aprenda%20Java%20como%20si%20estuviera%20en%20primero%22%2C%20Cap.%2010%2C%20pp.%20230-245.,pendiente,,,,,,,
Mapa_Programacion_orientada_a_objetos.html:3.5:biblio:2,Mapa_Programacion_orientada_a_objetos.html,"PROGRAMACIÓN VISUAL, MANEJO DE EVENTOS Y EXPRESIONES",3.5 · EXPLORANDO COMPONENTE GRÁFICO SWING PARA PROYECTO FINAL,Bibliografía,libro,"OpenLibra, ""Creación de Interfaces en Java"", Cap. 3, pp. 60-85.",,,,https://www.google.com/search?q=OpenLibra%2C%20%22Creaci%C3%B3n%20de%20Interfaces%20en%20Java%22%2C%20Cap.%203%2C%20pp.%2060-85.,pendiente,,,,,,,
Mapa_Programacion_orientada_a_objetos.html:3.5:biblio:3,Mapa_Programacion_orientada_a_objetos.html,"PROGRAMACIÓN VISUAL, MANEJO DE EVENTOS Y EXPRESIONES",3.5 · EXPLORANDO COMPONENTE GRÁFICO SWING PARA PROYECTO FINAL,Bibliografía,libro,"Oracle, ""The Java Tutorials / Dev.java: Using Swing Components"", pp. 25-50.",,,,https://www.google.com/search?q=Oracle%2C%20%22The%20Java%20Tutorials%20%2F%20Dev.java%3A%20Using%20Swing%20Components%22%2C%20pp.%2025-50.,pendiente,,,,,,,
Mapa_Programacion_orientada_a_objetos.html:3.5:practica:0,Mapa_Programacion_orientada_a_objetos.html,"PROGRAMACIÓN VISUAL, MANEJO DE EVENTOS Y EXPRESIONES",3.5 · EXPLORANDO COMPONENTE GRÁFICO SWING PARA PROYECTO FINAL,Práctica,practica,"Video: ""Proyecto Java Swing paso a paso (Sistema de Inventario)"" - Canal: MitoCode <span class='ref-level'>[Avanzado]</span>",,,,https://www.google.com/search?q=Video%3A%20%22Proyecto%20Java%20Swing%20paso%20a%20paso%20(Sistema%20de%20Inventario)%22%20-%20Canal%3A%20MitoCode%20%3Cspan%20class%3D'ref-level'%3E%5BAvanzado%5D%3C%2Fspan%3E,pendiente,,,,,,,
Mapa_Programacion_orientada_a_objetos.html:3.5:practica:1,Mapa_Programacion_orientada_a_objetos.html,"PROGRAMACIÓN VISUAL, MANEJO DE EVENTOS Y EXPRESIONES",3.5 · EXPLORANDO COMPONENTE GRÁFICO SWING PARA PROYECTO FINAL,Práctica,practica,"Video: ""Ejercicio: Diseño de Formulario de Registro en Java"" - Canal: HolaMundo <span class='ref-level'>[Intermedio]</span>",,,,https://www.google.com/search?q=Video%3A%20%22Ejercicio%3A%20Dise%C3%B1o%20de%20Formulario%20de%20Registro%20en%20Java%22%20-%20Canal%3A%20HolaMundo%20%3Cspan%20class%3D'ref-level'%3E%5BIntermedio%5D%3C%2Fspan%3E,pendiente,,,,,,,
Mapa_Programacion_orientada_a_objetos.html:3.5:practica:2,Mapa_Programacion_orientada_a_objetos.html,"PROGRAMACIÓN VISUAL, MANEJO DE EVENTOS Y EXPRESIONES",3.5 · EXPLORANDO COMPONENTE GRÁFICO SWING PARA PROYECTO FINAL,Práctica,practica,"Libro: ""Aprenda Java como si estuviera en primero"" - Ejercicios propuestos, Cap. 10, pp. 250-255 <span class='ref-level'>[Avanzado]</span>",,,,https://www.google.com/search?q=Libro%3A%20%22Aprenda%20Java%20como%20si%20estuviera%20en%20primero%22%20-%20Ejercicios%20propuestos%2C%20Cap.%2010%2C%20pp.%20250-255%20%3Cspan%20class%3D'ref-level'%3E%5BAvanzado%5D%3C%2Fspan%3E,pendiente,,,,,,,
Mapa_Programacion_orientada_a_objetos.html:3.5:practica:3,Mapa_Programacion_orientada_a_objetos.html,"PROGRAMACIÓN VISUAL, MANEJO DE EVENTOS Y EXPRESIONES",3.5 · EXPLORANDO COMPONENTE GRÁFICO SWING PARA PROYECTO FINAL,Práctica,practica,"Libro: ""Creación de Interfaces en Java"" - Ejercicios de Componentes, Cap. 3, pp. 90-95 <span class='ref-level'>[Intermedio]</span>",,,,https://www.google.com/search?q=Libro%3A%20%22Creaci%C3%B3n%20de%20Interfaces%20en%20Java%22%20-%20Ejercicios%20de%20Componentes%2C%20Cap.%203%2C%20pp.%2090-95%20%3Cspan%20class%3D'ref-level'%3E%5BIntermedio%5D%3C%2Fspan%3E,pendiente,,,,,,,
Mapa_Programacion_orientada_a_objetos.html:4.1:videos:0,Mapa_Programacion_orientada_a_objetos.html,ADMINISTRACIÓN DE INFORMACIÓN USANDO GESTOR DE BASE DE DATOS,4.1 · PUENTES ENTRE BASE DE DATOS Y PROGRAMA (CONTROL E INTERFAZ GRÁFICA),Videos,video,Conexión a Base de Datos en Java con JDBC - MitoCode,,,,https://www.youtube.com/results?search_query=Conexi%C3%B3n%20a%20Base%20de%20Datos%20en%20Java%20con%20JDBC%20-%20MitoCode,pendiente,,,,,,,
Mapa_Programacion_orientada_a_objetos.html:4.1:videos:1,Mapa_Programacion_orientada_a_objetos.html,ADMINISTRACIÓN DE INFORMACIÓN USANDO GESTOR DE BASE DE DATOS,4.1 · PUENTES ENTRE BASE DE DATOS Y PROGRAMA (CONTROL E INTERFAZ GRÁFICA),Videos,video,Curso Java JDBC #1 - Conexión a MySQL - pildorasinformaticas,,,,https://www.youtube.com/results?search_query=Curso%20Java%20JDBC%20%231%20-%20Conexi%C3%B3n%20a%20MySQL%20-%20pildorasinformaticas,pendiente,,,,,,,
Mapa_Programacion_orientada_a_objetos.html:4.1:videos:2,Mapa_Programacion_orientada_a_objetos.html,ADMINISTRACIÓN DE INFORMACIÓN USANDO GESTOR DE BASE DE DATOS,4.1 · PUENTES ENTRE BASE DE DATOS Y PROGRAMA (CONTROL E INTERFAZ GRÁFICA),Videos,video,Conectar Java a Base de Datos (JDBC y MySQL) - HolaMundo,,,,https://www.youtube.com/results?search_query=Conectar%20Java%20a%20Base%20de%20Datos%20(JDBC%20y%20MySQL)%20-%20HolaMundo,pendiente,,,,,,,
Mapa_Programacion_orientada_a_objetos.html:4.1:videos:3,Mapa_Programacion_orientada_a_objetos.html,ADMINISTRACIÓN DE INFORMACIÓN USANDO GESTOR DE BASE DE DATOS,4.1 · PUENTES ENTRE BASE DE DATOS Y PROGRAMA (CONTROL E INTERFAZ GRÁFICA),Videos,video,"JDBC en Java: Conexión, Insert, Update, Delete - Fazt",,,,https://www.youtube.com/results?search_query=JDBC%20en%20Java%3A%20Conexi%C3%B3n%2C%20Insert%2C%20Update%2C%20Delete%20-%20Fazt,pendiente,,,,,,,
Mapa_Programacion_orientada_a_objetos.html:4.1:videos:4,Mapa_Programacion_orientada_a_objetos.html,ADMINISTRACIÓN DE INFORMACIÓN USANDO GESTOR DE BASE DE DATOS,4.1 · PUENTES ENTRE BASE DE DATOS Y PROGRAMA (CONTROL E INTERFAZ GRÁFICA),Videos,video,Conexión Java-SQL con JDBC - La Geekipedia De Ernesto,,,,https://www.youtube.com/results?search_query=Conexi%C3%B3n%20Java-SQL%20con%20JDBC%20-%20La%20Geekipedia%20De%20Ernesto,pendiente,,,,,,,
Mapa_Programacion_orientada_a_objetos.html:4.1:biblio:0,Mapa_Programacion_orientada_a_objetos.html,ADMINISTRACIÓN DE INFORMACIÓN USANDO GESTOR DE BASE DE DATOS,4.1 · PUENTES ENTRE BASE DE DATOS Y PROGRAMA (CONTROL E INTERFAZ GRÁFICA),Bibliografía,libro,"GoalKicker, ""Java Notes for Professionals"", Cap. 44 ""JDBC"", pp. 460-475.",,,,https://www.google.com/search?q=GoalKicker%2C%20%22Java%20Notes%20for%20Professionals%22%2C%20Cap.%2044%20%22JDBC%22%2C%20pp.%20460-475.,pendiente,,,,,,,
Mapa_Programacion_orientada_a_objetos.html:4.1:biblio:1,Mapa_Programacion_orientada_a_objetos.html,ADMINISTRACIÓN DE INFORMACIÓN USANDO GESTOR DE BASE DE DATOS,4.1 · PUENTES ENTRE BASE DE DATOS Y PROGRAMA (CONTROL E INTERFAZ GRÁFICA),Bibliografía,libro,"Garcia de Jalón, J. et al., ""Aprenda Java como si estuviera en primero"", Cap. 12, pp. 300-320.",,,,https://www.google.com/search?q=Garcia%20de%20Jal%C3%B3n%2C%20J.%20et%20al.%2C%20%22Aprenda%20Java%20como%20si%20estuviera%20en%20primero%22%2C%20Cap.%2012%2C%20pp.%20300-320.,pendiente,,,,,,,
Mapa_Programacion_orientada_a_objetos.html:4.1:biblio:2,Mapa_Programacion_orientada_a_objetos.html,ADMINISTRACIÓN DE INFORMACIÓN USANDO GESTOR DE BASE DE DATOS,4.1 · PUENTES ENTRE BASE DE DATOS Y PROGRAMA (CONTROL E INTERFAZ GRÁFICA),Bibliografía,libro,"Oracle, ""The Java Tutorials / Dev.java: JDBC Basics"", pp. 1-20.",,,,https://www.google.com/search?q=Oracle%2C%20%22The%20Java%20Tutorials%20%2F%20Dev.java%3A%20JDBC%20Basics%22%2C%20pp.%201-20.,pendiente,,,,,,,
Mapa_Programacion_orientada_a_objetos.html:4.1:biblio:3,Mapa_Programacion_orientada_a_objetos.html,ADMINISTRACIÓN DE INFORMACIÓN USANDO GESTOR DE BASE DE DATOS,4.1 · PUENTES ENTRE BASE DE DATOS Y PROGRAMA (CONTROL E INTERFAZ GRÁFICA),Bibliografía,libro,"OpenLibra, ""Acceso a Bases de Datos en Java"", Cap. 1, pp. 10-40.",,,,https://www.google.com/search?q=OpenLibra%2C%20%22Acceso%20a%20Bases%20de%20Datos%20en%20Java%22%2C%20Cap.%201%2C%20pp.%2010-40.,pendiente,,,,,,,
Mapa_Programacion_orientada_a_objetos.html:4.1:practica:0,Mapa_Programacion_orientada_a_objetos.html,ADMINISTRACIÓN DE INFORMACIÓN USANDO GESTOR DE BASE DE DATOS,4.1 · PUENTES ENTRE BASE DE DATOS Y PROGRAMA (CONTROL E INTERFAZ GRÁFICA),Práctica,practica,"Video: ""Ejercicio práctico: Conexión Java-MySQL"" - Canal: MitoCode <span class='ref-level'>[Intermedio]</span>",,,,https://www.google.com/search?q=Video%3A%20%22Ejercicio%20pr%C3%A1ctico%3A%20Conexi%C3%B3n%20Java-MySQL%22%20-%20Canal%3A%20MitoCode%20%3Cspan%20class%3D'ref-level'%3E%5BIntermedio%5D%3C%2Fspan%3E,pendiente,,,,,,,
Mapa_Programacion_orientada_a_objetos.html:4.1:practica:1,Mapa_Programacion_orientada_a_objetos.html,ADMINISTRACIÓN DE INFORMACIÓN USANDO GESTOR DE BASE DE DATOS,4.1 · PUENTES ENTRE BASE DE DATOS Y PROGRAMA (CONTROL E INTERFAZ GRÁFICA),Práctica,practica,"Video: ""Ejercicio resuelto: Insertar datos en BD desde Java"" - Canal: HolaMundo <span class='ref-level'>[Básico]</span>",,,,https://www.google.com/search?q=Video%3A%20%22Ejercicio%20resuelto%3A%20Insertar%20datos%20en%20BD%20desde%20Java%22%20-%20Canal%3A%20HolaMundo%20%3Cspan%20class%3D'ref-level'%3E%5BB%C3%A1sico%5D%3C%2Fspan%3E,pendiente,,,,,,,
Mapa_Programacion_orientada_a_objetos.html:4.1:practica:2,Mapa_Programacion_orientada_a_objetos.html,ADMINISTRACIÓN DE INFORMACIÓN USANDO GESTOR DE BASE DE DATOS,4.1 · PUENTES ENTRE BASE DE DATOS Y PROGRAMA (CONTROL E INTERFAZ GRÁFICA),Práctica,practica,"Libro: ""Aprenda Java como si estuviera en primero"" - Ejercicios propuestos, Cap. 12, pp. 325-330 <span class='ref-level'>[Intermedio]</span>",,,,https://www.google.com/search?q=Libro%3A%20%22Aprenda%20Java%20como%20si%20estuviera%20en%20primero%22%20-%20Ejercicios%20propuestos%2C%20Cap.%2012%2C%20pp.%20325-330%20%3Cspan%20class%3D'ref-level'%3E%5BIntermedio%5D%3C%2Fspan%3E,pendiente,,,,,,,
Mapa_Programacion_orientada_a_objetos.html:4.1:practica:3,Mapa_Programacion_orientada_a_objetos.html,ADMINISTRACIÓN DE INFORMACIÓN USANDO GESTOR DE BASE DE DATOS,4.1 · PUENTES ENTRE BASE DE DATOS Y PROGRAMA (CONTROL E INTERFAZ GRÁFICA),Práctica,practica,"Libro: ""Java Notes for Professionals"" - Ejercicios de JDBC, Cap. 44, pp. 480-485 <span class='ref-level'>[Intermedio]</span>",,,,https://www.google.com/search?q=Libro%3A%20%22Java%20Notes%20for%20Professionals%22%20-%20Ejercicios%20de%20JDBC%2C%20Cap.%2044%2C%20pp.%20480-485%20%3Cspan%20class%3D'ref-level'%3E%5BIntermedio%5D%3C%2Fspan%3E,pendiente,,,,,,,
Mapa_Programacion_orientada_a_objetos.html:4.2:videos:0,Mapa_Programacion_orientada_a_objetos.html,ADMINISTRACIÓN DE INFORMACIÓN USANDO GESTOR DE BASE DE DATOS,"4.2 · SENTENCIAS SQL, ACCESS, ORACLE",Videos,video,Conectar Java con Access usando conector JDBC UCanAccess - Néstor Cancino,,,,https://www.youtube.com/results?search_query=Conectar%20Java%20con%20Access%20usando%20conector%20JDBC%20UCanAccess%20-%20N%C3%A9stor%20Cancino,pendiente,,,,,,,
Mapa_Programacion_orientada_a_objetos.html:4.2:videos:1,Mapa_Programacion_orientada_a_objetos.html,ADMINISTRACIÓN DE INFORMACIÓN USANDO GESTOR DE BASE DE DATOS,"4.2 · SENTENCIAS SQL, ACCESS, ORACLE",Videos,video,Conexión Java con Oracle Database vía JDBC - MitoCode,,,,https://www.youtube.com/results?search_query=Conexi%C3%B3n%20Java%20con%20Oracle%20Database%20v%C3%ADa%20JDBC%20-%20MitoCode,pendiente,,,,,,,
Mapa_Programacion_orientada_a_objetos.html:4.2:videos:2,Mapa_Programacion_orientada_a_objetos.html,ADMINISTRACIÓN DE INFORMACIÓN USANDO GESTOR DE BASE DE DATOS,"4.2 · SENTENCIAS SQL, ACCESS, ORACLE",Videos,video,"Sentencias SQL en Java (Select, Insert, Update, Delete) - HolaMundo",,,,https://www.youtube.com/results?search_query=Sentencias%20SQL%20en%20Java%20(Select%2C%20Insert%2C%20Update%2C%20Delete)%20-%20HolaMundo,pendiente,,,,,,,
Mapa_Programacion_orientada_a_objetos.html:4.2:videos:3,Mapa_Programacion_orientada_a_objetos.html,ADMINISTRACIÓN DE INFORMACIÓN USANDO GESTOR DE BASE DE DATOS,"4.2 · SENTENCIAS SQL, ACCESS, ORACLE",Videos,video,Conectar Java con Base de Datos Oracle - Fazt,,,,https://www.youtube.com/results?search_query=Conectar%20Java%20con%20Base%20de%20Datos%20Oracle%20-%20Fazt,pendiente,,,,,,,
Mapa_Programacion_orientada_a_objetos.html:4.2:videos:4,Mapa_Programacion_orientada_a_objetos.html,ADMINISTRACIÓN DE INFORMACIÓN USANDO GESTOR DE BASE DE DATOS,"4.2 · SENTENCIAS SQL, ACCESS, ORACLE",Videos,video,SQL para Java: CRUD completo - La Geekipedia De Ernesto,,,,https://www.youtube.com/results?search_query=SQL%20para%20Java%3A%20CRUD%20completo%20-%20La%20Geekipedia%20De%20Ernesto,pendiente,,,,,,,
Mapa_Programacion_orientada_a_objetos.html:4.2:biblio:0,Mapa_Programacion_orientada_a_objetos.html,ADMINISTRACIÓN DE INFORMACIÓN USANDO GESTOR DE BASE DE DATOS,"4.2 · SENTENCIAS SQL, ACCESS, ORACLE",Bibliografía,libro,"GoalKicker, ""SQL Notes for Professionals"", Cap. 1 ""Getting started with SQL"", pp. 10-30.",,,,https://www.google.com/search?q=GoalKicker%2C%20%22SQL%20Notes%20for%20Professionals%22%2C%20Cap.%201%20%22Getting%20started%20with%20SQL%22%2C%20pp.%2010-30.,pendiente,,,,,,,
Mapa_Programacion_orientada_a_objetos.html:4.2:biblio:1,Mapa_Programacion_orientada_a_objetos.html,ADMINISTRACIÓN DE INFORMACIÓN USANDO GESTOR DE BASE DE DATOS,"4.2 · SENTENCIAS SQL, ACCESS, ORACLE",Bibliografía,libro,"OpenLibra, ""Fundamentos de Bases de Datos"", Cap. 4 ""SQL"", pp. 80-110.",,,,https://www.google.com/search?q=OpenLibra%2C%20%22Fundamentos%20de%20Bases%20de%20Datos%22%2C%20Cap.%204%20%22SQL%22%2C%20pp.%2080-110.,pendiente,,,,,,,
Mapa_Programacion_orientada_a_objetos.html:4.2:biblio:2,Mapa_Programacion_orientada_a_objetos.html,ADMINISTRACIÓN DE INFORMACIÓN USANDO GESTOR DE BASE DE DATOS,"4.2 · SENTENCIAS SQL, ACCESS, ORACLE",Bibliografía,libro,"Oracle, ""The Java Tutorials / Dev.java: Processing SQL Statements with JDBC"", pp. 1-15.",,,,https://www.google.com/search?q=Oracle%2C%20%22The%20Java%20Tutorials%20%2F%20Dev.java%3A%20Processing%20SQL%20Statements%20with%20JDBC%22%2C%20pp.%201-15.,pendiente,,,,,,,
Mapa_Programacion_orientada_a_objetos.html:4.2:biblio:3,Mapa_Programacion_orientada_a_objetos.html,ADMINISTRACIÓN DE INFORMACIÓN USANDO GESTOR DE BASE DE DATOS,"4.2 · SENTENCIAS SQL, ACCESS, ORACLE",Bibliografía,libro,"Garcia de Jalón, J. et al., ""Aprenda Java como si estuviera en primero"", Cap. 12, pp. 330-345.",,,,https://www.google.com/search?q=Garcia%20de%20Jal%C3%B3n%2C%20J.%20et%20al.%2C%20%22Aprenda%20Java%20como%20si%20estuviera%20en%20primero%22%2C%20Cap.%2012%2C%20pp.%20330-345.,pendiente,,,,,,,
Mapa_Programacion_orientada_a_objetos.html:4.2:practica:0,Mapa_Programacion_orientada_a_objetos.html,ADMINISTRACIÓN DE INFORMACIÓN USANDO GESTOR DE BASE DE DATOS,"4.2 · SENTENCIAS SQL, ACCESS, ORACLE",Práctica,practica,"Video: ""Ejercicio resuelto: Conexión Java con Access / UCanAccess"" - Canal: Néstor Cancino <span class='ref-level'>[Intermedio]</span>",,,,https://www.google.com/search?q=Video%3A%20%22Ejercicio%20resuelto%3A%20Conexi%C3%B3n%20Java%20con%20Access%20%2F%20UCanAccess%22%20-%20Canal%3A%20N%C3%A9stor%20Cancino%20%3Cspan%20class%3D'ref-level'%3E%5BIntermedio%5D%3C%2Fspan%3E,pendiente,,,,,,,
Mapa_Programacion_orientada_a_objetos.html:4.2:practica:1,Mapa_Programacion_orientada_a_objetos.html,ADMINISTRACIÓN DE INFORMACIÓN USANDO GESTOR DE BASE DE DATOS,"4.2 · SENTENCIAS SQL, ACCESS, ORACLE",Práctica,practica,"Video: ""Conexión a Oracle y Ejecución de Queries en Java"" - Canal: MitoCode <span class='ref-level'>[Avanzado]</span>",,,,https://www.google.com/search?q=Video%3A%20%22Conexi%C3%B3n%20a%20Oracle%20y%20Ejecuci%C3%B3n%20de%20Queries%20en%20Java%22%20-%20Canal%3A%20MitoCode%20%3Cspan%20class%3D'ref-level'%3E%5BAvanzado%5D%3C%2Fspan%3E,pendiente,,,,,,,
Mapa_Programacion_orientada_a_objetos.html:4.2:practica:2,Mapa_Programacion_orientada_a_objetos.html,ADMINISTRACIÓN DE INFORMACIÓN USANDO GESTOR DE BASE DE DATOS,"4.2 · SENTENCIAS SQL, ACCESS, ORACLE",Práctica,practica,"Libro: ""Fundamentos de Bases de Datos"" - Ejercicios propuestos, Cap. 4, pp. 115-120 <span class='ref-level'>[Intermedio]</span>",,,,https://www.google.com/search?q=Libro%3A%20%22Fundamentos%20de%20Bases%20de%20Datos%22%20-%20Ejercicios%20propuestos%2C%20Cap.%204%2C%20pp.%20115-120%20%3Cspan%20class%3D'ref-level'%3E%5BIntermedio%5D%3C%2Fspan%3E,pendiente,,,,,,,
Mapa_Programacion_orientada_a_objetos.html:4.2:practica:3,Mapa_Programacion_orientada_a_objetos.html,ADMINISTRACIÓN DE INFORMACIÓN USANDO GESTOR DE BASE DE DATOS,"4.2 · SENTENCIAS SQL, ACCESS, ORACLE",Práctica,practica,"Libro: ""SQL Notes for Professionals"" - Ejercicios de SQL, Cap. 1, pp. 35-40 <span class='ref-level'>[Básico]</span>",,,,https://www.google.com/search?q=Libro%3A%20%22SQL%20Notes%20for%20Professionals%22%20-%20Ejercicios%20de%20SQL%2C%20Cap.%201%2C%20pp.%2035-40%20%3Cspan%20class%3D'ref-level'%3E%5BB%C3%A1sico%5D%3C%2Fspan%3E,pendiente,,,,,,,
Mapa_Programacion_orientada_a_objetos.html:4.3:videos:0,Mapa_Programacion_orientada_a_objetos.html,ADMINISTRACIÓN DE INFORMACIÓN USANDO GESTOR DE BASE DE DATOS,4.3 · ADMINISTRACIÓN DE INFORMACIÓN MEDIANTE PROGRAMA,Videos,video,CRUD en Java con Swing y JDBC (Arquitectura por capas) - MitoCode,,,,https://www.youtube.com/results?search_query=CRUD%20en%20Java%20con%20Swing%20y%20JDBC%20(Arquitectura%20por%20capas)%20-%20MitoCode,pendiente,,,,,,,
Mapa_Programacion_orientada_a_objetos.html:4.3:videos:1,Mapa_Programacion_orientada_a_objetos.html,ADMINISTRACIÓN DE INFORMACIÓN USANDO GESTOR DE BASE DE DATOS,4.3 · ADMINISTRACIÓN DE INFORMACIÓN MEDIANTE PROGRAMA,Videos,video,Sistema de Inventario en Java y MySQL (CRUD) - HolaMundo,,,,https://www.youtube.com/results?search_query=Sistema%20de%20Inventario%20en%20Java%20y%20MySQL%20(CRUD)%20-%20HolaMundo,pendiente,,,,,,,
Mapa_Programacion_orientada_a_objetos.html:4.3:videos:2,Mapa_Programacion_orientada_a_objetos.html,ADMINISTRACIÓN DE INFORMACIÓN USANDO GESTOR DE BASE DE DATOS,4.3 · ADMINISTRACIÓN DE INFORMACIÓN MEDIANTE PROGRAMA,Videos,video,Proyecto Java CRUD + MySQL + Swing - Fazt,,,,https://www.youtube.com/results?search_query=Proyecto%20Java%20CRUD%20%2B%20MySQL%20%2B%20Swing%20-%20Fazt,pendiente,,,,,,,
Mapa_Programacion_orientada_a_objetos.html:4.3:videos:3,Mapa_Programacion_orientada_a_objetos.html,ADMINISTRACIÓN DE INFORMACIÓN USANDO GESTOR DE BASE DE DATOS,4.3 · ADMINISTRACIÓN DE INFORMACIÓN MEDIANTE PROGRAMA,Videos,video,Arquitectura MVC en Java con Base de Datos - La Geekipedia De Ernesto,,,,https://www.youtube.com/results?search_query=Arquitectura%20MVC%20en%20Java%20con%20Base%20de%20Datos%20-%20La%20Geekipedia%20De%20Ernesto,pendiente,,,,,,,
Mapa_Programacion_orientada_a_objetos.html:4.3:videos:4,Mapa_Programacion_orientada_a_objetos.html,ADMINISTRACIÓN DE INFORMACIÓN USANDO GESTOR DE BASE DE DATOS,4.3 · ADMINISTRACIÓN DE INFORMACIÓN MEDIANTE PROGRAMA,Videos,video,Administrar datos en Java con Interfaz Gráfica - Néstor Cancino,,,,https://www.youtube.com/results?search_query=Administrar%20datos%20en%20Java%20con%20Interfaz%20Gr%C3%A1fica%20-%20N%C3%A9stor%20Cancino,pendiente,,,,,,,
Mapa_Programacion_orientada_a_objetos.html:4.3:biblio:0,Mapa_Programacion_orientada_a_objetos.html,ADMINISTRACIÓN DE INFORMACIÓN USANDO GESTOR DE BASE DE DATOS,4.3 · ADMINISTRACIÓN DE INFORMACIÓN MEDIANTE PROGRAMA,Bibliografía,libro,"GoalKicker, ""Software Architecture Notes for Professionals"", Cap. 8 ""MVC Architecture"", pp. 120-135.",,,,https://www.google.com/search?q=GoalKicker%2C%20%22Software%20Architecture%20Notes%20for%20Professionals%22%2C%20Cap.%208%20%22MVC%20Architecture%22%2C%20pp.%20120-135.,pendiente,,,,,,,
Mapa_Programacion_orientada_a_objetos.html:4.3:biblio:1,Mapa_Programacion_orientada_a_objetos.html,ADMINISTRACIÓN DE INFORMACIÓN USANDO GESTOR DE BASE DE DATOS,4.3 · ADMINISTRACIÓN DE INFORMACIÓN MEDIANTE PROGRAMA,Bibliografía,libro,"OpenLibra, ""Ingeniería de Software: Una guía para crear sistemas de información"", Cap. 10, pp. 200-220.",,,,https://www.google.com/search?q=OpenLibra%2C%20%22Ingenier%C3%ADa%20de%20Software%3A%20Una%20gu%C3%ADa%20para%20crear%20sistemas%20de%20informaci%C3%B3n%22%2C%20Cap.%2010%2C%20pp.%20200-220.,pendiente,,,,,,,
Mapa_Programacion_orientada_a_objetos.html:4.3:biblio:2,Mapa_Programacion_orientada_a_objetos.html,ADMINISTRACIÓN DE INFORMACIÓN USANDO GESTOR DE BASE DE DATOS,4.3 · ADMINISTRACIÓN DE INFORMACIÓN MEDIANTE PROGRAMA,Bibliografía,libro,"GoalKicker, ""Java Notes for Professionals"", Cap. 44 ""JDBC"", pp. 490-505.",,,,https://www.google.com/search?q=GoalKicker%2C%20%22Java%20Notes%20for%20Professionals%22%2C%20Cap.%2044%20%22JDBC%22%2C%20pp.%20490-505.,pendiente,,,,,,,
Mapa_Programacion_orientada_a_objetos.html:4.3:biblio:3,Mapa_Programacion_orientada_a_objetos.html,ADMINISTRACIÓN DE INFORMACIÓN USANDO GESTOR DE BASE DE DATOS,4.3 · ADMINISTRACIÓN DE INFORMACIÓN MEDIANTE PROGRAMA,Bibliografía,libro,"Garcia de Jalón, J. et al., ""Aprenda Java como si estuviera en primero"", Cap. 12, pp. 345-360.",,,,https://www.google.com/search?q=Garcia%20de%20Jal%C3%B3n%2C%20J.%20et%20al.%2C%20%22Aprenda%20Java%20como%20si%20estuviera%20en%20primero%22%2C%20Cap.%2012%2C%20pp.%20345-360.,pendiente,,,,,,,
Mapa_Programacion_orientada_a_objetos.html:4.3:practica:0,Mapa_Programacion_orientada_a_objetos.html,ADMINISTRACIÓN DE INFORMACIÓN USANDO GESTOR DE BASE DE DATOS,4.3 · ADMINISTRACIÓN DE INFORMACIÓN MEDIANTE PROGRAMA,Práctica,practica,"Video: ""Ejercicio práctico: CRUD MVC en Java"" - Canal: MitoCode <span class='ref-level'>[Avanzado]</span>",,,,https://www.google.com/search?q=Video%3A%20%22Ejercicio%20pr%C3%A1ctico%3A%20CRUD%20MVC%20en%20Java%22%20-%20Canal%3A%20MitoCode%20%3Cspan%20class%3D'ref-level'%3E%5BAvanzado%5D%3C%2Fspan%3E,pendiente,,,,,,,
Mapa_Programacion_orientada_a_objetos.html:4.3:practica:1,Mapa_Programacion_orientada_a_objetos.html,ADMINISTRACIÓN DE INFORMACIÓN USANDO GESTOR DE BASE DE DATOS,4.3 · ADMINISTRACIÓN DE INFORMACIÓN MEDIANTE PROGRAMA,Práctica,practica,"Video: ""Proyecto paso a paso: Sistema de Registro en Java Swing"" - Canal: HolaMundo <span class='ref-level'>[Avanzado]</span>",,,,https://www.google.com/search?q=Video%3A%20%22Proyecto%20paso%20a%20paso%3A%20Sistema%20de%20Registro%20en%20Java%20Swing%22%20-%20Canal%3A%20HolaMundo%20%3Cspan%20class%3D'ref-level'%3E%5BAvanzado%5D%3C%2Fspan%3E,pendiente,,,,,,,
Mapa_Programacion_orientada_a_objetos.html:4.3:practica:2,Mapa_Programacion_orientada_a_objetos.html,ADMINISTRACIÓN DE INFORMACIÓN USANDO GESTOR DE BASE DE DATOS,4.3 · ADMINISTRACIÓN DE INFORMACIÓN MEDIANTE PROGRAMA,Práctica,practica,"Libro: ""Ingeniería de Software"" - Ejercicios propuestos, Cap. 10, pp. 225-230 <span class='ref-level'>[Avanzado]</span>",,,,https://www.google.com/search?q=Libro%3A%20%22Ingenier%C3%ADa%20de%20Software%22%20-%20Ejercicios%20propuestos%2C%20Cap.%2010%2C%20pp.%20225-230%20%3Cspan%20class%3D'ref-level'%3E%5BAvanzado%5D%3C%2Fspan%3E,pendiente,,,,,,,
Mapa_Programacion_orientada_a_objetos.html:4.3:practica:3,Mapa_Programacion_orientada_a_objetos.html,ADMINISTRACIÓN DE INFORMACIÓN USANDO GESTOR DE BASE DE DATOS,4.3 · ADMINISTRACIÓN DE INFORMACIÓN MEDIANTE PROGRAMA,Práctica,practica,"Libro: ""Software Architecture Notes for Professionals"" - Ejercicios de Arquitectura, Cap. 8, pp. 140-145 <span class='ref-level'>[Avanzado]</span>",,,,https://www.google.com/search?q=Libro%3A%20%22Software%20Architecture%20Notes%20for%20Professionals%22%20-%20Ejercicios%20de%20Arquitectura%2C%20Cap.%208%2C%20pp.%20140-145%20%3Cspan%20class%3D'ref-level'%3E%5BAvanzado%5D%3C%2Fspan%3E,pendiente,,,,,,,
Mapa_Programacion_orientada_a_objetos.html:4.4:videos:0,Mapa_Programacion_orientada_a_objetos.html,ADMINISTRACIÓN DE INFORMACIÓN USANDO GESTOR DE BASE DE DATOS,4.4 · PROYECTO FINAL,Videos,video,Proyecto Final Java Swing + MySQL (Completo) - MitoCode,,,,https://www.youtube.com/results?search_query=Proyecto%20Final%20Java%20Swing%20%2B%20MySQL%20(Completo)%20-%20MitoCode,pendiente,,,,,,,
Mapa_Programacion_orientada_a_objetos.html:4.4:videos:1,Mapa_Programacion_orientada_a_objetos.html,ADMINISTRACIÓN DE INFORMACIÓN USANDO GESTOR DE BASE DE DATOS,4.4 · PROYECTO FINAL,Videos,video,Proyecto de Gestión en Java (Desde cero hasta BD) - HolaMundo,,,,https://www.youtube.com/results?search_query=Proyecto%20de%20Gesti%C3%B3n%20en%20Java%20(Desde%20cero%20hasta%20BD)%20-%20HolaMundo,pendiente,,,,,,,
Mapa_Programacion_orientada_a_objetos.html:4.4:videos:2,Mapa_Programacion_orientada_a_objetos.html,ADMINISTRACIÓN DE INFORMACIÓN USANDO GESTOR DE BASE DE DATOS,4.4 · PROYECTO FINAL,Videos,video,Cómo estructurar un Proyecto de Software en Java - Fazt,,,,https://www.youtube.com/results?search_query=C%C3%B3mo%20estructurar%20un%20Proyecto%20de%20Software%20en%20Java%20-%20Fazt,pendiente,,,,,,,
Mapa_Programacion_orientada_a_objetos.html:4.4:videos:3,Mapa_Programacion_orientada_a_objetos.html,ADMINISTRACIÓN DE INFORMACIÓN USANDO GESTOR DE BASE DE DATOS,4.4 · PROYECTO FINAL,Videos,video,Proyecto Integrador POO Java + BD - Néstor Cancino,,,,https://www.youtube.com/results?search_query=Proyecto%20Integrador%20POO%20Java%20%2B%20BD%20-%20N%C3%A9stor%20Cancino,pendiente,,,,,,,
Mapa_Programacion_orientada_a_objetos.html:4.4:videos:4,Mapa_Programacion_orientada_a_objetos.html,ADMINISTRACIÓN DE INFORMACIÓN USANDO GESTOR DE BASE DE DATOS,4.4 · PROYECTO FINAL,Videos,video,Evaluación y Estructura de Proyectos de Programación en Java - UTP,,,,https://www.youtube.com/results?search_query=Evaluaci%C3%B3n%20y%20Estructura%20de%20Proyectos%20de%20Programaci%C3%B3n%20en%20Java%20-%20UTP,pendiente,,,,,,,
Mapa_Programacion_orientada_a_objetos.html:4.4:biblio:0,Mapa_Programacion_orientada_a_objetos.html,ADMINISTRACIÓN DE INFORMACIÓN USANDO GESTOR DE BASE DE DATOS,4.4 · PROYECTO FINAL,Bibliografía,libro,"Roger S. Pressman & Bruce R. Maxim, ""Ingeniería del Software: Un enfoque práctico"", Cap. 13, pp. 340-368.",,,,https://www.google.com/search?q=Roger%20S.%20Pressman%20%26%20Bruce%20R.%20Maxim%2C%20%22Ingenier%C3%ADa%20del%20Software%3A%20Un%20enfoque%20pr%C3%A1ctico%22%2C%20Cap.%2013%2C%20pp.%20340-368.,pendiente,,,,,,,
Mapa_Programacion_orientada_a_objetos.html:4.4:biblio:1,Mapa_Programacion_orientada_a_objetos.html,ADMINISTRACIÓN DE INFORMACIÓN USANDO GESTOR DE BASE DE DATOS,4.4 · PROYECTO FINAL,Bibliografía,libro,"OpenLibra, ""Gestión de Proyectos de Software"", Cap. 3 ""Ejecución y Monitoreo"", pp. 80-100.",,,,https://www.google.com/search?q=OpenLibra%2C%20%22Gesti%C3%B3n%20de%20Proyectos%20de%20Software%22%2C%20Cap.%203%20%22Ejecuci%C3%B3n%20y%20Monitoreo%22%2C%20pp.%2080-100.,pendiente,,,,,,,
Mapa_Programacion_orientada_a_objetos.html:4.4:biblio:2,Mapa_Programacion_orientada_a_objetos.html,ADMINISTRACIÓN DE INFORMACIÓN USANDO GESTOR DE BASE DE DATOS,4.4 · PROYECTO FINAL,Bibliografía,libro,"GoalKicker, ""Software Architecture Notes for Professionals"", Cap. 15 ""Deployment & Structure"", pp. 200-215.",,,,https://www.google.com/search?q=GoalKicker%2C%20%22Software%20Architecture%20Notes%20for%20Professionals%22%2C%20Cap.%2015%20%22Deployment%20%26%20Structure%22%2C%20pp.%20200-215.,pendiente,,,,,,,
Mapa_Programacion_orientada_a_objetos.html:4.4:biblio:3,Mapa_Programacion_orientada_a_objetos.html,ADMINISTRACIÓN DE INFORMACIÓN USANDO GESTOR DE BASE DE DATOS,4.4 · PROYECTO FINAL,Bibliografía,libro,"Ian Sommerville, ""Ingeniería de Software"", 10ma Ed., Cap. 2 ""Procesos de software"", pp. 42-68.",,,,https://www.google.com/search?q=Ian%20Sommerville%2C%20%22Ingenier%C3%ADa%20de%20Software%22%2C%2010ma%20Ed.%2C%20Cap.%202%20%22Procesos%20de%20software%22%2C%20pp.%2042-68.,pendiente,,,,,,,
Mapa_Programacion_orientada_a_objetos.html:4.4:practica:0,Mapa_Programacion_orientada_a_objetos.html,ADMINISTRACIÓN DE INFORMACIÓN USANDO GESTOR DE BASE DE DATOS,4.4 · PROYECTO FINAL,Práctica,practica,"Video: ""Proyecto Final Java: Sistema de Ventas"" - Canal: MitoCode <span class='ref-level'>[Avanzado]</span>",,,,https://www.google.com/search?q=Video%3A%20%22Proyecto%20Final%20Java%3A%20Sistema%20de%20Ventas%22%20-%20Canal%3A%20MitoCode%20%3Cspan%20class%3D'ref-level'%3E%5BAvanzado%5D%3C%2Fspan%3E,pendiente,,,,,,,
Mapa_Programacion_orientada_a_objetos.html:4.4:practica:1,Mapa_Programacion_orientada_a_objetos.html,ADMINISTRACIÓN DE INFORMACIÓN USANDO GESTOR DE BASE DE DATOS,4.4 · PROYECTO FINAL,Práctica,practica,"Video: ""Defensa de Proyectos de Software: Casos prácticos"" - Canal: UTP <span class='ref-level'>[Avanzado]</span>",,,,https://www.google.com/search?q=Video%3A%20%22Defensa%20de%20Proyectos%20de%20Software%3A%20Casos%20pr%C3%A1cticos%22%20-%20Canal%3A%20UTP%20%3Cspan%20class%3D'ref-level'%3E%5BAvanzado%5D%3C%2Fspan%3E,pendiente,,,,,,,
Mapa_Programacion_orientada_a_objetos.html:4.4:practica:2,Mapa_Programacion_orientada_a_objetos.html,ADMINISTRACIÓN DE INFORMACIÓN USANDO GESTOR DE BASE DE DATOS,4.4 · PROYECTO FINAL,Práctica,practica,"Libro: ""Ingeniería del Software"" (Pressman) - Ejercicios de implementación, Cap. 13, pp. 370-375 <span class='ref-level'>[Avanzado]</span>",,,,https://www.google.com/search?q=Libro%3A%20%22Ingenier%C3%ADa%20del%20Software%22%20(Pressman)%20-%20Ejercicios%20de%20implementaci%C3%B3n%2C%20Cap.%2013%2C%20pp.%20370-375%20%3Cspan%20class%3D'ref-level'%3E%5BAvanzado%5D%3C%2Fspan%3E,pendiente,,,,,,,
Mapa_Programacion_orientada_a_objetos.html:4.4:practica:3,Mapa_Programacion_orientada_a_objetos.html,ADMINISTRACIÓN DE INFORMACIÓN USANDO GESTOR DE BASE DE DATOS,4.4 · PROYECTO FINAL,Práctica,practica,"Libro: ""Software Architecture Notes for Professionals"" - Ejercicios de Despliegue, Cap. 15, pp. 220-225 <span class='ref-level'>[Avanzado]</span>",,,,https://www.google.com/search?q=Libro%3A%20%22Software%20Architecture%20Notes%20for%20Professionals%22%20-%20Ejercicios%20de%20Despliegue%2C%20Cap.%2015%2C%20pp.%20220-225%20%3Cspan%20class%3D'ref-level'%3E%5BAvanzado%5D%3C%2Fspan%3E,pendiente,,,,,,,
Mapa_Algebra_LIneal_y_Geo._Analitica.html:1-1:videos:0,Mapa_Algebra_LIneal_y_Geo._Analitica.html,1 · Vectores en el plano y en el espacio,1-1 · 1.1 Espacio bidimensional ℝ² y tridimensional ℝ³,Videos,video,El Plano Cartesiano y Espacios R2 R3,MateFacil,,,https://www.youtube.com/results?search_query=El%20Plano%20Cartesiano%20y%20Espacios%20R2%20R3%20MateFacil,pendiente,,,,,,,
Mapa_Algebra_LIneal_y_Geo._Analitica.html:1-1:videos:1,Mapa_Algebra_LIneal_y_Geo._Analitica.html,1 · Vectores en el plano y en el espacio,1-1 · 1.1 Espacio bidimensional ℝ² y tridimensional ℝ³,Videos,video,Geometría Analítica: Espacio R3,Javier Santos,,,https://www.youtube.com/results?search_query=Geometr%C3%ADa%20Anal%C3%ADtica%3A%20Espacio%20R3%20Javier%20Santos,pendiente,,,,,,,
Mapa_Algebra_LIneal_y_Geo._Analitica.html:1-1:videos:2,Mapa_Algebra_LIneal_y_Geo._Analitica.html,1 · Vectores en el plano y en el espacio,1-1 · 1.1 Espacio bidimensional ℝ² y tridimensional ℝ³,Videos,video,Vectores en el plano y en el espacio (Clase Completa),Unicoos,,,https://www.youtube.com/results?search_query=Vectores%20en%20el%20plano%20y%20en%20el%20espacio%20(Clase%20Completa)%20Unicoos,pendiente,,,,,,,
Mapa_Algebra_LIneal_y_Geo._Analitica.html:1-1:videos:3,Mapa_Algebra_LIneal_y_Geo._Analitica.html,1 · Vectores en el plano y en el espacio,1-1 · 1.1 Espacio bidimensional ℝ² y tridimensional ℝ³,Videos,video,Espacios Vectoriales — Introducción detallada,Eduardo Espinoza,,,https://www.youtube.com/results?search_query=Espacios%20Vectoriales%20%E2%80%94%20Introducci%C3%B3n%20detallada%20Eduardo%20Espinoza,pendiente,,,,,,,
Mapa_Algebra_LIneal_y_Geo._Analitica.html:1-1:videos:4,Mapa_Algebra_LIneal_y_Geo._Analitica.html,1 · Vectores en el plano y en el espacio,1-1 · 1.1 Espacio bidimensional ℝ² y tridimensional ℝ³,Videos,video,Sistemas de Coordenadas en R2 y R3,Mathias Kolczyn,,,https://www.youtube.com/results?search_query=Sistemas%20de%20Coordenadas%20en%20R2%20y%20R3%20Mathias%20Kolczyn,pendiente,,,,,,,
Mapa_Algebra_LIneal_y_Geo._Analitica.html:1-1:practica:0,Mapa_Algebra_LIneal_y_Geo._Analitica.html,1 · Vectores en el plano y en el espacio,1-1 · 1.1 Espacio bidimensional ℝ² y tridimensional ℝ³,Práctica,practica,"OpenStax — Álgebra y Trigonometría, Ejercicios Cap. 8, pp. 580-582",,,,https://www.google.com/search?q=OpenStax%20%E2%80%94%20%C3%81lgebra%20y%20Trigonometr%C3%ADa%2C%20Ejercicios%20Cap.%208%2C%20pp.%20580-582,pendiente,,,,,,,
Mapa_Algebra_LIneal_y_Geo._Analitica.html:1-1:practica:1,Mapa_Algebra_LIneal_y_Geo._Analitica.html,1 · Vectores en el plano y en el espacio,1-1 · 1.1 Espacio bidimensional ℝ² y tridimensional ℝ³,Práctica,practica,Taller práctico de Geometría Analítica — Espacios R² y R³,,,,https://www.google.com/search?q=Taller%20pr%C3%A1ctico%20de%20Geometr%C3%ADa%20Anal%C3%ADtica%20%E2%80%94%20Espacios%20R%C2%B2%20y%20R%C2%B3,pendiente,,,,,,,
Mapa_Algebra_LIneal_y_Geo._Analitica.html:1-1:practica:2,Mapa_Algebra_LIneal_y_Geo._Analitica.html,1 · Vectores en el plano y en el espacio,1-1 · 1.1 Espacio bidimensional ℝ² y tridimensional ℝ³,Práctica,practica,Problemas resueltos de ℝ² y ℝ³ (videos MateFacil),,,,https://www.google.com/search?q=Problemas%20resueltos%20de%20%E2%84%9D%C2%B2%20y%20%E2%84%9D%C2%B3%20(videos%20MateFacil),pendiente,,,,,,,
Mapa_Algebra_LIneal_y_Geo._Analitica.html:1-1:practica:3,Mapa_Algebra_LIneal_y_Geo._Analitica.html,1 · Vectores en el plano y en el espacio,1-1 · 1.1 Espacio bidimensional ℝ² y tridimensional ℝ³,Práctica,practica,"Hefferon, J. — Álgebra Lineal, Ejercicios Sección 1.1, pp. 35-38",,,,https://www.google.com/search?q=Hefferon%2C%20J.%20%E2%80%94%20%C3%81lgebra%20Lineal%2C%20Ejercicios%20Secci%C3%B3n%201.1%2C%20pp.%2035-38,pendiente,,,,,,,
Mapa_Algebra_LIneal_y_Geo._Analitica.html:1-1:practica:4,Mapa_Algebra_LIneal_y_Geo._Analitica.html,1 · Vectores en el plano y en el espacio,1-1 · 1.1 Espacio bidimensional ℝ² y tridimensional ℝ³,Práctica,practica,"Ejercicios propuestos — Grossman, Cap. 3, pp. 145-148",,,,https://www.google.com/search?q=Ejercicios%20propuestos%20%E2%80%94%20Grossman%2C%20Cap.%203%2C%20pp.%20145-148,pendiente,,,,,,,
Mapa_Algebra_LIneal_y_Geo._Analitica.html:1-2:videos:0,Mapa_Algebra_LIneal_y_Geo._Analitica.html,1 · Vectores en el plano y en el espacio,1-2 · 1.2 Vectores en ℝ² y en ℝ³,Videos,video,Vectores en R3 — Toda la teoría,MateFacil,,,https://www.youtube.com/results?search_query=Vectores%20en%20R3%20%E2%80%94%20Toda%20la%20teor%C3%ADa%20MateFacil,pendiente,,,,,,,
Mapa_Algebra_LIneal_y_Geo._Analitica.html:1-2:videos:1,Mapa_Algebra_LIneal_y_Geo._Analitica.html,1 · Vectores en el plano y en el espacio,1-2 · 1.2 Vectores en ℝ² y en ℝ³,Videos,video,Álgebra de Vectores (Clase Universitaria),Eduardo Espinoza,,,https://www.youtube.com/results?search_query=%C3%81lgebra%20de%20Vectores%20(Clase%20Universitaria)%20Eduardo%20Espinoza,pendiente,,,,,,,
Mapa_Algebra_LIneal_y_Geo._Analitica.html:1-2:videos:2,Mapa_Algebra_LIneal_y_Geo._Analitica.html,1 · Vectores en el plano y en el espacio,1-2 · 1.2 Vectores en ℝ² y en ℝ³,Videos,video,Vectores: Concepto y Operaciones,Unicoos,,,https://www.youtube.com/results?search_query=Vectores%3A%20Concepto%20y%20Operaciones%20Unicoos,pendiente,,,,,,,
Mapa_Algebra_LIneal_y_Geo._Analitica.html:1-2:videos:3,Mapa_Algebra_LIneal_y_Geo._Analitica.html,1 · Vectores en el plano y en el espacio,1-2 · 1.2 Vectores en ℝ² y en ℝ³,Videos,video,Introducción a los Vectores en el Espacio,Tareasplus,,,https://www.youtube.com/results?search_query=Introducci%C3%B3n%20a%20los%20Vectores%20en%20el%20Espacio%20Tareasplus,pendiente,,,,,,,
Mapa_Algebra_LIneal_y_Geo._Analitica.html:1-2:videos:4,Mapa_Algebra_LIneal_y_Geo._Analitica.html,1 · Vectores en el plano y en el espacio,1-2 · 1.2 Vectores en ℝ² y en ℝ³,Videos,video,"Suma, Resta y Producto por Escalar de Vectores",Profe Alex,,,https://www.youtube.com/results?search_query=Suma%2C%20Resta%20y%20Producto%20por%20Escalar%20de%20Vectores%20Profe%20Alex,pendiente,,,,,,,
Mapa_Algebra_LIneal_y_Geo._Analitica.html:1-2:practica:0,Mapa_Algebra_LIneal_y_Geo._Analitica.html,1 · Vectores en el plano y en el espacio,1-2 · 1.2 Vectores en ℝ² y en ℝ³,Práctica,practica,"Larson, R. — Ejercicios 1.2, pp. 45-47",,,,https://www.google.com/search?q=Larson%2C%20R.%20%E2%80%94%20Ejercicios%201.2%2C%20pp.%2045-47,pendiente,,,,,,,
Mapa_Algebra_LIneal_y_Geo._Analitica.html:1-2:practica:1,Mapa_Algebra_LIneal_y_Geo._Analitica.html,1 · Vectores en el plano y en el espacio,1-2 · 1.2 Vectores en ℝ² y en ℝ³,Práctica,practica,Ejercicios resueltos de suma y producto por escalar (MateFacil),,,,https://www.google.com/search?q=Ejercicios%20resueltos%20de%20suma%20y%20producto%20por%20escalar%20(MateFacil),pendiente,,,,,,,
Mapa_Algebra_LIneal_y_Geo._Analitica.html:1-2:practica:2,Mapa_Algebra_LIneal_y_Geo._Analitica.html,1 · Vectores en el plano y en el espacio,1-2 · 1.2 Vectores en ℝ² y en ℝ³,Práctica,practica,"Beezer, R. — Ejercicios Sección 2, pp. 95-98",,,,https://www.google.com/search?q=Beezer%2C%20R.%20%E2%80%94%20Ejercicios%20Secci%C3%B3n%202%2C%20pp.%2095-98,pendiente,,,,,,,
Mapa_Algebra_LIneal_y_Geo._Analitica.html:1-2:practica:3,Mapa_Algebra_LIneal_y_Geo._Analitica.html,1 · Vectores en el plano y en el espacio,1-2 · 1.2 Vectores en ℝ² y en ℝ³,Práctica,practica,"Lehmann, C. — Problemas Cap. 5, pp. 196-198",,,,https://www.google.com/search?q=Lehmann%2C%20C.%20%E2%80%94%20Problemas%20Cap.%205%2C%20pp.%20196-198,pendiente,,,,,,,
Mapa_Algebra_LIneal_y_Geo._Analitica.html:1-2:practica:4,Mapa_Algebra_LIneal_y_Geo._Analitica.html,1 · Vectores en el plano y en el espacio,1-2 · 1.2 Vectores en ℝ² y en ℝ³,Práctica,practica,Taller de operaciones vectoriales en R³ (Unicoos),,,,https://www.google.com/search?q=Taller%20de%20operaciones%20vectoriales%20en%20R%C2%B3%20(Unicoos),pendiente,,,,,,,
Mapa_Algebra_LIneal_y_Geo._Analitica.html:1-3:videos:0,Mapa_Algebra_LIneal_y_Geo._Analitica.html,1 · Vectores en el plano y en el espacio,1-3 · 1.3 Características y propiedades de los vectores,Videos,video,Magnitud y dirección de un vector,Profe Alex,,,https://www.youtube.com/results?search_query=Magnitud%20y%20direcci%C3%B3n%20de%20un%20vector%20Profe%20Alex,pendiente,,,,,,,
Mapa_Algebra_LIneal_y_Geo._Analitica.html:1-3:videos:1,Mapa_Algebra_LIneal_y_Geo._Analitica.html,1 · Vectores en el plano y en el espacio,1-3 · 1.3 Características y propiedades de los vectores,Videos,video,Propiedades de los Vectores (Clase Completa),Mathias Kolczyn,,,https://www.youtube.com/results?search_query=Propiedades%20de%20los%20Vectores%20(Clase%20Completa)%20Mathias%20Kolczyn,pendiente,,,,,,,
Mapa_Algebra_LIneal_y_Geo._Analitica.html:1-3:videos:2,Mapa_Algebra_LIneal_y_Geo._Analitica.html,1 · Vectores en el plano y en el espacio,1-3 · 1.3 Características y propiedades de los vectores,Videos,video,Norma de un vector en R2 y R3,MateFacil,,,https://www.youtube.com/results?search_query=Norma%20de%20un%20vector%20en%20R2%20y%20R3%20MateFacil,pendiente,,,,,,,
Mapa_Algebra_LIneal_y_Geo._Analitica.html:1-3:videos:3,Mapa_Algebra_LIneal_y_Geo._Analitica.html,1 · Vectores en el plano y en el espacio,1-3 · 1.3 Características y propiedades de los vectores,Videos,video,Teoría de Vectores y sus Aplicaciones,Eduardo Espinoza,,,https://www.youtube.com/results?search_query=Teor%C3%ADa%20de%20Vectores%20y%20sus%20Aplicaciones%20Eduardo%20Espinoza,pendiente,,,,,,,
Mapa_Algebra_LIneal_y_Geo._Analitica.html:1-3:videos:4,Mapa_Algebra_LIneal_y_Geo._Analitica.html,1 · Vectores en el plano y en el espacio,1-3 · 1.3 Características y propiedades de los vectores,Videos,video,Vector Unitario — Teoría y Ejercicios,Unicoos,,,https://www.youtube.com/results?search_query=Vector%20Unitario%20%E2%80%94%20Teor%C3%ADa%20y%20Ejercicios%20Unicoos,pendiente,,,,,,,
Mapa_Algebra_LIneal_y_Geo._Analitica.html:1-3:practica:0,Mapa_Algebra_LIneal_y_Geo._Analitica.html,1 · Vectores en el plano y en el espacio,1-3 · 1.3 Características y propiedades de los vectores,Práctica,practica,"OpenStax — Ejercicios de norma y dirección, pp. 590-592",,,,https://www.google.com/search?q=OpenStax%20%E2%80%94%20Ejercicios%20de%20norma%20y%20direcci%C3%B3n%2C%20pp.%20590-592,pendiente,,,,,,,
Mapa_Algebra_LIneal_y_Geo._Analitica.html:1-3:practica:1,Mapa_Algebra_LIneal_y_Geo._Analitica.html,1 · Vectores en el plano y en el espacio,1-3 · 1.3 Características y propiedades de los vectores,Práctica,practica,Ejercicios de norma y vector unitario (videos MateFacil),,,,https://www.google.com/search?q=Ejercicios%20de%20norma%20y%20vector%20unitario%20(videos%20MateFacil),pendiente,,,,,,,
Mapa_Algebra_LIneal_y_Geo._Analitica.html:1-3:practica:2,Mapa_Algebra_LIneal_y_Geo._Analitica.html,1 · Vectores en el plano y en el espacio,1-3 · 1.3 Características y propiedades de los vectores,Práctica,practica,Taller de propiedades vectoriales (Eduardo Espinoza),,,,https://www.google.com/search?q=Taller%20de%20propiedades%20vectoriales%20(Eduardo%20Espinoza),pendiente,,,,,,,
Mapa_Algebra_LIneal_y_Geo._Analitica.html:1-3:practica:3,Mapa_Algebra_LIneal_y_Geo._Analitica.html,1 · Vectores en el plano y en el espacio,1-3 · 1.3 Características y propiedades de los vectores,Práctica,practica,"Grossman, S. — Ejercicios 3.3, pp. 140-142",,,,https://www.google.com/search?q=Grossman%2C%20S.%20%E2%80%94%20Ejercicios%203.3%2C%20pp.%20140-142,pendiente,,,,,,,
Mapa_Algebra_LIneal_y_Geo._Analitica.html:1-3:practica:4,Mapa_Algebra_LIneal_y_Geo._Analitica.html,1 · Vectores en el plano y en el espacio,1-3 · 1.3 Características y propiedades de los vectores,Práctica,practica,"Problemas de vectores unitarios en R³ — Larson, pp. 61-64",,,,https://www.google.com/search?q=Problemas%20de%20vectores%20unitarios%20en%20R%C2%B3%20%E2%80%94%20Larson%2C%20pp.%2061-64,pendiente,,,,,,,
Mapa_Algebra_LIneal_y_Geo._Analitica.html:1-4:videos:0,Mapa_Algebra_LIneal_y_Geo._Analitica.html,1 · Vectores en el plano y en el espacio,1-4 · 1.4 Ángulo entre vectores y descomposición,Videos,video,Producto Punto y Ángulo entre Vectores,MateFacil,,,https://www.youtube.com/results?search_query=Producto%20Punto%20y%20%C3%81ngulo%20entre%20Vectores%20MateFacil,pendiente,,,,,,,
Mapa_Algebra_LIneal_y_Geo._Analitica.html:1-4:videos:1,Mapa_Algebra_LIneal_y_Geo._Analitica.html,1 · Vectores en el plano y en el espacio,1-4 · 1.4 Ángulo entre vectores y descomposición,Videos,video,Descomposición de vectores (Clase Completa),Unicoos,,,https://www.youtube.com/results?search_query=Descomposici%C3%B3n%20de%20vectores%20(Clase%20Completa)%20Unicoos,pendiente,,,,,,,
Mapa_Algebra_LIneal_y_Geo._Analitica.html:1-4:videos:2,Mapa_Algebra_LIneal_y_Geo._Analitica.html,1 · Vectores en el plano y en el espacio,1-4 · 1.4 Ángulo entre vectores y descomposición,Videos,video,Proyecciones Vectoriales,Eduardo Espinoza,,,https://www.youtube.com/results?search_query=Proyecciones%20Vectoriales%20Eduardo%20Espinoza,pendiente,,,,,,,
Mapa_Algebra_LIneal_y_Geo._Analitica.html:1-4:videos:3,Mapa_Algebra_LIneal_y_Geo._Analitica.html,1 · Vectores en el plano y en el espacio,1-4 · 1.4 Ángulo entre vectores y descomposición,Videos,video,Ángulos directores y vectores en R3,Javier Santos,,,https://www.youtube.com/results?search_query=%C3%81ngulos%20directores%20y%20vectores%20en%20R3%20Javier%20Santos,pendiente,,,,,,,
Mapa_Algebra_LIneal_y_Geo._Analitica.html:1-4:videos:4,Mapa_Algebra_LIneal_y_Geo._Analitica.html,1 · Vectores en el plano y en el espacio,1-4 · 1.4 Ángulo entre vectores y descomposición,Videos,video,Componentes escalares y vectoriales de un vector,Profe Alex,,,https://www.youtube.com/results?search_query=Componentes%20escalares%20y%20vectoriales%20de%20un%20vector%20Profe%20Alex,pendiente,,,,,,,
Mapa_Algebra_LIneal_y_Geo._Analitica.html:1-4:practica:0,Mapa_Algebra_LIneal_y_Geo._Analitica.html,1 · Vectores en el plano y en el espacio,1-4 · 1.4 Ángulo entre vectores y descomposición,Práctica,practica,"OpenStax — Práctica de vectores, pp. 610-615",,,,https://www.google.com/search?q=OpenStax%20%E2%80%94%20Pr%C3%A1ctica%20de%20vectores%2C%20pp.%20610-615,pendiente,,,,,,,
Mapa_Algebra_LIneal_y_Geo._Analitica.html:1-4:practica:1,Mapa_Algebra_LIneal_y_Geo._Analitica.html,1 · Vectores en el plano y en el espacio,1-4 · 1.4 Ángulo entre vectores y descomposición,Práctica,practica,"Larson, R. — Ejercicios de producto punto, pp. 78-80",,,,https://www.google.com/search?q=Larson%2C%20R.%20%E2%80%94%20Ejercicios%20de%20producto%20punto%2C%20pp.%2078-80,pendiente,,,,,,,
Mapa_Algebra_LIneal_y_Geo._Analitica.html:1-4:practica:2,Mapa_Algebra_LIneal_y_Geo._Analitica.html,1 · Vectores en el plano y en el espacio,1-4 · 1.4 Ángulo entre vectores y descomposición,Práctica,practica,"Lehmann, C. — Ejercicios de ángulos, pp. 215-218",,,,https://www.google.com/search?q=Lehmann%2C%20C.%20%E2%80%94%20Ejercicios%20de%20%C3%A1ngulos%2C%20pp.%20215-218,pendiente,,,,,,,
Mapa_Algebra_LIneal_y_Geo._Analitica.html:1-4:practica:3,Mapa_Algebra_LIneal_y_Geo._Analitica.html,1 · Vectores en el plano y en el espacio,1-4 · 1.4 Ángulo entre vectores y descomposición,Práctica,practica,Problemas de proyección y descomposición vectorial (videos MateFacil),,,,https://www.google.com/search?q=Problemas%20de%20proyecci%C3%B3n%20y%20descomposici%C3%B3n%20vectorial%20(videos%20MateFacil),pendiente,,,,,,,
Mapa_Algebra_LIneal_y_Geo._Analitica.html:1-4:practica:4,Mapa_Algebra_LIneal_y_Geo._Analitica.html,1 · Vectores en el plano y en el espacio,1-4 · 1.4 Ángulo entre vectores y descomposición,Práctica,practica,Taller de cosenos directores — Javier Santos,,,,https://www.google.com/search?q=Taller%20de%20cosenos%20directores%20%E2%80%94%20Javier%20Santos,pendiente,,,,,,,
Mapa_Algebra_LIneal_y_Geo._Analitica.html:2-1:videos:0,Mapa_Algebra_LIneal_y_Geo._Analitica.html,2 · Rectas en el plano cartesiano. Rectas y planos en el espacio,2-1 · 2.1 Ecuaciones de la recta en el plano y el espacio,Videos,video,Ecuaciones de la recta en R2 y R3,MateFacil,,,https://www.youtube.com/results?search_query=Ecuaciones%20de%20la%20recta%20en%20R2%20y%20R3%20MateFacil,pendiente,,,,,,,
Mapa_Algebra_LIneal_y_Geo._Analitica.html:2-1:videos:1,Mapa_Algebra_LIneal_y_Geo._Analitica.html,2 · Rectas en el plano cartesiano. Rectas y planos en el espacio,2-1 · 2.1 Ecuaciones de la recta en el plano y el espacio,Videos,video,Rectas en el espacio (Paramétricas y Simétricas),Javier Santos,,,https://www.youtube.com/results?search_query=Rectas%20en%20el%20espacio%20(Param%C3%A9tricas%20y%20Sim%C3%A9tricas)%20Javier%20Santos,pendiente,,,,,,,
Mapa_Algebra_LIneal_y_Geo._Analitica.html:2-1:videos:2,Mapa_Algebra_LIneal_y_Geo._Analitica.html,2 · Rectas en el plano cartesiano. Rectas y planos en el espacio,2-1 · 2.1 Ecuaciones de la recta en el plano y el espacio,Videos,video,Geometría Analítica — La Recta (Clase Completa),Unicoos,,,https://www.youtube.com/results?search_query=Geometr%C3%ADa%20Anal%C3%ADtica%20%E2%80%94%20La%20Recta%20(Clase%20Completa)%20Unicoos,pendiente,,,,,,,
Mapa_Algebra_LIneal_y_Geo._Analitica.html:2-1:videos:3,Mapa_Algebra_LIneal_y_Geo._Analitica.html,2 · Rectas en el plano cartesiano. Rectas y planos en el espacio,2-1 · 2.1 Ecuaciones de la recta en el plano y el espacio,Videos,video,Ecuaciones de rectas en 3D,Mathias Kolczyn,,,https://www.youtube.com/results?search_query=Ecuaciones%20de%20rectas%20en%203D%20Mathias%20Kolczyn,pendiente,,,,,,,
Mapa_Algebra_LIneal_y_Geo._Analitica.html:2-1:videos:4,Mapa_Algebra_LIneal_y_Geo._Analitica.html,2 · Rectas en el plano cartesiano. Rectas y planos en el espacio,2-1 · 2.1 Ecuaciones de la recta en el plano y el espacio,Videos,video,Recta en el plano: todas sus formas,Profe Alex,,,https://www.youtube.com/results?search_query=Recta%20en%20el%20plano%3A%20todas%20sus%20formas%20Profe%20Alex,pendiente,,,,,,,
Mapa_Algebra_LIneal_y_Geo._Analitica.html:2-1:practica:0,Mapa_Algebra_LIneal_y_Geo._Analitica.html,2 · Rectas en el plano cartesiano. Rectas y planos en el espacio,2-1 · 2.1 Ecuaciones de la recta en el plano y el espacio,Práctica,practica,"Larson, R. — Problemas sobre rectas, pp. 441-444",,,,https://www.google.com/search?q=Larson%2C%20R.%20%E2%80%94%20Problemas%20sobre%20rectas%2C%20pp.%20441-444,pendiente,,,,,,,
Mapa_Algebra_LIneal_y_Geo._Analitica.html:2-1:practica:1,Mapa_Algebra_LIneal_y_Geo._Analitica.html,2 · Rectas en el plano cartesiano. Rectas y planos en el espacio,2-1 · 2.1 Ecuaciones de la recta en el plano y el espacio,Práctica,practica,Taller de ecuaciones de la recta (videos Unicoos),,,,https://www.google.com/search?q=Taller%20de%20ecuaciones%20de%20la%20recta%20(videos%20Unicoos),pendiente,,,,,,,
Mapa_Algebra_LIneal_y_Geo._Analitica.html:2-1:practica:2,Mapa_Algebra_LIneal_y_Geo._Analitica.html,2 · Rectas en el plano cartesiano. Rectas y planos en el espacio,2-1 · 2.1 Ecuaciones de la recta en el plano y el espacio,Práctica,practica,"Lehmann, C. — Ejercicios Cap. 2, pp. 71-75",,,,https://www.google.com/search?q=Lehmann%2C%20C.%20%E2%80%94%20Ejercicios%20Cap.%202%2C%20pp.%2071-75,pendiente,,,,,,,
Mapa_Algebra_LIneal_y_Geo._Analitica.html:2-1:practica:3,Mapa_Algebra_LIneal_y_Geo._Analitica.html,2 · Rectas en el plano cartesiano. Rectas y planos en el espacio,2-1 · 2.1 Ecuaciones de la recta en el plano y el espacio,Práctica,practica,Ejercicios resueltos de rectas en el espacio (MateFacil),,,,https://www.google.com/search?q=Ejercicios%20resueltos%20de%20rectas%20en%20el%20espacio%20(MateFacil),pendiente,,,,,,,
Mapa_Algebra_LIneal_y_Geo._Analitica.html:2-1:practica:4,Mapa_Algebra_LIneal_y_Geo._Analitica.html,2 · Rectas en el plano cartesiano. Rectas y planos en el espacio,2-1 · 2.1 Ecuaciones de la recta en el plano y el espacio,Práctica,practica,"Problemas paramétricos y simétricos — Anton, pp. 70-72",,,,https://www.google.com/search?q=Problemas%20param%C3%A9tricos%20y%20sim%C3%A9tricos%20%E2%80%94%20Anton%2C%20pp.%2070-72,pendiente,,,,,,,
Mapa_Algebra_LIneal_y_Geo._Analitica.html:2-2:videos:0,Mapa_Algebra_LIneal_y_Geo._Analitica.html,2 · Rectas en el plano cartesiano. Rectas y planos en el espacio,2-2 · 2.2 Ecuaciones de un plano en el espacio,Videos,video,Ecuación del plano en R3 (Teoría completa),MateFacil,,,https://www.youtube.com/results?search_query=Ecuaci%C3%B3n%20del%20plano%20en%20R3%20(Teor%C3%ADa%20completa)%20MateFacil,pendiente,,,,,,,
Mapa_Algebra_LIneal_y_Geo._Analitica.html:2-2:videos:1,Mapa_Algebra_LIneal_y_Geo._Analitica.html,2 · Rectas en el plano cartesiano. Rectas y planos en el espacio,2-2 · 2.2 Ecuaciones de un plano en el espacio,Videos,video,Planos en el espacio tridimensional,Eduardo Espinoza,,,https://www.youtube.com/results?search_query=Planos%20en%20el%20espacio%20tridimensional%20Eduardo%20Espinoza,pendiente,,,,,,,
Mapa_Algebra_LIneal_y_Geo._Analitica.html:2-2:videos:2,Mapa_Algebra_LIneal_y_Geo._Analitica.html,2 · Rectas en el plano cartesiano. Rectas y planos en el espacio,2-2 · 2.2 Ecuaciones de un plano en el espacio,Videos,video,Geometría en 3D: Planos,Javier Santos,,,https://www.youtube.com/results?search_query=Geometr%C3%ADa%20en%203D%3A%20Planos%20Javier%20Santos,pendiente,,,,,,,
Mapa_Algebra_LIneal_y_Geo._Analitica.html:2-2:videos:3,Mapa_Algebra_LIneal_y_Geo._Analitica.html,2 · Rectas en el plano cartesiano. Rectas y planos en el espacio,2-2 · 2.2 Ecuaciones de un plano en el espacio,Videos,video,Ecuaciones de Planos y sus Aplicaciones,Mathias Kolczyn,,,https://www.youtube.com/results?search_query=Ecuaciones%20de%20Planos%20y%20sus%20Aplicaciones%20Mathias%20Kolczyn,pendiente,,,,,,,
Mapa_Algebra_LIneal_y_Geo._Analitica.html:2-2:videos:4,Mapa_Algebra_LIneal_y_Geo._Analitica.html,2 · Rectas en el plano cartesiano. Rectas y planos en el espacio,2-2 · 2.2 Ecuaciones de un plano en el espacio,Videos,video,Plano en el espacio — Vectores normales,Unicoos,,,https://www.youtube.com/results?search_query=Plano%20en%20el%20espacio%20%E2%80%94%20Vectores%20normales%20Unicoos,pendiente,,,,,,,
Mapa_Algebra_LIneal_y_Geo._Analitica.html:2-2:practica:0,Mapa_Algebra_LIneal_y_Geo._Analitica.html,2 · Rectas en el plano cartesiano. Rectas y planos en el espacio,2-2 · 2.2 Ecuaciones de un plano en el espacio,Práctica,practica,"Larson, R. — Problemas de planos, pp. 95-98",,,,https://www.google.com/search?q=Larson%2C%20R.%20%E2%80%94%20Problemas%20de%20planos%2C%20pp.%2095-98,pendiente,,,,,,,
Mapa_Algebra_LIneal_y_Geo._Analitica.html:2-2:practica:1,Mapa_Algebra_LIneal_y_Geo._Analitica.html,2 · Rectas en el plano cartesiano. Rectas y planos en el espacio,2-2 · 2.2 Ecuaciones de un plano en el espacio,Práctica,practica,"Lehmann, C. — Ejercicios sobre planos, pp. 241-245",,,,https://www.google.com/search?q=Lehmann%2C%20C.%20%E2%80%94%20Ejercicios%20sobre%20planos%2C%20pp.%20241-245,pendiente,,,,,,,
Mapa_Algebra_LIneal_y_Geo._Analitica.html:2-2:practica:2,Mapa_Algebra_LIneal_y_Geo._Analitica.html,2 · Rectas en el plano cartesiano. Rectas y planos en el espacio,2-2 · 2.2 Ecuaciones de un plano en el espacio,Práctica,practica,Ejercicios de planos y trazas (videos Javier Santos),,,,https://www.google.com/search?q=Ejercicios%20de%20planos%20y%20trazas%20(videos%20Javier%20Santos),pendiente,,,,,,,
Mapa_Algebra_LIneal_y_Geo._Analitica.html:2-2:practica:3,Mapa_Algebra_LIneal_y_Geo._Analitica.html,2 · Rectas en el plano cartesiano. Rectas y planos en el espacio,2-2 · 2.2 Ecuaciones de un plano en el espacio,Práctica,practica,"OpenStax — Cálculo Volumen 3, Sección 2.5, pp. 126-130",,,,https://www.google.com/search?q=OpenStax%20%E2%80%94%20C%C3%A1lculo%20Volumen%203%2C%20Secci%C3%B3n%202.5%2C%20pp.%20126-130,pendiente,,,,,,,
Mapa_Algebra_LIneal_y_Geo._Analitica.html:2-2:practica:4,Mapa_Algebra_LIneal_y_Geo._Analitica.html,2 · Rectas en el plano cartesiano. Rectas y planos en el espacio,2-2 · 2.2 Ecuaciones de un plano en el espacio,Práctica,practica,Taller de ecuaciones generales del plano — Eduardo Espinoza,,,,https://www.google.com/search?q=Taller%20de%20ecuaciones%20generales%20del%20plano%20%E2%80%94%20Eduardo%20Espinoza,pendiente,,,,,,,
Mapa_Algebra_LIneal_y_Geo._Analitica.html:2-3:videos:0,Mapa_Algebra_LIneal_y_Geo._Analitica.html,2 · Rectas en el plano cartesiano. Rectas y planos en el espacio,2-3 · 2.3 Intersección entre rectas y planos,Videos,video,Intersección entre rectas y planos en R3,MateFacil,,,https://www.youtube.com/results?search_query=Intersecci%C3%B3n%20entre%20rectas%20y%20planos%20en%20R3%20MateFacil,pendiente,,,,,,,
Mapa_Algebra_LIneal_y_Geo._Analitica.html:2-3:videos:1,Mapa_Algebra_LIneal_y_Geo._Analitica.html,2 · Rectas en el plano cartesiano. Rectas y planos en el espacio,2-3 · 2.3 Intersección entre rectas y planos,Videos,video,Intersección de planos y rectas,Javier Santos,,,https://www.youtube.com/results?search_query=Intersecci%C3%B3n%20de%20planos%20y%20rectas%20Javier%20Santos,pendiente,,,,,,,
Mapa_Algebra_LIneal_y_Geo._Analitica.html:2-3:videos:2,Mapa_Algebra_LIneal_y_Geo._Analitica.html,2 · Rectas en el plano cartesiano. Rectas y planos en el espacio,2-3 · 2.3 Intersección entre rectas y planos,Videos,video,Sistemas lineales y Geometría 3D,Eduardo Espinoza,,,https://www.youtube.com/results?search_query=Sistemas%20lineales%20y%20Geometr%C3%ADa%203D%20Eduardo%20Espinoza,pendiente,,,,,,,
Mapa_Algebra_LIneal_y_Geo._Analitica.html:2-3:videos:3,Mapa_Algebra_LIneal_y_Geo._Analitica.html,2 · Rectas en el plano cartesiano. Rectas y planos en el espacio,2-3 · 2.3 Intersección entre rectas y planos,Videos,video,Análisis de intersecciones espaciales,Unicoos,,,https://www.youtube.com/results?search_query=An%C3%A1lisis%20de%20intersecciones%20espaciales%20Unicoos,pendiente,,,,,,,
Mapa_Algebra_LIneal_y_Geo._Analitica.html:2-3:videos:4,Mapa_Algebra_LIneal_y_Geo._Analitica.html,2 · Rectas en el plano cartesiano. Rectas y planos en el espacio,2-3 · 2.3 Intersección entre rectas y planos,Videos,video,Recta de intersección de dos planos,Mathias Kolczyn,,,https://www.youtube.com/results?search_query=Recta%20de%20intersecci%C3%B3n%20de%20dos%20planos%20Mathias%20Kolczyn,pendiente,,,,,,,
Mapa_Algebra_LIneal_y_Geo._Analitica.html:2-3:practica:0,Mapa_Algebra_LIneal_y_Geo._Analitica.html,2 · Rectas en el plano cartesiano. Rectas y planos en el espacio,2-3 · 2.3 Intersección entre rectas y planos,Práctica,practica,Problemas resueltos: Intersecciones 3D (videos MateFacil),,,,https://www.google.com/search?q=Problemas%20resueltos%3A%20Intersecciones%203D%20(videos%20MateFacil),pendiente,,,,,,,
Mapa_Algebra_LIneal_y_Geo._Analitica.html:2-3:practica:1,Mapa_Algebra_LIneal_y_Geo._Analitica.html,2 · Rectas en el plano cartesiano. Rectas y planos en el espacio,2-3 · 2.3 Intersección entre rectas y planos,Práctica,practica,"Lehmann, C. — Problemas de intersección, pp. 265-268",,,,https://www.google.com/search?q=Lehmann%2C%20C.%20%E2%80%94%20Problemas%20de%20intersecci%C3%B3n%2C%20pp.%20265-268,pendiente,,,,,,,
Mapa_Algebra_LIneal_y_Geo._Analitica.html:2-3:practica:2,Mapa_Algebra_LIneal_y_Geo._Analitica.html,2 · Rectas en el plano cartesiano. Rectas y planos en el espacio,2-3 · 2.3 Intersección entre rectas y planos,Práctica,practica,"Anton, H. — Ejercicios de intersección, pp. 105-108",,,,https://www.google.com/search?q=Anton%2C%20H.%20%E2%80%94%20Ejercicios%20de%20intersecci%C3%B3n%2C%20pp.%20105-108,pendiente,,,,,,,
Mapa_Algebra_LIneal_y_Geo._Analitica.html:2-3:practica:3,Mapa_Algebra_LIneal_y_Geo._Analitica.html,2 · Rectas en el plano cartesiano. Rectas y planos en el espacio,2-3 · 2.3 Intersección entre rectas y planos,Práctica,practica,Taller de sistemas y planos (Eduardo Espinoza),,,,https://www.google.com/search?q=Taller%20de%20sistemas%20y%20planos%20(Eduardo%20Espinoza),pendiente,,,,,,,
Mapa_Algebra_LIneal_y_Geo._Analitica.html:2-3:practica:4,Mapa_Algebra_LIneal_y_Geo._Analitica.html,2 · Rectas en el plano cartesiano. Rectas y planos en el espacio,2-3 · 2.3 Intersección entre rectas y planos,Práctica,practica,"Grossman — Problemas de geometría lineal, Cap. 4, pp. 176-180",,,,https://www.google.com/search?q=Grossman%20%E2%80%94%20Problemas%20de%20geometr%C3%ADa%20lineal%2C%20Cap.%204%2C%20pp.%20176-180,pendiente,,,,,,,
Mapa_Algebra_LIneal_y_Geo._Analitica.html:2-4:videos:0,Mapa_Algebra_LIneal_y_Geo._Analitica.html,2 · Rectas en el plano cartesiano. Rectas y planos en el espacio,2-4 · 2.4 Distancia de punto a recta y de punto a plano,Videos,video,Distancia de punto a recta y plano,MateFacil,,,https://www.youtube.com/results?search_query=Distancia%20de%20punto%20a%20recta%20y%20plano%20MateFacil,pendiente,,,,,,,
Mapa_Algebra_LIneal_y_Geo._Analitica.html:2-4:videos:1,Mapa_Algebra_LIneal_y_Geo._Analitica.html,2 · Rectas en el plano cartesiano. Rectas y planos en el espacio,2-4 · 2.4 Distancia de punto a recta y de punto a plano,Videos,video,Fórmulas de distancia en Geometría 3D,Javier Santos,,,https://www.youtube.com/results?search_query=F%C3%B3rmulas%20de%20distancia%20en%20Geometr%C3%ADa%203D%20Javier%20Santos,pendiente,,,,,,,
Mapa_Algebra_LIneal_y_Geo._Analitica.html:2-4:videos:2,Mapa_Algebra_LIneal_y_Geo._Analitica.html,2 · Rectas en el plano cartesiano. Rectas y planos en el espacio,2-4 · 2.4 Distancia de punto a recta y de punto a plano,Videos,video,Distancias Mínimas (Clase Universitaria),Eduardo Espinoza,,,https://www.youtube.com/results?search_query=Distancias%20M%C3%ADnimas%20(Clase%20Universitaria)%20Eduardo%20Espinoza,pendiente,,,,,,,
Mapa_Algebra_LIneal_y_Geo._Analitica.html:2-4:videos:3,Mapa_Algebra_LIneal_y_Geo._Analitica.html,2 · Rectas en el plano cartesiano. Rectas y planos en el espacio,2-4 · 2.4 Distancia de punto a recta y de punto a plano,Videos,video,Proyecciones y Distancias en el Espacio,Mathias Kolczyn,,,https://www.youtube.com/results?search_query=Proyecciones%20y%20Distancias%20en%20el%20Espacio%20Mathias%20Kolczyn,pendiente,,,,,,,
Mapa_Algebra_LIneal_y_Geo._Analitica.html:2-4:videos:4,Mapa_Algebra_LIneal_y_Geo._Analitica.html,2 · Rectas en el plano cartesiano. Rectas y planos en el espacio,2-4 · 2.4 Distancia de punto a recta y de punto a plano,Videos,video,Distancia entre rectas paralelas y cruzadas,Unicoos,,,https://www.youtube.com/results?search_query=Distancia%20entre%20rectas%20paralelas%20y%20cruzadas%20Unicoos,pendiente,,,,,,,
Mapa_Algebra_LIneal_y_Geo._Analitica.html:2-4:practica:0,Mapa_Algebra_LIneal_y_Geo._Analitica.html,2 · Rectas en el plano cartesiano. Rectas y planos en el espacio,2-4 · 2.4 Distancia de punto a recta y de punto a plano,Práctica,practica,"Lehmann, C. — Ejercicios de aplicación, pp. 285-288",,,,https://www.google.com/search?q=Lehmann%2C%20C.%20%E2%80%94%20Ejercicios%20de%20aplicaci%C3%B3n%2C%20pp.%20285-288,pendiente,,,,,,,
Mapa_Algebra_LIneal_y_Geo._Analitica.html:2-4:practica:1,Mapa_Algebra_LIneal_y_Geo._Analitica.html,2 · Rectas en el plano cartesiano. Rectas y planos en el espacio,2-4 · 2.4 Distancia de punto a recta y de punto a plano,Práctica,practica,"OpenStax — Cálculo Volumen 3, Ejercicios de distancia, pp. 155-158",,,,https://www.google.com/search?q=OpenStax%20%E2%80%94%20C%C3%A1lculo%20Volumen%203%2C%20Ejercicios%20de%20distancia%2C%20pp.%20155-158,pendiente,,,,,,,
Mapa_Algebra_LIneal_y_Geo._Analitica.html:2-4:practica:2,Mapa_Algebra_LIneal_y_Geo._Analitica.html,2 · Rectas en el plano cartesiano. Rectas y planos en el espacio,2-4 · 2.4 Distancia de punto a recta y de punto a plano,Práctica,practica,Ejercicios resueltos: Distancia punto-plano (videos MateFacil),,,,https://www.google.com/search?q=Ejercicios%20resueltos%3A%20Distancia%20punto-plano%20(videos%20MateFacil),pendiente,,,,,,,
Mapa_Algebra_LIneal_y_Geo._Analitica.html:2-4:practica:3,Mapa_Algebra_LIneal_y_Geo._Analitica.html,2 · Rectas en el plano cartesiano. Rectas y planos en el espacio,2-4 · 2.4 Distancia de punto a recta y de punto a plano,Práctica,practica,"Larson, R. — Problemas de optimización de distancia, pp. 115-118",,,,https://www.google.com/search?q=Larson%2C%20R.%20%E2%80%94%20Problemas%20de%20optimizaci%C3%B3n%20de%20distancia%2C%20pp.%20115-118,pendiente,,,,,,,
Mapa_Algebra_LIneal_y_Geo._Analitica.html:2-4:practica:4,Mapa_Algebra_LIneal_y_Geo._Analitica.html,2 · Rectas en el plano cartesiano. Rectas y planos en el espacio,2-4 · 2.4 Distancia de punto a recta y de punto a plano,Práctica,practica,Taller de distancias entre objetos 3D — Javier Santos,,,,https://www.google.com/search?q=Taller%20de%20distancias%20entre%20objetos%203D%20%E2%80%94%20Javier%20Santos,pendiente,,,,,,,
Mapa_Algebra_LIneal_y_Geo._Analitica.html:3-1:videos:0,Mapa_Algebra_LIneal_y_Geo._Analitica.html,3 · Cónicas,3-1 · 3.1 La circunferencia,Videos,video,La Circunferencia — Teoría y Ejercicios,MateFacil,,,https://www.youtube.com/results?search_query=La%20Circunferencia%20%E2%80%94%20Teor%C3%ADa%20y%20Ejercicios%20MateFacil,pendiente,,,,,,,
Mapa_Algebra_LIneal_y_Geo._Analitica.html:3-1:videos:1,Mapa_Algebra_LIneal_y_Geo._Analitica.html,3 · Cónicas,3-1 · 3.1 La circunferencia,Videos,video,Geometría Analítica: Circunferencia,Javier Santos,,,https://www.youtube.com/results?search_query=Geometr%C3%ADa%20Anal%C3%ADtica%3A%20Circunferencia%20Javier%20Santos,pendiente,,,,,,,
Mapa_Algebra_LIneal_y_Geo._Analitica.html:3-1:videos:2,Mapa_Algebra_LIneal_y_Geo._Analitica.html,3 · Cónicas,3-1 · 3.1 La circunferencia,Videos,video,Ecuación de la circunferencia (Clase Completa),Unicoos,,,https://www.youtube.com/results?search_query=Ecuaci%C3%B3n%20de%20la%20circunferencia%20(Clase%20Completa)%20Unicoos,pendiente,,,,,,,
Mapa_Algebra_LIneal_y_Geo._Analitica.html:3-1:videos:3,Mapa_Algebra_LIneal_y_Geo._Analitica.html,3 · Cónicas,3-1 · 3.1 La circunferencia,Videos,video,Análisis de la Circunferencia,Mathias Kolczyn,,,https://www.youtube.com/results?search_query=An%C3%A1lisis%20de%20la%20Circunferencia%20Mathias%20Kolczyn,pendiente,,,,,,,
Mapa_Algebra_LIneal_y_Geo._Analitica.html:3-1:videos:4,Mapa_Algebra_LIneal_y_Geo._Analitica.html,3 · Cónicas,3-1 · 3.1 La circunferencia,Videos,video,Circunferencia: forma general y canónica,Profe Alex,,,https://www.youtube.com/results?search_query=Circunferencia%3A%20forma%20general%20y%20can%C3%B3nica%20Profe%20Alex,pendiente,,,,,,,
Mapa_Algebra_LIneal_y_Geo._Analitica.html:3-1:practica:0,Mapa_Algebra_LIneal_y_Geo._Analitica.html,3 · Cónicas,3-1 · 3.1 La circunferencia,Práctica,practica,"Lehmann, C. — Ejercicios sobre circunferencia, pp. 96-100",,,,https://www.google.com/search?q=Lehmann%2C%20C.%20%E2%80%94%20Ejercicios%20sobre%20circunferencia%2C%20pp.%2096-100,pendiente,,,,,,,
Mapa_Algebra_LIneal_y_Geo._Analitica.html:3-1:practica:1,Mapa_Algebra_LIneal_y_Geo._Analitica.html,3 · Cónicas,3-1 · 3.1 La circunferencia,Práctica,practica,Taller de circunferencias (videos MateFacil),,,,https://www.google.com/search?q=Taller%20de%20circunferencias%20(videos%20MateFacil),pendiente,,,,,,,
Mapa_Algebra_LIneal_y_Geo._Analitica.html:3-1:practica:2,Mapa_Algebra_LIneal_y_Geo._Analitica.html,3 · Cónicas,3-1 · 3.1 La circunferencia,Práctica,practica,"OpenStax — Sección 12.1 Ejercicios, pp. 665-668",,,,https://www.google.com/search?q=OpenStax%20%E2%80%94%20Secci%C3%B3n%2012.1%20Ejercicios%2C%20pp.%20665-668,pendiente,,,,,,,
Mapa_Algebra_LIneal_y_Geo._Analitica.html:3-1:practica:3,Mapa_Algebra_LIneal_y_Geo._Analitica.html,3 · Cónicas,3-1 · 3.1 La circunferencia,Práctica,practica,"Larson, R. — Problemas de aplicación, pp. 461-464",,,,https://www.google.com/search?q=Larson%2C%20R.%20%E2%80%94%20Problemas%20de%20aplicaci%C3%B3n%2C%20pp.%20461-464,pendiente,,,,,,,
Mapa_Algebra_LIneal_y_Geo._Analitica.html:3-1:practica:4,Mapa_Algebra_LIneal_y_Geo._Analitica.html,3 · Cónicas,3-1 · 3.1 La circunferencia,Práctica,practica,Problemas de circunferencia tangente — Javier Santos,,,,https://www.google.com/search?q=Problemas%20de%20circunferencia%20tangente%20%E2%80%94%20Javier%20Santos,pendiente,,,,,,,
Mapa_Algebra_LIneal_y_Geo._Analitica.html:3-2:videos:0,Mapa_Algebra_LIneal_y_Geo._Analitica.html,3 · Cónicas,3-2 · 3.2 La parábola,Videos,video,La Parábola — Ecuaciones y Elementos,MateFacil,,,https://www.youtube.com/results?search_query=La%20Par%C3%A1bola%20%E2%80%94%20Ecuaciones%20y%20Elementos%20MateFacil,pendiente,,,,,,,
Mapa_Algebra_LIneal_y_Geo._Analitica.html:3-2:videos:1,Mapa_Algebra_LIneal_y_Geo._Analitica.html,3 · Cónicas,3-2 · 3.2 La parábola,Videos,video,Geometría Analítica: La Parábola,Javier Santos,,,https://www.youtube.com/results?search_query=Geometr%C3%ADa%20Anal%C3%ADtica%3A%20La%20Par%C3%A1bola%20Javier%20Santos,pendiente,,,,,,,
Mapa_Algebra_LIneal_y_Geo._Analitica.html:3-2:videos:2,Mapa_Algebra_LIneal_y_Geo._Analitica.html,3 · Cónicas,3-2 · 3.2 La parábola,Videos,video,Parábolas (Clase Completa de Precálculo),Unicoos,,,https://www.youtube.com/results?search_query=Par%C3%A1bolas%20(Clase%20Completa%20de%20Prec%C3%A1lculo)%20Unicoos,pendiente,,,,,,,
Mapa_Algebra_LIneal_y_Geo._Analitica.html:3-2:videos:3,Mapa_Algebra_LIneal_y_Geo._Analitica.html,3 · Cónicas,3-2 · 3.2 La parábola,Videos,video,Propiedades focales de la Parábola,Mathias Kolczyn,,,https://www.youtube.com/results?search_query=Propiedades%20focales%20de%20la%20Par%C3%A1bola%20Mathias%20Kolczyn,pendiente,,,,,,,
Mapa_Algebra_LIneal_y_Geo._Analitica.html:3-2:videos:4,Mapa_Algebra_LIneal_y_Geo._Analitica.html,3 · Cónicas,3-2 · 3.2 La parábola,Videos,video,Aplicaciones de la parábola,Profe Alex,,,https://www.youtube.com/results?search_query=Aplicaciones%20de%20la%20par%C3%A1bola%20Profe%20Alex,pendiente,,,,,,,
Mapa_Algebra_LIneal_y_Geo._Analitica.html:3-2:practica:0,Mapa_Algebra_LIneal_y_Geo._Analitica.html,3 · Cónicas,3-2 · 3.2 La parábola,Práctica,practica,"OpenStax — Sección 12.3 Ejercicios, pp. 685-690",,,,https://www.google.com/search?q=OpenStax%20%E2%80%94%20Secci%C3%B3n%2012.3%20Ejercicios%2C%20pp.%20685-690,pendiente,,,,,,,
Mapa_Algebra_LIneal_y_Geo._Analitica.html:3-2:practica:1,Mapa_Algebra_LIneal_y_Geo._Analitica.html,3 · Cónicas,3-2 · 3.2 La parábola,Práctica,practica,"Lehmann, C. — Ejercicios de parábola, pp. 120-125",,,,https://www.google.com/search?q=Lehmann%2C%20C.%20%E2%80%94%20Ejercicios%20de%20par%C3%A1bola%2C%20pp.%20120-125,pendiente,,,,,,,
Mapa_Algebra_LIneal_y_Geo._Analitica.html:3-2:practica:2,Mapa_Algebra_LIneal_y_Geo._Analitica.html,3 · Cónicas,3-2 · 3.2 La parábola,Práctica,practica,Problemas resueltos de Parábola (videos MateFacil),,,,https://www.google.com/search?q=Problemas%20resueltos%20de%20Par%C3%A1bola%20(videos%20MateFacil),pendiente,,,,,,,
Mapa_Algebra_LIneal_y_Geo._Analitica.html:3-2:practica:3,Mapa_Algebra_LIneal_y_Geo._Analitica.html,3 · Cónicas,3-2 · 3.2 La parábola,Práctica,practica,"Swokowski, E. — Ejercicios Cap. 9, pp. 315-320",,,,https://www.google.com/search?q=Swokowski%2C%20E.%20%E2%80%94%20Ejercicios%20Cap.%209%2C%20pp.%20315-320,pendiente,,,,,,,
Mapa_Algebra_LIneal_y_Geo._Analitica.html:3-2:practica:4,Mapa_Algebra_LIneal_y_Geo._Analitica.html,3 · Cónicas,3-2 · 3.2 La parábola,Práctica,practica,Taller de parábolas con aplicaciones físicas — Unicoos,,,,https://www.google.com/search?q=Taller%20de%20par%C3%A1bolas%20con%20aplicaciones%20f%C3%ADsicas%20%E2%80%94%20Unicoos,pendiente,,,,,,,
Mapa_Algebra_LIneal_y_Geo._Analitica.html:3-3:videos:0,Mapa_Algebra_LIneal_y_Geo._Analitica.html,3 · Cónicas,3-3 · 3.3 La elipse,Videos,video,La Elipse — Ecuación canónica y general,MateFacil,,,https://www.youtube.com/results?search_query=La%20Elipse%20%E2%80%94%20Ecuaci%C3%B3n%20can%C3%B3nica%20y%20general%20MateFacil,pendiente,,,,,,,
Mapa_Algebra_LIneal_y_Geo._Analitica.html:3-3:videos:1,Mapa_Algebra_LIneal_y_Geo._Analitica.html,3 · Cónicas,3-3 · 3.3 La elipse,Videos,video,Análisis Geométrico de la Elipse,Mathias Kolczyn,,,https://www.youtube.com/results?search_query=An%C3%A1lisis%20Geom%C3%A9trico%20de%20la%20Elipse%20Mathias%20Kolczyn,pendiente,,,,,,,
Mapa_Algebra_LIneal_y_Geo._Analitica.html:3-3:videos:2,Mapa_Algebra_LIneal_y_Geo._Analitica.html,3 · Cónicas,3-3 · 3.3 La elipse,Videos,video,Elipses — Teoría y Práctica,Unicoos,,,https://www.youtube.com/results?search_query=Elipses%20%E2%80%94%20Teor%C3%ADa%20y%20Pr%C3%A1ctica%20Unicoos,pendiente,,,,,,,
Mapa_Algebra_LIneal_y_Geo._Analitica.html:3-3:videos:3,Mapa_Algebra_LIneal_y_Geo._Analitica.html,3 · Cónicas,3-3 · 3.3 La elipse,Videos,video,Elementos de la Elipse,Javier Santos,,,https://www.youtube.com/results?search_query=Elementos%20de%20la%20Elipse%20Javier%20Santos,pendiente,,,,,,,
Mapa_Algebra_LIneal_y_Geo._Analitica.html:3-3:videos:4,Mapa_Algebra_LIneal_y_Geo._Analitica.html,3 · Cónicas,3-3 · 3.3 La elipse,Videos,video,"Elipse: focos, ejes y excentricidad",Profe Alex,,,https://www.youtube.com/results?search_query=Elipse%3A%20focos%2C%20ejes%20y%20excentricidad%20Profe%20Alex,pendiente,,,,,,,
Mapa_Algebra_LIneal_y_Geo._Analitica.html:3-3:practica:0,Mapa_Algebra_LIneal_y_Geo._Analitica.html,3 · Cónicas,3-3 · 3.3 La elipse,Práctica,practica,"OpenStax — Sección 12.1 Ejercicios, pp. 705-710",,,,https://www.google.com/search?q=OpenStax%20%E2%80%94%20Secci%C3%B3n%2012.1%20Ejercicios%2C%20pp.%20705-710,pendiente,,,,,,,
Mapa_Algebra_LIneal_y_Geo._Analitica.html:3-3:practica:1,Mapa_Algebra_LIneal_y_Geo._Analitica.html,3 · Cónicas,3-3 · 3.3 La elipse,Práctica,practica,"Lehmann, C. — Ejercicios sobre elipse, pp. 150-155",,,,https://www.google.com/search?q=Lehmann%2C%20C.%20%E2%80%94%20Ejercicios%20sobre%20elipse%2C%20pp.%20150-155,pendiente,,,,,,,
Mapa_Algebra_LIneal_y_Geo._Analitica.html:3-3:practica:2,Mapa_Algebra_LIneal_y_Geo._Analitica.html,3 · Cónicas,3-3 · 3.3 La elipse,Práctica,practica,Ejercicios de aplicación de Elipse (videos MateFacil),,,,https://www.google.com/search?q=Ejercicios%20de%20aplicaci%C3%B3n%20de%20Elipse%20(videos%20MateFacil),pendiente,,,,,,,
Mapa_Algebra_LIneal_y_Geo._Analitica.html:3-3:practica:3,Mapa_Algebra_LIneal_y_Geo._Analitica.html,3 · Cónicas,3-3 · 3.3 La elipse,Práctica,practica,"Larson, R. — Problemas de elipse, pp. 501-504",,,,https://www.google.com/search?q=Larson%2C%20R.%20%E2%80%94%20Problemas%20de%20elipse%2C%20pp.%20501-504,pendiente,,,,,,,
Mapa_Algebra_LIneal_y_Geo._Analitica.html:3-3:practica:4,Mapa_Algebra_LIneal_y_Geo._Analitica.html,3 · Cónicas,3-3 · 3.3 La elipse,Práctica,practica,Problemas orbitales — Javier Santos,,,,https://www.google.com/search?q=Problemas%20orbitales%20%E2%80%94%20Javier%20Santos,pendiente,,,,,,,
Mapa_Algebra_LIneal_y_Geo._Analitica.html:3-4:videos:0,Mapa_Algebra_LIneal_y_Geo._Analitica.html,3 · Cónicas,3-4 · 3.4 La hipérbola,Videos,video,La Hipérbola — Toda la teoría,MateFacil,,,https://www.youtube.com/results?search_query=La%20Hip%C3%A9rbola%20%E2%80%94%20Toda%20la%20teor%C3%ADa%20MateFacil,pendiente,,,,,,,
Mapa_Algebra_LIneal_y_Geo._Analitica.html:3-4:videos:1,Mapa_Algebra_LIneal_y_Geo._Analitica.html,3 · Cónicas,3-4 · 3.4 La hipérbola,Videos,video,Geometría Analítica: Hipérbola,Javier Santos,,,https://www.youtube.com/results?search_query=Geometr%C3%ADa%20Anal%C3%ADtica%3A%20Hip%C3%A9rbola%20Javier%20Santos,pendiente,,,,,,,
Mapa_Algebra_LIneal_y_Geo._Analitica.html:3-4:videos:2,Mapa_Algebra_LIneal_y_Geo._Analitica.html,3 · Cónicas,3-4 · 3.4 La hipérbola,Videos,video,Hipérbolas — Clase Completa,Unicoos,,,https://www.youtube.com/results?search_query=Hip%C3%A9rbolas%20%E2%80%94%20Clase%20Completa%20Unicoos,pendiente,,,,,,,
Mapa_Algebra_LIneal_y_Geo._Analitica.html:3-4:videos:3,Mapa_Algebra_LIneal_y_Geo._Analitica.html,3 · Cónicas,3-4 · 3.4 La hipérbola,Videos,video,Asíntotas y Ecuaciones de la Hipérbola,Mathias Kolczyn,,,https://www.youtube.com/results?search_query=As%C3%ADntotas%20y%20Ecuaciones%20de%20la%20Hip%C3%A9rbola%20Mathias%20Kolczyn,pendiente,,,,,,,
Mapa_Algebra_LIneal_y_Geo._Analitica.html:3-4:videos:4,Mapa_Algebra_LIneal_y_Geo._Analitica.html,3 · Cónicas,3-4 · 3.4 La hipérbola,Videos,video,Hipérbola: construcción geométrica,Eduardo Espinoza,,,https://www.youtube.com/results?search_query=Hip%C3%A9rbola%3A%20construcci%C3%B3n%20geom%C3%A9trica%20Eduardo%20Espinoza,pendiente,,,,,,,
Mapa_Algebra_LIneal_y_Geo._Analitica.html:3-4:practica:0,Mapa_Algebra_LIneal_y_Geo._Analitica.html,3 · Cónicas,3-4 · 3.4 La hipérbola,Práctica,practica,"OpenStax — Sección 12.2 Ejercicios, pp. 725-730",,,,https://www.google.com/search?q=OpenStax%20%E2%80%94%20Secci%C3%B3n%2012.2%20Ejercicios%2C%20pp.%20725-730,pendiente,,,,,,,
Mapa_Algebra_LIneal_y_Geo._Analitica.html:3-4:practica:1,Mapa_Algebra_LIneal_y_Geo._Analitica.html,3 · Cónicas,3-4 · 3.4 La hipérbola,Práctica,practica,"Lehmann, C. — Ejercicios de hipérbola, pp. 180-185",,,,https://www.google.com/search?q=Lehmann%2C%20C.%20%E2%80%94%20Ejercicios%20de%20hip%C3%A9rbola%2C%20pp.%20180-185,pendiente,,,,,,,
Mapa_Algebra_LIneal_y_Geo._Analitica.html:3-4:practica:2,Mapa_Algebra_LIneal_y_Geo._Analitica.html,3 · Cónicas,3-4 · 3.4 La hipérbola,Práctica,practica,"Larson, R. — Ejercicios de aplicación, pp. 521-525",,,,https://www.google.com/search?q=Larson%2C%20R.%20%E2%80%94%20Ejercicios%20de%20aplicaci%C3%B3n%2C%20pp.%20521-525,pendiente,,,,,,,
Mapa_Algebra_LIneal_y_Geo._Analitica.html:3-4:practica:3,Mapa_Algebra_LIneal_y_Geo._Analitica.html,3 · Cónicas,3-4 · 3.4 La hipérbola,Práctica,practica,Taller de Hipérbolas (videos MateFacil),,,,https://www.google.com/search?q=Taller%20de%20Hip%C3%A9rbolas%20(videos%20MateFacil),pendiente,,,,,,,
Mapa_Algebra_LIneal_y_Geo._Analitica.html:3-4:practica:4,Mapa_Algebra_LIneal_y_Geo._Analitica.html,3 · Cónicas,3-4 · 3.4 La hipérbola,Práctica,practica,"Problemas de asíntotas oblicuas — Swokowski, pp. 360-365",,,,https://www.google.com/search?q=Problemas%20de%20as%C3%ADntotas%20oblicuas%20%E2%80%94%20Swokowski%2C%20pp.%20360-365,pendiente,,,,,,,
Mapa_Algebra_LIneal_y_Geo._Analitica.html:4-1:videos:0,Mapa_Algebra_LIneal_y_Geo._Analitica.html,4 · Rotación de ejes coordenados y coordenadas polares,4-1 · 4.1 Rotación de ejes coordenados,Videos,video,Rotación de ejes coordenados (Teoría),MateFacil,,,https://www.youtube.com/results?search_query=Rotaci%C3%B3n%20de%20ejes%20coordenados%20(Teor%C3%ADa)%20MateFacil,pendiente,,,,,,,
Mapa_Algebra_LIneal_y_Geo._Analitica.html:4-1:videos:1,Mapa_Algebra_LIneal_y_Geo._Analitica.html,4 · Rotación de ejes coordenados y coordenadas polares,4-1 · 4.1 Rotación de ejes coordenados,Videos,video,Eliminación del término xy por rotación,Javier Santos,,,https://www.youtube.com/results?search_query=Eliminaci%C3%B3n%20del%20t%C3%A9rmino%20xy%20por%20rotaci%C3%B3n%20Javier%20Santos,pendiente,,,,,,,
Mapa_Algebra_LIneal_y_Geo._Analitica.html:4-1:videos:2,Mapa_Algebra_LIneal_y_Geo._Analitica.html,4 · Rotación de ejes coordenados y coordenadas polares,4-1 · 4.1 Rotación de ejes coordenados,Videos,video,Rotación de Ejes — Geometría Analítica,Mathias Kolczyn,,,https://www.youtube.com/results?search_query=Rotaci%C3%B3n%20de%20Ejes%20%E2%80%94%20Geometr%C3%ADa%20Anal%C3%ADtica%20Mathias%20Kolczyn,pendiente,,,,,,,
Mapa_Algebra_LIneal_y_Geo._Analitica.html:4-1:videos:3,Mapa_Algebra_LIneal_y_Geo._Analitica.html,4 · Rotación de ejes coordenados y coordenadas polares,4-1 · 4.1 Rotación de ejes coordenados,Videos,video,Identificación de cónicas mediante rotación,Eduardo Espinoza,,,https://www.youtube.com/results?search_query=Identificaci%C3%B3n%20de%20c%C3%B3nicas%20mediante%20rotaci%C3%B3n%20Eduardo%20Espinoza,pendiente,,,,,,,
Mapa_Algebra_LIneal_y_Geo._Analitica.html:4-1:videos:4,Mapa_Algebra_LIneal_y_Geo._Analitica.html,4 · Rotación de ejes coordenados y coordenadas polares,4-1 · 4.1 Rotación de ejes coordenados,Videos,video,Formas cuadráticas y rotación,Unicoos,,,https://www.youtube.com/results?search_query=Formas%20cuadr%C3%A1ticas%20y%20rotaci%C3%B3n%20Unicoos,pendiente,,,,,,,
Mapa_Algebra_LIneal_y_Geo._Analitica.html:4-1:practica:0,Mapa_Algebra_LIneal_y_Geo._Analitica.html,4 · Rotación de ejes coordenados y coordenadas polares,4-1 · 4.1 Rotación de ejes coordenados,Práctica,practica,"Larson, R. — Ejercicios de ángulo de rotación, pp. 545-548",,,,https://www.google.com/search?q=Larson%2C%20R.%20%E2%80%94%20Ejercicios%20de%20%C3%A1ngulo%20de%20rotaci%C3%B3n%2C%20pp.%20545-548,pendiente,,,,,,,
Mapa_Algebra_LIneal_y_Geo._Analitica.html:4-1:practica:1,Mapa_Algebra_LIneal_y_Geo._Analitica.html,4 · Rotación de ejes coordenados y coordenadas polares,4-1 · 4.1 Rotación de ejes coordenados,Práctica,practica,"Lehmann, C. — Ejercicios de rotación, pp. 210-215",,,,https://www.google.com/search?q=Lehmann%2C%20C.%20%E2%80%94%20Ejercicios%20de%20rotaci%C3%B3n%2C%20pp.%20210-215,pendiente,,,,,,,
Mapa_Algebra_LIneal_y_Geo._Analitica.html:4-1:practica:2,Mapa_Algebra_LIneal_y_Geo._Analitica.html,4 · Rotación de ejes coordenados y coordenadas polares,4-1 · 4.1 Rotación de ejes coordenados,Práctica,practica,Ejercicios resueltos de rotación de ejes (videos MateFacil),,,,https://www.google.com/search?q=Ejercicios%20resueltos%20de%20rotaci%C3%B3n%20de%20ejes%20(videos%20MateFacil),pendiente,,,,,,,
Mapa_Algebra_LIneal_y_Geo._Analitica.html:4-1:practica:3,Mapa_Algebra_LIneal_y_Geo._Analitica.html,4 · Rotación de ejes coordenados y coordenadas polares,4-1 · 4.1 Rotación de ejes coordenados,Práctica,practica,"Swokowski, E. — Problemas Cap. 9, pp. 385-390",,,,https://www.google.com/search?q=Swokowski%2C%20E.%20%E2%80%94%20Problemas%20Cap.%209%2C%20pp.%20385-390,pendiente,,,,,,,
Mapa_Algebra_LIneal_y_Geo._Analitica.html:4-1:practica:4,Mapa_Algebra_LIneal_y_Geo._Analitica.html,4 · Rotación de ejes coordenados y coordenadas polares,4-1 · 4.1 Rotación de ejes coordenados,Práctica,practica,Taller de invariantes — Mathias Kolczyn,,,,https://www.google.com/search?q=Taller%20de%20invariantes%20%E2%80%94%20Mathias%20Kolczyn,pendiente,,,,,,,
Mapa_Algebra_LIneal_y_Geo._Analitica.html:4-2:videos:0,Mapa_Algebra_LIneal_y_Geo._Analitica.html,4 · Rotación de ejes coordenados y coordenadas polares,4-2 · 4.2 Sistema de coordenadas polares,Videos,video,Coordenadas Polares (Clase Completa),Unicoos,,,https://www.youtube.com/results?search_query=Coordenadas%20Polares%20(Clase%20Completa)%20Unicoos,pendiente,,,,,,,
Mapa_Algebra_LIneal_y_Geo._Analitica.html:4-2:videos:1,Mapa_Algebra_LIneal_y_Geo._Analitica.html,4 · Rotación de ejes coordenados y coordenadas polares,4-2 · 4.2 Sistema de coordenadas polares,Videos,video,Sistema de Coordenadas Polares,MateFacil,,,https://www.youtube.com/results?search_query=Sistema%20de%20Coordenadas%20Polares%20MateFacil,pendiente,,,,,,,
Mapa_Algebra_LIneal_y_Geo._Analitica.html:4-2:videos:2,Mapa_Algebra_LIneal_y_Geo._Analitica.html,4 · Rotación de ejes coordenados y coordenadas polares,4-2 · 4.2 Sistema de coordenadas polares,Videos,video,Conversión entre coordenadas polares y rectangulares,Javier Santos,,,https://www.youtube.com/results?search_query=Conversi%C3%B3n%20entre%20coordenadas%20polares%20y%20rectangulares%20Javier%20Santos,pendiente,,,,,,,
Mapa_Algebra_LIneal_y_Geo._Analitica.html:4-2:videos:3,Mapa_Algebra_LIneal_y_Geo._Analitica.html,4 · Rotación de ejes coordenados y coordenadas polares,4-2 · 4.2 Sistema de coordenadas polares,Videos,video,Introducción al Sistema Polar,Mathias Kolczyn,,,https://www.youtube.com/results?search_query=Introducci%C3%B3n%20al%20Sistema%20Polar%20Mathias%20Kolczyn,pendiente,,,,,,,
Mapa_Algebra_LIneal_y_Geo._Analitica.html:4-2:videos:4,Mapa_Algebra_LIneal_y_Geo._Analitica.html,4 · Rotación de ejes coordenados y coordenadas polares,4-2 · 4.2 Sistema de coordenadas polares,Videos,video,Coordenadas polares — Teoría y ejemplos,Profe Alex,,,https://www.youtube.com/results?search_query=Coordenadas%20polares%20%E2%80%94%20Teor%C3%ADa%20y%20ejemplos%20Profe%20Alex,pendiente,,,,,,,
Mapa_Algebra_LIneal_y_Geo._Analitica.html:4-2:practica:0,Mapa_Algebra_LIneal_y_Geo._Analitica.html,4 · Rotación de ejes coordenados y coordenadas polares,4-2 · 4.2 Sistema de coordenadas polares,Práctica,practica,"OpenStax — Sección 10.1 Ejercicios, pp. 760-765",,,,https://www.google.com/search?q=OpenStax%20%E2%80%94%20Secci%C3%B3n%2010.1%20Ejercicios%2C%20pp.%20760-765,pendiente,,,,,,,
Mapa_Algebra_LIneal_y_Geo._Analitica.html:4-2:practica:1,Mapa_Algebra_LIneal_y_Geo._Analitica.html,4 · Rotación de ejes coordenados y coordenadas polares,4-2 · 4.2 Sistema de coordenadas polares,Práctica,practica,Práctica de Coordenadas Polares (videos MateFacil),,,,https://www.google.com/search?q=Pr%C3%A1ctica%20de%20Coordenadas%20Polares%20(videos%20MateFacil),pendiente,,,,,,,
Mapa_Algebra_LIneal_y_Geo._Analitica.html:4-2:practica:2,Mapa_Algebra_LIneal_y_Geo._Analitica.html,4 · Rotación de ejes coordenados y coordenadas polares,4-2 · 4.2 Sistema de coordenadas polares,Práctica,practica,"Lehmann, C. — Ejercicios de conversión, pp. 315-320",,,,https://www.google.com/search?q=Lehmann%2C%20C.%20%E2%80%94%20Ejercicios%20de%20conversi%C3%B3n%2C%20pp.%20315-320,pendiente,,,,,,,
Mapa_Algebra_LIneal_y_Geo._Analitica.html:4-2:practica:3,Mapa_Algebra_LIneal_y_Geo._Analitica.html,4 · Rotación de ejes coordenados y coordenadas polares,4-2 · 4.2 Sistema de coordenadas polares,Práctica,practica,"Larson, R. — Problemas de sistemas polares, pp. 561-565",,,,https://www.google.com/search?q=Larson%2C%20R.%20%E2%80%94%20Problemas%20de%20sistemas%20polares%2C%20pp.%20561-565,pendiente,,,,,,,
Mapa_Algebra_LIneal_y_Geo._Analitica.html:4-2:practica:4,Mapa_Algebra_LIneal_y_Geo._Analitica.html,4 · Rotación de ejes coordenados y coordenadas polares,4-2 · 4.2 Sistema de coordenadas polares,Práctica,practica,Problemas de localización polar — Javier Santos,,,,https://www.google.com/search?q=Problemas%20de%20localizaci%C3%B3n%20polar%20%E2%80%94%20Javier%20Santos,pendiente,,,,,,,
Mapa_Algebra_LIneal_y_Geo._Analitica.html:4-3:videos:0,Mapa_Algebra_LIneal_y_Geo._Analitica.html,4 · Rotación de ejes coordenados y coordenadas polares,4-3 · 4.3 Gráficas en coordenadas polares,Videos,video,Gráficas en Coordenadas Polares,MateFacil,,,https://www.youtube.com/results?search_query=Gr%C3%A1ficas%20en%20Coordenadas%20Polares%20MateFacil,pendiente,,,,,,,
Mapa_Algebra_LIneal_y_Geo._Analitica.html:4-3:videos:1,Mapa_Algebra_LIneal_y_Geo._Analitica.html,4 · Rotación de ejes coordenados y coordenadas polares,4-3 · 4.3 Gráficas en coordenadas polares,Videos,video,"Cardioides, Lemniscatas y Rosas Polares",Javier Santos,,,https://www.youtube.com/results?search_query=Cardioides%2C%20Lemniscatas%20y%20Rosas%20Polares%20Javier%20Santos,pendiente,,,,,,,
Mapa_Algebra_LIneal_y_Geo._Analitica.html:4-3:videos:2,Mapa_Algebra_LIneal_y_Geo._Analitica.html,4 · Rotación de ejes coordenados y coordenadas polares,4-3 · 4.3 Gráficas en coordenadas polares,Videos,video,Trazado de curvas polares (Clase),Eduardo Espinoza,,,https://www.youtube.com/results?search_query=Trazado%20de%20curvas%20polares%20(Clase)%20Eduardo%20Espinoza,pendiente,,,,,,,
Mapa_Algebra_LIneal_y_Geo._Analitica.html:4-3:videos:3,Mapa_Algebra_LIneal_y_Geo._Analitica.html,4 · Rotación de ejes coordenados y coordenadas polares,4-3 · 4.3 Gráficas en coordenadas polares,Videos,video,Simetría en Coordenadas Polares,Mathias Kolczyn,,,https://www.youtube.com/results?search_query=Simetr%C3%ADa%20en%20Coordenadas%20Polares%20Mathias%20Kolczyn,pendiente,,,,,,,
Mapa_Algebra_LIneal_y_Geo._Analitica.html:4-3:videos:4,Mapa_Algebra_LIneal_y_Geo._Analitica.html,4 · Rotación de ejes coordenados y coordenadas polares,4-3 · 4.3 Gráficas en coordenadas polares,Videos,video,Curvas polares famosas,Unicoos,,,https://www.youtube.com/results?search_query=Curvas%20polares%20famosas%20Unicoos,pendiente,,,,,,,
Mapa_Algebra_LIneal_y_Geo._Analitica.html:4-3:practica:0,Mapa_Algebra_LIneal_y_Geo._Analitica.html,4 · Rotación de ejes coordenados y coordenadas polares,4-3 · 4.3 Gráficas en coordenadas polares,Práctica,practica,"OpenStax — Sección 10.2 Ejercicios, pp. 780-785",,,,https://www.google.com/search?q=OpenStax%20%E2%80%94%20Secci%C3%B3n%2010.2%20Ejercicios%2C%20pp.%20780-785,pendiente,,,,,,,
Mapa_Algebra_LIneal_y_Geo._Analitica.html:4-3:practica:1,Mapa_Algebra_LIneal_y_Geo._Analitica.html,4 · Rotación de ejes coordenados y coordenadas polares,4-3 · 4.3 Gráficas en coordenadas polares,Práctica,practica,"Lehmann, C. — Ejercicios de graficación, pp. 345-350",,,,https://www.google.com/search?q=Lehmann%2C%20C.%20%E2%80%94%20Ejercicios%20de%20graficaci%C3%B3n%2C%20pp.%20345-350,pendiente,,,,,,,
Mapa_Algebra_LIneal_y_Geo._Analitica.html:4-3:practica:2,Mapa_Algebra_LIneal_y_Geo._Analitica.html,4 · Rotación de ejes coordenados y coordenadas polares,4-3 · 4.3 Gráficas en coordenadas polares,Práctica,practica,Taller de graficación polar (videos MateFacil),,,,https://www.google.com/search?q=Taller%20de%20graficaci%C3%B3n%20polar%20(videos%20MateFacil),pendiente,,,,,,,
Mapa_Algebra_LIneal_y_Geo._Analitica.html:4-3:practica:3,Mapa_Algebra_LIneal_y_Geo._Analitica.html,4 · Rotación de ejes coordenados y coordenadas polares,4-3 · 4.3 Gráficas en coordenadas polares,Práctica,practica,"Larson, R. — Problemas de simetría, pp. 585-590",,,,https://www.google.com/search?q=Larson%2C%20R.%20%E2%80%94%20Problemas%20de%20simetr%C3%ADa%2C%20pp.%20585-590,pendiente,,,,,,,
Mapa_Algebra_LIneal_y_Geo._Analitica.html:4-3:practica:4,Mapa_Algebra_LIneal_y_Geo._Analitica.html,4 · Rotación de ejes coordenados y coordenadas polares,4-3 · 4.3 Gráficas en coordenadas polares,Práctica,practica,Problemas de intersección de curvas polares — Eduardo Espinoza,,,,https://www.google.com/search?q=Problemas%20de%20intersecci%C3%B3n%20de%20curvas%20polares%20%E2%80%94%20Eduardo%20Espinoza,pendiente,,,,,,,
Mapa_Algebra_LIneal_y_Geo._Analitica.html:4-4:videos:0,Mapa_Algebra_LIneal_y_Geo._Analitica.html,4 · Rotación de ejes coordenados y coordenadas polares,4-4 · 4.4 Cónicas en coordenadas polares,Videos,video,Cónicas en Coordenadas Polares,MateFacil,,,https://www.youtube.com/results?search_query=C%C3%B3nicas%20en%20Coordenadas%20Polares%20MateFacil,pendiente,,,,,,,
Mapa_Algebra_LIneal_y_Geo._Analitica.html:4-4:videos:1,Mapa_Algebra_LIneal_y_Geo._Analitica.html,4 · Rotación de ejes coordenados y coordenadas polares,4-4 · 4.4 Cónicas en coordenadas polares,Videos,video,"Ecuación polar de la Elipse, Parábola e Hipérbola",Javier Santos,,,https://www.youtube.com/results?search_query=Ecuaci%C3%B3n%20polar%20de%20la%20Elipse%2C%20Par%C3%A1bola%20e%20Hip%C3%A9rbola%20Javier%20Santos,pendiente,,,,,,,
Mapa_Algebra_LIneal_y_Geo._Analitica.html:4-4:videos:2,Mapa_Algebra_LIneal_y_Geo._Analitica.html,4 · Rotación de ejes coordenados y coordenadas polares,4-4 · 4.4 Cónicas en coordenadas polares,Videos,video,Excentricidad y Cónicas Polares (Clase),Eduardo Espinoza,,,https://www.youtube.com/results?search_query=Excentricidad%20y%20C%C3%B3nicas%20Polares%20(Clase)%20Eduardo%20Espinoza,pendiente,,,,,,,
Mapa_Algebra_LIneal_y_Geo._Analitica.html:4-4:videos:3,Mapa_Algebra_LIneal_y_Geo._Analitica.html,4 · Rotación de ejes coordenados y coordenadas polares,4-4 · 4.4 Cónicas en coordenadas polares,Videos,video,Geometría Polar Aplicada,Mathias Kolczyn,,,https://www.youtube.com/results?search_query=Geometr%C3%ADa%20Polar%20Aplicada%20Mathias%20Kolczyn,pendiente,,,,,,,
Mapa_Algebra_LIneal_y_Geo._Analitica.html:4-4:videos:4,Mapa_Algebra_LIneal_y_Geo._Analitica.html,4 · Rotación de ejes coordenados y coordenadas polares,4-4 · 4.4 Cónicas en coordenadas polares,Videos,video,Cónicas polares unificadas,Unicoos,,,https://www.youtube.com/results?search_query=C%C3%B3nicas%20polares%20unificadas%20Unicoos,pendiente,,,,,,,
Mapa_Algebra_LIneal_y_Geo._Analitica.html:4-4:practica:0,Mapa_Algebra_LIneal_y_Geo._Analitica.html,4 · Rotación de ejes coordenados y coordenadas polares,4-4 · 4.4 Cónicas en coordenadas polares,Práctica,practica,"OpenStax — Sección 12.5 Ejercicios, pp. 805-810",,,,https://www.google.com/search?q=OpenStax%20%E2%80%94%20Secci%C3%B3n%2012.5%20Ejercicios%2C%20pp.%20805-810,pendiente,,,,,,,
Mapa_Algebra_LIneal_y_Geo._Analitica.html:4-4:practica:1,Mapa_Algebra_LIneal_y_Geo._Analitica.html,4 · Rotación de ejes coordenados y coordenadas polares,4-4 · 4.4 Cónicas en coordenadas polares,Práctica,practica,"Lehmann, C. — Ejercicios de excentricidad, pp. 380-385",,,,https://www.google.com/search?q=Lehmann%2C%20C.%20%E2%80%94%20Ejercicios%20de%20excentricidad%2C%20pp.%20380-385,pendiente,,,,,,,
Mapa_Algebra_LIneal_y_Geo._Analitica.html:4-4:practica:2,Mapa_Algebra_LIneal_y_Geo._Analitica.html,4 · Rotación de ejes coordenados y coordenadas polares,4-4 · 4.4 Cónicas en coordenadas polares,Práctica,practica,Ejercicios resueltos de cónicas polares (videos MateFacil),,,,https://www.google.com/search?q=Ejercicios%20resueltos%20de%20c%C3%B3nicas%20polares%20(videos%20MateFacil),pendiente,,,,,,,
Mapa_Algebra_LIneal_y_Geo._Analitica.html:4-4:practica:3,Mapa_Algebra_LIneal_y_Geo._Analitica.html,4 · Rotación de ejes coordenados y coordenadas polares,4-4 · 4.4 Cónicas en coordenadas polares,Práctica,practica,"Larson, R. — Problemas de aplicación, pp. 610-615",,,,https://www.google.com/search?q=Larson%2C%20R.%20%E2%80%94%20Problemas%20de%20aplicaci%C3%B3n%2C%20pp.%20610-615,pendiente,,,,,,,
Mapa_Algebra_LIneal_y_Geo._Analitica.html:4-4:practica:4,Mapa_Algebra_LIneal_y_Geo._Analitica.html,4 · Rotación de ejes coordenados y coordenadas polares,4-4 · 4.4 Cónicas en coordenadas polares,Práctica,practica,Taller de órbitas planetarias — Javier Santos,,,,https://www.google.com/search?q=Taller%20de%20%C3%B3rbitas%20planetarias%20%E2%80%94%20Javier%20Santos,pendiente,,,,,,,
Mapa_Mate_discreta2.html:u1-s1:biblio:0,Mapa_Mate_discreta2.html,"1.1 DEFINICIONES, TIPOS Y PROPIEDADES","u1-s1 · 1.1 DEFINICIONES, TIPOS Y PROPIEDADES",Bibliografía,libro,D,KENNETH H. ROSEN,"DISCRETE MATHEMATICS AND ITS APPLICATIONS (8ª ED.), CAP. 10.1-10.2, PP. 641-660",,https://www.google.com/search?q=D%20KENNETH%20H.%20ROSEN,pendiente,,,,,,,
Mapa_Mate_discreta2.html:u1-s1:biblio:1,Mapa_Mate_discreta2.html,"1.1 DEFINICIONES, TIPOS Y PROPIEDADES","u1-s1 · 1.1 DEFINICIONES, TIPOS Y PROPIEDADES",Bibliografía,libro,M,RICHARD JOHNSONBAUGH,"MATEMÁTICAS DISCRETAS (7ª ED.), CAP. 8.1-8.2, PP. 325-335",,https://www.google.com/search?q=M%20RICHARD%20JOHNSONBAUGH,pendiente,,,,,,,
Mapa_Mate_discreta2.html:u1-s1:biblio:2,Mapa_Mate_discreta2.html,"1.1 DEFINICIONES, TIPOS Y PROPIEDADES","u1-s1 · 1.1 DEFINICIONES, TIPOS Y PROPIEDADES",Bibliografía,libro,D,OSCAR LEVIN,"DISCRETE MATHEMATICS: AN OPEN INTRODUCTION (3ª ED.), CAP. 4.1, PP. 240-250",,https://www.google.com/search?q=D%20OSCAR%20LEVIN,pendiente,,,,,,,
Mapa_Mate_discreta2.html:u1-s1:videos:0,Mapa_Mate_discreta2.html,"1.1 DEFINICIONES, TIPOS Y PROPIEDADES","u1-s1 · 1.1 DEFINICIONES, TIPOS Y PROPIEDADES",Videos,video,INTRODUCTION TO GRAPH THEORY AND TERMINOLOGY,NESO ACADEMY,,,https://www.youtube.com/results?search_query=INTRODUCTION%20TO%20GRAPH%20THEORY%20AND%20TERMINOLOGY%20NESO%20ACADEMY,pendiente,,,,,,,
Mapa_Mate_discreta2.html:u1-s1:videos:1,Mapa_Mate_discreta2.html,"1.1 DEFINICIONES, TIPOS Y PROPIEDADES","u1-s1 · 1.1 DEFINICIONES, TIPOS Y PROPIEDADES",Videos,video,INTRODUCTION TO GRAPH THEORY AND TYPES OF GRAPHS,ABDUL BARI,,,https://www.youtube.com/results?search_query=INTRODUCTION%20TO%20GRAPH%20THEORY%20AND%20TYPES%20OF%20GRAPHS%20ABDUL%20BARI,pendiente,,,,,,,
Mapa_Mate_discreta2.html:u1-s1:practica:0,Mapa_Mate_discreta2.html,"1.1 DEFINICIONES, TIPOS Y PROPIEDADES","u1-s1 · 1.1 DEFINICIONES, TIPOS Y PROPIEDADES",Práctica,practica,"CAP. 4.1, EJERCICIOS 1-8 (VERIFICACIÓN EMPÍRICA DE SUMATORIA DE GRADOS).",BÁSICO OSCAR LEVIN,"CAP. 4.1, EJERCICIOS 1-8 (VERIFICACIÓN EMPÍRICA DE SUMATORIA DE GRADOS).",,https://www.google.com/search?q=CAP.%204.1%2C%20EJERCICIOS%201-8%20(VERIFICACI%C3%93N%20EMP%C3%8DRICA%20DE%20SUMATORIA%20DE%20GRADOS).%20B%C3%81SICO%20OSCAR%20LEVIN,pendiente,,,,,,,
Mapa_Mate_discreta2.html:u1-s1:practica:1,Mapa_Mate_discreta2.html,"1.1 DEFINICIONES, TIPOS Y PROPIEDADES","u1-s1 · 1.1 DEFINICIONES, TIPOS Y PROPIEDADES",Práctica,practica,"CAP. 8.2, PP. 334-335, PROBLEMAS 12-25.",INTERMEDIO JOHNSONBAUGH,"CAP. 8.2, PP. 334-335, PROBLEMAS 12-25.",,https://www.google.com/search?q=CAP.%208.2%2C%20PP.%20334-335%2C%20PROBLEMAS%2012-25.%20INTERMEDIO%20JOHNSONBAUGH,pendiente,,,,,,,
Mapa_Mate_discreta2.html:u1-s1:practica:2,Mapa_Mate_discreta2.html,"1.1 DEFINICIONES, TIPOS Y PROPIEDADES","u1-s1 · 1.1 DEFINICIONES, TIPOS Y PROPIEDADES",Práctica,practica,"CAP. 10.2, PP. 665-667, PROBLEMAS 35-48 (DEMOSTRACIONES ALGEBRAICAS DE GRADOS EN GRAFOS REGULARES).",AVANZADO ROSEN,"CAP. 10.2, PP. 665-667, PROBLEMAS 35-48 (DEMOSTRACIONES ALGEBRAICAS DE GRADOS EN GRAFOS REGULARES).",,https://www.google.com/search?q=CAP.%2010.2%2C%20PP.%20665-667%2C%20PROBLEMAS%2035-48%20(DEMOSTRACIONES%20ALGEBRAICAS%20DE%20GRADOS%20EN%20GRAFOS%20REGULARES).%20AVANZADO%20ROSEN,pendiente,,,,,,,
Mapa_Mate_discreta2.html:u1-s2:biblio:0,Mapa_Mate_discreta2.html,1.2 SUBGRAFOS Y COMPLEMENTOS,u1-s2 · 1.2 SUBGRAFOS Y COMPLEMENTOS,Bibliografía,libro,C,KENNETH H. ROSEN,"CAP. 10.2, PP. 655-660",,https://www.google.com/search?q=C%20KENNETH%20H.%20ROSEN,pendiente,,,,,,,
Mapa_Mate_discreta2.html:u1-s2:biblio:1,Mapa_Mate_discreta2.html,1.2 SUBGRAFOS Y COMPLEMENTOS,u1-s2 · 1.2 SUBGRAFOS Y COMPLEMENTOS,Bibliografía,libro,C,RICHARD JOHNSONBAUGH,"CAP. 8.2, PP. 336-340",,https://www.google.com/search?q=C%20RICHARD%20JOHNSONBAUGH,pendiente,,,,,,,
Mapa_Mate_discreta2.html:u1-s2:biblio:2,Mapa_Mate_discreta2.html,1.2 SUBGRAFOS Y COMPLEMENTOS,u1-s2 · 1.2 SUBGRAFOS Y COMPLEMENTOS,Bibliografía,libro,D,NORMAN L. BIGGS,"DISCRETE MATHEMATICS (2ª ED.), CAP. 15.1-15.2, PP. 210-215",,https://www.google.com/search?q=D%20NORMAN%20L.%20BIGGS,pendiente,,,,,,,
Mapa_Mate_discreta2.html:u1-s2:videos:0,Mapa_Mate_discreta2.html,1.2 SUBGRAFOS Y COMPLEMENTOS,u1-s2 · 1.2 SUBGRAFOS Y COMPLEMENTOS,Videos,video,SUBGRAPHS AND INDUCED SUBGRAPHS,NESO ACADEMY,,,https://www.youtube.com/results?search_query=SUBGRAPHS%20AND%20INDUCED%20SUBGRAPHS%20NESO%20ACADEMY,pendiente,,,,,,,
Mapa_Mate_discreta2.html:u1-s2:videos:1,Mapa_Mate_discreta2.html,1.2 SUBGRAFOS Y COMPLEMENTOS,u1-s2 · 1.2 SUBGRAFOS Y COMPLEMENTOS,Videos,video,COMPLEMENT OF A GRAPH AND GRAPH OPERATIONS,ABDUL BARI,,,https://www.youtube.com/results?search_query=COMPLEMENT%20OF%20A%20GRAPH%20AND%20GRAPH%20OPERATIONS%20ABDUL%20BARI,pendiente,,,,,,,
Mapa_Mate_discreta2.html:u1-s2:practica:0,Mapa_Mate_discreta2.html,1.2 SUBGRAFOS Y COMPLEMENTOS,u1-s2 · 1.2 SUBGRAFOS Y COMPLEMENTOS,Práctica,practica,"CAP. 4.1, EJERCICIOS DE IDENTIFICACIÓN DE SUBGRAFOS INDUCIDOS.",BÁSICO OSCAR LEVIN,"CAP. 4.1, EJERCICIOS DE IDENTIFICACIÓN DE SUBGRAFOS INDUCIDOS.",,https://www.google.com/search?q=CAP.%204.1%2C%20EJERCICIOS%20DE%20IDENTIFICACI%C3%93N%20DE%20SUBGRAFOS%20INDUCIDOS.%20B%C3%81SICO%20OSCAR%20LEVIN,pendiente,,,,,,,
Mapa_Mate_discreta2.html:u1-s2:practica:1,Mapa_Mate_discreta2.html,1.2 SUBGRAFOS Y COMPLEMENTOS,u1-s2 · 1.2 SUBGRAFOS Y COMPLEMENTOS,Práctica,practica,"CAP. 10.2, PP. 667-668, PROBLEMAS 49-58.",INTERMEDIO ROSEN,"CAP. 10.2, PP. 667-668, PROBLEMAS 49-58.",,https://www.google.com/search?q=CAP.%2010.2%2C%20PP.%20667-668%2C%20PROBLEMAS%2049-58.%20INTERMEDIO%20ROSEN,pendiente,,,,,,,
Mapa_Mate_discreta2.html:u1-s2:practica:2,Mapa_Mate_discreta2.html,1.2 SUBGRAFOS Y COMPLEMENTOS,u1-s2 · 1.2 SUBGRAFOS Y COMPLEMENTOS,Práctica,practica,"CAP. 15.2, PROBLEMAS TEÓRICOS SOBRE CARACTERIZACIÓN DE GRAFOS AUTOCOMPLEMENTARIOS.",AVANZADO BIGGS,"CAP. 15.2, PROBLEMAS TEÓRICOS SOBRE CARACTERIZACIÓN DE GRAFOS AUTOCOMPLEMENTARIOS.",,https://www.google.com/search?q=CAP.%2015.2%2C%20PROBLEMAS%20TE%C3%93RICOS%20SOBRE%20CARACTERIZACI%C3%93N%20DE%20GRAFOS%20AUTOCOMPLEMENTARIOS.%20AVANZADO%20BIGGS,pendiente,,,,,,,
Mapa_Mate_discreta2.html:u1-s3:biblio:0,Mapa_Mate_discreta2.html,1.3 REPRESENTACIÓN COMPUTACIONAL DE GRAFOS,u1-s3 · 1.3 REPRESENTACIÓN COMPUTACIONAL DE GRAFOS,Bibliografía,libro,I,THOMAS H. CORMEN ET AL.,"INTRODUCTION TO ALGORITHMS (4ª ED.), CAP. 20.1, PP. 589-596",,https://www.google.com/search?q=I%20THOMAS%20H.%20CORMEN%20ET%20AL.,pendiente,,,,,,,
Mapa_Mate_discreta2.html:u1-s3:biblio:1,Mapa_Mate_discreta2.html,1.3 REPRESENTACIÓN COMPUTACIONAL DE GRAFOS,u1-s3 · 1.3 REPRESENTACIÓN COMPUTACIONAL DE GRAFOS,Bibliografía,libro,D,MARK ALLEN WEISS,"DATA STRUCTURES AND ALGORITHM ANALYSIS IN C++ (4ª ED.), CAP. 9.1, PP. 381-387",,https://www.google.com/search?q=D%20MARK%20ALLEN%20WEISS,pendiente,,,,,,,
Mapa_Mate_discreta2.html:u1-s3:biblio:2,Mapa_Mate_discreta2.html,1.3 REPRESENTACIÓN COMPUTACIONAL DE GRAFOS,u1-s3 · 1.3 REPRESENTACIÓN COMPUTACIONAL DE GRAFOS,Bibliografía,libro,C,KENNETH H. ROSEN,"CAP. 10.3, PP. 660-667",,https://www.google.com/search?q=C%20KENNETH%20H.%20ROSEN,pendiente,,,,,,,
Mapa_Mate_discreta2.html:u1-s3:videos:0,Mapa_Mate_discreta2.html,1.3 REPRESENTACIÓN COMPUTACIONAL DE GRAFOS,u1-s3 · 1.3 REPRESENTACIÓN COMPUTACIONAL DE GRAFOS,Videos,video,GRAPH REPRESENTATIONS - ADJACENCY MATRIX AND ADJACENCY LIST,ABDUL BARI,,,https://www.youtube.com/results?search_query=GRAPH%20REPRESENTATIONS%20-%20ADJACENCY%20MATRIX%20AND%20ADJACENCY%20LIST%20ABDUL%20BARI,pendiente,,,,,,,
Mapa_Mate_discreta2.html:u1-s3:videos:1,Mapa_Mate_discreta2.html,1.3 REPRESENTACIÓN COMPUTACIONAL DE GRAFOS,u1-s3 · 1.3 REPRESENTACIÓN COMPUTACIONAL DE GRAFOS,Videos,video,GRAPH DATA STRUCTURE ALGORITHMS FOR BEGINNERS,FREECODECAMP,,,https://www.youtube.com/results?search_query=GRAPH%20DATA%20STRUCTURE%20ALGORITHMS%20FOR%20BEGINNERS%20FREECODECAMP,pendiente,,,,,,,
Mapa_Mate_discreta2.html:u1-s3:practica:0,Mapa_Mate_discreta2.html,1.3 REPRESENTACIÓN COMPUTACIONAL DE GRAFOS,u1-s3 · 1.3 REPRESENTACIÓN COMPUTACIONAL DE GRAFOS,Práctica,practica,BÁSICO TRANSFORMACIÓN MANUAL DE MATRIZ DE ADYACENCIA A LISTA DE ADYACENCIA PARA DIGRAFOS P. 668 (ROSEN).,,,,https://www.google.com/search?q=B%C3%81SICO%20TRANSFORMACI%C3%93N%20MANUAL%20DE%20MATRIZ%20DE%20ADYACENCIA%20A%20LISTA%20DE%20ADYACENCIA%20PARA%20DIGRAFOS%20P.%20668%20(ROSEN).,pendiente,,,,,,,
Mapa_Mate_discreta2.html:u1-s3:practica:1,Mapa_Mate_discreta2.html,1.3 REPRESENTACIÓN COMPUTACIONAL DE GRAFOS,u1-s3 · 1.3 REPRESENTACIÓN COMPUTACIONAL DE GRAFOS,Práctica,practica,"CAP. 9, EJERCICIOS DE PROGRAMACIÓN 9.1-9.4 (IMPLEMENTACIÓN DINÁMICA DE LISTA DE ADYACENCIA).",INTERMEDIO WEISS,"CAP. 9, EJERCICIOS DE PROGRAMACIÓN 9.1-9.4 (IMPLEMENTACIÓN DINÁMICA DE LISTA DE ADYACENCIA).",,https://www.google.com/search?q=CAP.%209%2C%20EJERCICIOS%20DE%20PROGRAMACI%C3%93N%209.1-9.4%20(IMPLEMENTACI%C3%93N%20DIN%C3%81MICA%20DE%20LISTA%20DE%20ADYACENCIA).%20INTERMEDIO%20WEISS,pendiente,,,,,,,
Mapa_Mate_discreta2.html:u1-s3:practica:2,Mapa_Mate_discreta2.html,1.3 REPRESENTACIÓN COMPUTACIONAL DE GRAFOS,u1-s3 · 1.3 REPRESENTACIÓN COMPUTACIONAL DE GRAFOS,Práctica,practica,"CAP. 20.1, PROBLEMAS 20.1-1 A 20.1-6 (ANÁLISIS DE EFICIENCIA SINTÁCTICA EN MATRICES DISPERSAS).",AVANZADO CORMEN ET AL.,"CAP. 20.1, PROBLEMAS 20.1-1 A 20.1-6 (ANÁLISIS DE EFICIENCIA SINTÁCTICA EN MATRICES DISPERSAS).",,https://www.google.com/search?q=CAP.%2020.1%2C%20PROBLEMAS%2020.1-1%20A%2020.1-6%20(AN%C3%81LISIS%20DE%20EFICIENCIA%20SINT%C3%81CTICA%20EN%20MATRICES%20DISPERSAS).%20AVANZADO%20CORMEN%20ET%20AL.,pendiente,,,,,,,
Mapa_Mate_discreta2.html:u1-s4:biblio:0,Mapa_Mate_discreta2.html,1.4 ISOMORFISMO DE GRAFOS,u1-s4 · 1.4 ISOMORFISMO DE GRAFOS,Bibliografía,libro,C,KENNETH H. ROSEN,"CAP. 10.3, PP. 667-675",,https://www.google.com/search?q=C%20KENNETH%20H.%20ROSEN,pendiente,,,,,,,
Mapa_Mate_discreta2.html:u1-s4:biblio:1,Mapa_Mate_discreta2.html,1.4 ISOMORFISMO DE GRAFOS,u1-s4 · 1.4 ISOMORFISMO DE GRAFOS,Bibliografía,libro,C,NORMAN L. BIGGS,"CAP. 15.3, PP. 220-230",,https://www.google.com/search?q=C%20NORMAN%20L.%20BIGGS,pendiente,,,,,,,
Mapa_Mate_discreta2.html:u1-s4:biblio:2,Mapa_Mate_discreta2.html,1.4 ISOMORFISMO DE GRAFOS,u1-s4 · 1.4 ISOMORFISMO DE GRAFOS,Bibliografía,libro,C,RICHARD JOHNSONBAUGH,"CAP. 8.4, PP. 345-350",,https://www.google.com/search?q=C%20RICHARD%20JOHNSONBAUGH,pendiente,,,,,,,
Mapa_Mate_discreta2.html:u1-s4:videos:0,Mapa_Mate_discreta2.html,1.4 ISOMORFISMO DE GRAFOS,u1-s4 · 1.4 ISOMORFISMO DE GRAFOS,Videos,video,GRAPH ISOMORPHISM WITH EXAMPLES,NESO ACADEMY,,,https://www.youtube.com/results?search_query=GRAPH%20ISOMORPHISM%20WITH%20EXAMPLES%20NESO%20ACADEMY,pendiente,,,,,,,
Mapa_Mate_discreta2.html:u1-s4:videos:1,Mapa_Mate_discreta2.html,1.4 ISOMORFISMO DE GRAFOS,u1-s4 · 1.4 ISOMORFISMO DE GRAFOS,Videos,video,GRAPH ISOMORPHISM PROBLEM AND INVARIANTS,TREVTUTOR,,,https://www.youtube.com/results?search_query=GRAPH%20ISOMORPHISM%20PROBLEM%20AND%20INVARIANTS%20TREVTUTOR,pendiente,,,,,,,
Mapa_Mate_discreta2.html:u1-s4:practica:0,Mapa_Mate_discreta2.html,1.4 ISOMORFISMO DE GRAFOS,u1-s4 · 1.4 ISOMORFISMO DE GRAFOS,Práctica,practica,BÁSICO COMPROBACIÓN DE INVARIANTES EN PARES DE GRAFOS SIMPLES DE ORDEN 5.,,,,https://www.google.com/search?q=B%C3%81SICO%20COMPROBACI%C3%93N%20DE%20INVARIANTES%20EN%20PARES%20DE%20GRAFOS%20SIMPLES%20DE%20ORDEN%205.,pendiente,,,,,,,
Mapa_Mate_discreta2.html:u1-s4:practica:1,Mapa_Mate_discreta2.html,1.4 ISOMORFISMO DE GRAFOS,u1-s4 · 1.4 ISOMORFISMO DE GRAFOS,Práctica,practica,"CAP. 8.4, EJERCICIOS 1-15 (CONSTRUCCIÓN DE FUNCIONES BIYECTIVAS).",INTERMEDIO JOHNSONBAUGH,"CAP. 8.4, EJERCICIOS 1-15 (CONSTRUCCIÓN DE FUNCIONES BIYECTIVAS).",,https://www.google.com/search?q=CAP.%208.4%2C%20EJERCICIOS%201-15%20(CONSTRUCCI%C3%93N%20DE%20FUNCIONES%20BIYECTIVAS).%20INTERMEDIO%20JOHNSONBAUGH,pendiente,,,,,,,
Mapa_Mate_discreta2.html:u1-s4:practica:2,Mapa_Mate_discreta2.html,1.4 ISOMORFISMO DE GRAFOS,u1-s4 · 1.4 ISOMORFISMO DE GRAFOS,Práctica,practica,"CAP. 10.3, PP. 675-677, PROBLEMAS 34-45 (DEMOSTRACIÓN DE NO-ISOMORFISMO).",AVANZADO ROSEN,"CAP. 10.3, PP. 675-677, PROBLEMAS 34-45 (DEMOSTRACIÓN DE NO-ISOMORFISMO).",,https://www.google.com/search?q=CAP.%2010.3%2C%20PP.%20675-677%2C%20PROBLEMAS%2034-45%20(DEMOSTRACI%C3%93N%20DE%20NO-ISOMORFISMO).%20AVANZADO%20ROSEN,pendiente,,,,,,,
Mapa_Mate_discreta2.html:u1-s5:biblio:0,Mapa_Mate_discreta2.html,1.5 CAMINOS HAMILTONIANOS Y EULERIANOS,u1-s5 · 1.5 CAMINOS HAMILTONIANOS Y EULERIANOS,Bibliografía,libro,C,KENNETH H. ROSEN,"CAP. 10.5, PP. 676-691",,https://www.google.com/search?q=C%20KENNETH%20H.%20ROSEN,pendiente,,,,,,,
Mapa_Mate_discreta2.html:u1-s5:biblio:1,Mapa_Mate_discreta2.html,1.5 CAMINOS HAMILTONIANOS Y EULERIANOS,u1-s5 · 1.5 CAMINOS HAMILTONIANOS Y EULERIANOS,Bibliografía,libro,C,RICHARD JOHNSONBAUGH,"CAP. 8.5, PP. 355-365",,https://www.google.com/search?q=C%20RICHARD%20JOHNSONBAUGH,pendiente,,,,,,,
Mapa_Mate_discreta2.html:u1-s5:biblio:2,Mapa_Mate_discreta2.html,1.5 CAMINOS HAMILTONIANOS Y EULERIANOS,u1-s5 · 1.5 CAMINOS HAMILTONIANOS Y EULERIANOS,Bibliografía,libro,C,OSCAR LEVIN,"CAP. 4.5, PP. 265-275",,https://www.google.com/search?q=C%20OSCAR%20LEVIN,pendiente,,,,,,,
Mapa_Mate_discreta2.html:u1-s5:videos:0,Mapa_Mate_discreta2.html,1.5 CAMINOS HAMILTONIANOS Y EULERIANOS,u1-s5 · 1.5 CAMINOS HAMILTONIANOS Y EULERIANOS,Videos,video,EL PROBLEMA DE LOS PUENTES DE KÖNIGSBERG,DERIVANDO,,,https://www.youtube.com/results?search_query=EL%20PROBLEMA%20DE%20LOS%20PUENTES%20DE%20K%C3%96NIGSBERG%20DERIVANDO,pendiente,,,,,,,
Mapa_Mate_discreta2.html:u1-s5:videos:1,Mapa_Mate_discreta2.html,1.5 CAMINOS HAMILTONIANOS Y EULERIANOS,u1-s5 · 1.5 CAMINOS HAMILTONIANOS Y EULERIANOS,Videos,video,EULERIAN AND HAMILTONIAN PATHS AND CIRCUITS,ABDUL BARI,,,https://www.youtube.com/results?search_query=EULERIAN%20AND%20HAMILTONIAN%20PATHS%20AND%20CIRCUITS%20ABDUL%20BARI,pendiente,,,,,,,
Mapa_Mate_discreta2.html:u1-s5:videos:2,Mapa_Mate_discreta2.html,1.5 CAMINOS HAMILTONIANOS Y EULERIANOS,u1-s5 · 1.5 CAMINOS HAMILTONIANOS Y EULERIANOS,Videos,video,EULER AND HAMILTON GRAPHS,NESO ACADEMY,,,https://www.youtube.com/results?search_query=EULER%20AND%20HAMILTON%20GRAPHS%20NESO%20ACADEMY,pendiente,,,,,,,
Mapa_Mate_discreta2.html:u1-s5:practica:0,Mapa_Mate_discreta2.html,1.5 CAMINOS HAMILTONIANOS Y EULERIANOS,u1-s5 · 1.5 CAMINOS HAMILTONIANOS Y EULERIANOS,Práctica,practica,BÁSICO ALGORITMO DE FLEURY PARA LA EXTRACCIÓN PROCEDIMENTAL DE UN CIRCUITO EULERIANO.,,,,https://www.google.com/search?q=B%C3%81SICO%20ALGORITMO%20DE%20FLEURY%20PARA%20LA%20EXTRACCI%C3%93N%20PROCEDIMENTAL%20DE%20UN%20CIRCUITO%20EULERIANO.,pendiente,,,,,,,
Mapa_Mate_discreta2.html:u1-s5:practica:1,Mapa_Mate_discreta2.html,1.5 CAMINOS HAMILTONIANOS Y EULERIANOS,u1-s5 · 1.5 CAMINOS HAMILTONIANOS Y EULERIANOS,Práctica,practica,"CAP. 4.5, PROBLEMAS 1-10.",INTERMEDIO LEVIN,"CAP. 4.5, PROBLEMAS 1-10.",,https://www.google.com/search?q=CAP.%204.5%2C%20PROBLEMAS%201-10.%20INTERMEDIO%20LEVIN,pendiente,,,,,,,
Mapa_Mate_discreta2.html:u1-s5:practica:2,Mapa_Mate_discreta2.html,1.5 CAMINOS HAMILTONIANOS Y EULERIANOS,u1-s5 · 1.5 CAMINOS HAMILTONIANOS Y EULERIANOS,Práctica,practica,"CAP. 10.5, PP. 692-695, PROBLEMAS 40-52 (APLICACIÓN DEL TEOREMA DE ORE).",AVANZADO ROSEN,"CAP. 10.5, PP. 692-695, PROBLEMAS 40-52 (APLICACIÓN DEL TEOREMA DE ORE).",,https://www.google.com/search?q=CAP.%2010.5%2C%20PP.%20692-695%2C%20PROBLEMAS%2040-52%20(APLICACI%C3%93N%20DEL%20TEOREMA%20DE%20ORE).%20AVANZADO%20ROSEN,pendiente,,,,,,,
Mapa_Mate_discreta2.html:u1-s6:biblio:0,Mapa_Mate_discreta2.html,1.6 GRAFOS PLANOS,u1-s6 · 1.6 GRAFOS PLANOS,Bibliografía,libro,C,KENNETH H. ROSEN,"CAP. 10.7, PP. 695-705",,https://www.google.com/search?q=C%20KENNETH%20H.%20ROSEN,pendiente,,,,,,,
Mapa_Mate_discreta2.html:u1-s6:biblio:1,Mapa_Mate_discreta2.html,1.6 GRAFOS PLANOS,u1-s6 · 1.6 GRAFOS PLANOS,Bibliografía,libro,C,RICHARD JOHNSONBAUGH,"CAP. 8.6, PP. 370-380",,https://www.google.com/search?q=C%20RICHARD%20JOHNSONBAUGH,pendiente,,,,,,,
Mapa_Mate_discreta2.html:u1-s6:biblio:2,Mapa_Mate_discreta2.html,1.6 GRAFOS PLANOS,u1-s6 · 1.6 GRAFOS PLANOS,Bibliografía,libro,C,NORMAN L. BIGGS,"CAP. 15.4, PP. 250-260",,https://www.google.com/search?q=C%20NORMAN%20L.%20BIGGS,pendiente,,,,,,,
Mapa_Mate_discreta2.html:u1-s6:videos:0,Mapa_Mate_discreta2.html,1.6 GRAFOS PLANOS,u1-s6 · 1.6 GRAFOS PLANOS,Videos,video,PLANAR GRAPHS AND KURATOWSKI'S THEOREM,NUMBERPHILE,,,https://www.youtube.com/results?search_query=PLANAR%20GRAPHS%20AND%20KURATOWSKI'S%20THEOREM%20NUMBERPHILE,pendiente,,,,,,,
Mapa_Mate_discreta2.html:u1-s6:videos:1,Mapa_Mate_discreta2.html,1.6 GRAFOS PLANOS,u1-s6 · 1.6 GRAFOS PLANOS,Videos,video,PLANAR GRAPHS AND EULER'S FORMULA,NESO ACADEMY,,,https://www.youtube.com/results?search_query=PLANAR%20GRAPHS%20AND%20EULER'S%20FORMULA%20NESO%20ACADEMY,pendiente,,,,,,,
Mapa_Mate_discreta2.html:u1-s6:practica:0,Mapa_Mate_discreta2.html,1.6 GRAFOS PLANOS,u1-s6 · 1.6 GRAFOS PLANOS,Práctica,practica,BÁSICO VERIFICACIÓN DE LA CONSTANTE DE EULER EN POLIEDROS CONVEXOS SIMPLES.,,,,https://www.google.com/search?q=B%C3%81SICO%20VERIFICACI%C3%93N%20DE%20LA%20CONSTANTE%20DE%20EULER%20EN%20POLIEDROS%20CONVEXOS%20SIMPLES.,pendiente,,,,,,,
Mapa_Mate_discreta2.html:u1-s6:practica:1,Mapa_Mate_discreta2.html,1.6 GRAFOS PLANOS,u1-s6 · 1.6 GRAFOS PLANOS,Práctica,practica,"CAP. 8.6, EJERCICIOS 10-22 (DEMOSTRACIÓN DE NO-PLANARIDAD PARA K3,3).",INTERMEDIO JOHNSONBAUGH,"CAP. 8.6, EJERCICIOS 10-22 (DEMOSTRACIÓN DE NO-PLANARIDAD PARA K3,3).",,https://www.google.com/search?q=CAP.%208.6%2C%20EJERCICIOS%2010-22%20(DEMOSTRACI%C3%93N%20DE%20NO-PLANARIDAD%20PARA%20K3%2C3).%20INTERMEDIO%20JOHNSONBAUGH,pendiente,,,,,,,
Mapa_Mate_discreta2.html:u1-s6:practica:2,Mapa_Mate_discreta2.html,1.6 GRAFOS PLANOS,u1-s6 · 1.6 GRAFOS PLANOS,Práctica,practica,"CAP. 10.7, PP. 705-707, PROBLEMAS 25-36 (IDENTIFICACIÓN DE SUBGRAFOS HOMEOMORFOS A K5).",AVANZADO ROSEN,"CAP. 10.7, PP. 705-707, PROBLEMAS 25-36 (IDENTIFICACIÓN DE SUBGRAFOS HOMEOMORFOS A K5).",,https://www.google.com/search?q=CAP.%2010.7%2C%20PP.%20705-707%2C%20PROBLEMAS%2025-36%20(IDENTIFICACI%C3%93N%20DE%20SUBGRAFOS%20HOMEOMORFOS%20A%20K5).%20AVANZADO%20ROSEN,pendiente,,,,,,,
Mapa_Mate_discreta2.html:u1-s7:biblio:0,Mapa_Mate_discreta2.html,1.7 COLOREO DE GRAFOS,u1-s7 · 1.7 COLOREO DE GRAFOS,Bibliografía,libro,C,KENNETH H. ROSEN,"CAP. 10.8, PP. 705-715",,https://www.google.com/search?q=C%20KENNETH%20H.%20ROSEN,pendiente,,,,,,,
Mapa_Mate_discreta2.html:u1-s7:biblio:1,Mapa_Mate_discreta2.html,1.7 COLOREO DE GRAFOS,u1-s7 · 1.7 COLOREO DE GRAFOS,Bibliografía,libro,C,RICHARD JOHNSONBAUGH,"CAP. 8.7, PP. 381-385",,https://www.google.com/search?q=C%20RICHARD%20JOHNSONBAUGH,pendiente,,,,,,,
Mapa_Mate_discreta2.html:u1-s7:biblio:2,Mapa_Mate_discreta2.html,1.7 COLOREO DE GRAFOS,u1-s7 · 1.7 COLOREO DE GRAFOS,Bibliografía,libro,C,OSCAR LEVIN,"CAP. 4.4, PP. 255-264",,https://www.google.com/search?q=C%20OSCAR%20LEVIN,pendiente,,,,,,,
Mapa_Mate_discreta2.html:u1-s7:videos:0,Mapa_Mate_discreta2.html,1.7 COLOREO DE GRAFOS,u1-s7 · 1.7 COLOREO DE GRAFOS,Videos,video,EL TEOREMA DE LOS CUATRO COLORES,DERIVANDO,,,https://www.youtube.com/results?search_query=EL%20TEOREMA%20DE%20LOS%20CUATRO%20COLORES%20DERIVANDO,pendiente,,,,,,,
Mapa_Mate_discreta2.html:u1-s7:videos:1,Mapa_Mate_discreta2.html,1.7 COLOREO DE GRAFOS,u1-s7 · 1.7 COLOREO DE GRAFOS,Videos,video,GRAPH COLORING AND CHROMATIC NUMBER,NESO ACADEMY,,,https://www.youtube.com/results?search_query=GRAPH%20COLORING%20AND%20CHROMATIC%20NUMBER%20NESO%20ACADEMY,pendiente,,,,,,,
Mapa_Mate_discreta2.html:u1-s7:practica:0,Mapa_Mate_discreta2.html,1.7 COLOREO DE GRAFOS,u1-s7 · 1.7 COLOREO DE GRAFOS,Práctica,practica,"BÁSICO DETERMINACIÓN DIRECTA DE Χ(G) EN FAMILIAS DE GRAFOS CICLO, RUEDAS Y BIPARTITOS COMPLETOS.",,,,https://www.google.com/search?q=B%C3%81SICO%20DETERMINACI%C3%93N%20DIRECTA%20DE%20%CE%A7(G)%20EN%20FAMILIAS%20DE%20GRAFOS%20CICLO%2C%20RUEDAS%20Y%20BIPARTITOS%20COMPLETOS.,pendiente,,,,,,,
Mapa_Mate_discreta2.html:u1-s7:practica:1,Mapa_Mate_discreta2.html,1.7 COLOREO DE GRAFOS,u1-s7 · 1.7 COLOREO DE GRAFOS,Práctica,practica,"CAP. 4.4, EJERCICIOS 1-12 (MODELADO DE INCOMPATIBILIDAD DE EXÁMENES).",INTERMEDIO LEVIN,"CAP. 4.4, EJERCICIOS 1-12 (MODELADO DE INCOMPATIBILIDAD DE EXÁMENES).",,https://www.google.com/search?q=CAP.%204.4%2C%20EJERCICIOS%201-12%20(MODELADO%20DE%20INCOMPATIBILIDAD%20DE%20EX%C3%81MENES).%20INTERMEDIO%20LEVIN,pendiente,,,,,,,
Mapa_Mate_discreta2.html:u1-s7:practica:2,Mapa_Mate_discreta2.html,1.7 COLOREO DE GRAFOS,u1-s7 · 1.7 COLOREO DE GRAFOS,Práctica,practica,"CAP. 10.8, PP. 715-718, PROBLEMAS 18-31 (DEMOSTRACIÓN DEL TEOREMA DE LOS CINCO COLORES).",AVANZADO ROSEN,"CAP. 10.8, PP. 715-718, PROBLEMAS 18-31 (DEMOSTRACIÓN DEL TEOREMA DE LOS CINCO COLORES).",,https://www.google.com/search?q=CAP.%2010.8%2C%20PP.%20715-718%2C%20PROBLEMAS%2018-31%20(DEMOSTRACI%C3%93N%20DEL%20TEOREMA%20DE%20LOS%20CINCO%20COLORES).%20AVANZADO%20ROSEN,pendiente,,,,,,,
Mapa_Mate_discreta2.html:u1-s8:biblio:0,Mapa_Mate_discreta2.html,1.8 PROBLEMAS DE CAMINOS MÍNIMOS: DIJKSTRA Y FLOYD-WARSHALL,u1-s8 · 1.8 PROBLEMAS DE CAMINOS MÍNIMOS: DIJKSTRA Y FLOYD-WARSHALL,Bibliografía,libro,C,THOMAS H. CORMEN ET AL.,"CAP. 21.3 (DIJKSTRA) Y CAP. 22.2 (FLOYD-WARSHALL), PP. 620-655",,https://www.google.com/search?q=C%20THOMAS%20H.%20CORMEN%20ET%20AL.,pendiente,,,,,,,
Mapa_Mate_discreta2.html:u1-s8:biblio:1,Mapa_Mate_discreta2.html,1.8 PROBLEMAS DE CAMINOS MÍNIMOS: DIJKSTRA Y FLOYD-WARSHALL,u1-s8 · 1.8 PROBLEMAS DE CAMINOS MÍNIMOS: DIJKSTRA Y FLOYD-WARSHALL,Bibliografía,libro,C,MARK ALLEN WEISS,"CAP. 9.3, PP. 390-410",,https://www.google.com/search?q=C%20MARK%20ALLEN%20WEISS,pendiente,,,,,,,
Mapa_Mate_discreta2.html:u1-s8:biblio:2,Mapa_Mate_discreta2.html,1.8 PROBLEMAS DE CAMINOS MÍNIMOS: DIJKSTRA Y FLOYD-WARSHALL,u1-s8 · 1.8 PROBLEMAS DE CAMINOS MÍNIMOS: DIJKSTRA Y FLOYD-WARSHALL,Bibliografía,libro,C,KENNETH H. ROSEN,"CAP. 10.6, PP. 715-725",,https://www.google.com/search?q=C%20KENNETH%20H.%20ROSEN,pendiente,,,,,,,
Mapa_Mate_discreta2.html:u1-s8:videos:0,Mapa_Mate_discreta2.html,1.8 PROBLEMAS DE CAMINOS MÍNIMOS: DIJKSTRA Y FLOYD-WARSHALL,u1-s8 · 1.8 PROBLEMAS DE CAMINOS MÍNIMOS: DIJKSTRA Y FLOYD-WARSHALL,Videos,video,3.6 DIJKSTRA ALGORITHM - SINGLE SOURCE SHORTEST PATH,ABDUL BARI,,,https://www.youtube.com/results?search_query=3.6%20DIJKSTRA%20ALGORITHM%20-%20SINGLE%20SOURCE%20SHORTEST%20PATH%20ABDUL%20BARI,pendiente,,,,,,,
Mapa_Mate_discreta2.html:u1-s8:videos:1,Mapa_Mate_discreta2.html,1.8 PROBLEMAS DE CAMINOS MÍNIMOS: DIJKSTRA Y FLOYD-WARSHALL,u1-s8 · 1.8 PROBLEMAS DE CAMINOS MÍNIMOS: DIJKSTRA Y FLOYD-WARSHALL,Videos,video,4.2 FLOYD WARSHALL ALL PAIRS SHORTEST PATH ALGORITHM,ABDUL BARI,,,https://www.youtube.com/results?search_query=4.2%20FLOYD%20WARSHALL%20ALL%20PAIRS%20SHORTEST%20PATH%20ALGORITHM%20ABDUL%20BARI,pendiente,,,,,,,
Mapa_Mate_discreta2.html:u1-s8:practica:0,Mapa_Mate_discreta2.html,1.8 PROBLEMAS DE CAMINOS MÍNIMOS: DIJKSTRA Y FLOYD-WARSHALL,u1-s8 · 1.8 PROBLEMAS DE CAMINOS MÍNIMOS: DIJKSTRA Y FLOYD-WARSHALL,Práctica,practica,BÁSICO TRAZA MANUAL DE DIJKSTRA SOBRE UNA RED DE 6 NODOS UTILIZANDO VECTORES DE DISTANCIA Y PREDECESORES.,,,,https://www.google.com/search?q=B%C3%81SICO%20TRAZA%20MANUAL%20DE%20DIJKSTRA%20SOBRE%20UNA%20RED%20DE%206%20NODOS%20UTILIZANDO%20VECTORES%20DE%20DISTANCIA%20Y%20PREDECESORES.,pendiente,,,,,,,
Mapa_Mate_discreta2.html:u1-s8:practica:1,Mapa_Mate_discreta2.html,1.8 PROBLEMAS DE CAMINOS MÍNIMOS: DIJKSTRA Y FLOYD-WARSHALL,u1-s8 · 1.8 PROBLEMAS DE CAMINOS MÍNIMOS: DIJKSTRA Y FLOYD-WARSHALL,Práctica,practica,"CAP. 22.2, PROBLEMAS 22.2-1 A 22.2-6 (CONSTRUCCIÓN DE SECUENCIAS DE MATRICES D^(K) EN FLOYD-WARSHALL).",INTERMEDIO CORMEN ET AL.,"CAP. 22.2, PROBLEMAS 22.2-1 A 22.2-6 (CONSTRUCCIÓN DE SECUENCIAS DE MATRICES D^(K) EN FLOYD-WARSHALL).",,https://www.google.com/search?q=CAP.%2022.2%2C%20PROBLEMAS%2022.2-1%20A%2022.2-6%20(CONSTRUCCI%C3%93N%20DE%20SECUENCIAS%20DE%20MATRICES%20D%5E(K)%20EN%20FLOYD-WARSHALL).%20INTERMEDIO%20CORMEN%20ET%20AL.,pendiente,,,,,,,
Mapa_Mate_discreta2.html:u1-s8:practica:2,Mapa_Mate_discreta2.html,1.8 PROBLEMAS DE CAMINOS MÍNIMOS: DIJKSTRA Y FLOYD-WARSHALL,u1-s8 · 1.8 PROBLEMAS DE CAMINOS MÍNIMOS: DIJKSTRA Y FLOYD-WARSHALL,Práctica,practica,"CAP. 9, EJERCICIOS DE PROGRAMACIÓN 9.15-9.20 (IMPLEMENTACIÓN DEL ALGORITMO DE RECONSTRUCCIÓN DE RUTAS EN C++).",AVANZADO WEISS,"CAP. 9, EJERCICIOS DE PROGRAMACIÓN 9.15-9.20 (IMPLEMENTACIÓN DEL ALGORITMO DE RECONSTRUCCIÓN DE RUTAS EN C++).",,https://www.google.com/search?q=CAP.%209%2C%20EJERCICIOS%20DE%20PROGRAMACI%C3%93N%209.15-9.20%20(IMPLEMENTACI%C3%93N%20DEL%20ALGORITMO%20DE%20RECONSTRUCCI%C3%93N%20DE%20RUTAS%20EN%20C%2B%2B).%20AVANZADO%20WEISS,pendiente,,,,,,,
Mapa_Mate_discreta2.html:u2-s1:biblio:0,Mapa_Mate_discreta2.html,"2.1 DEFINICIONES, TIPOS Y PROPIEDADES","u2-s1 · 2.1 DEFINICIONES, TIPOS Y PROPIEDADES",Bibliografía,libro,C,KENNETH H. ROSEN,"CAP. 11.1, PP. 745-755",,https://www.google.com/search?q=C%20KENNETH%20H.%20ROSEN,pendiente,,,,,,,
Mapa_Mate_discreta2.html:u2-s1:biblio:1,Mapa_Mate_discreta2.html,"2.1 DEFINICIONES, TIPOS Y PROPIEDADES","u2-s1 · 2.1 DEFINICIONES, TIPOS Y PROPIEDADES",Bibliografía,libro,C,RICHARD JOHNSONBAUGH,"CAP. 9.1, PP. 400-410",,https://www.google.com/search?q=C%20RICHARD%20JOHNSONBAUGH,pendiente,,,,,,,
Mapa_Mate_discreta2.html:u2-s1:biblio:2,Mapa_Mate_discreta2.html,"2.1 DEFINICIONES, TIPOS Y PROPIEDADES","u2-s1 · 2.1 DEFINICIONES, TIPOS Y PROPIEDADES",Bibliografía,libro,C,OSCAR LEVIN,"CAP. 4.2, PP. 250-255",,https://www.google.com/search?q=C%20OSCAR%20LEVIN,pendiente,,,,,,,
Mapa_Mate_discreta2.html:u2-s1:videos:0,Mapa_Mate_discreta2.html,"2.1 DEFINICIONES, TIPOS Y PROPIEDADES","u2-s1 · 2.1 DEFINICIONES, TIPOS Y PROPIEDADES",Videos,video,TREES IN GRAPH THEORY - PROPERTIES AND DEFINITIONS,NESO ACADEMY,,,https://www.youtube.com/results?search_query=TREES%20IN%20GRAPH%20THEORY%20-%20PROPERTIES%20AND%20DEFINITIONS%20NESO%20ACADEMY,pendiente,,,,,,,
Mapa_Mate_discreta2.html:u2-s1:videos:1,Mapa_Mate_discreta2.html,"2.1 DEFINICIONES, TIPOS Y PROPIEDADES","u2-s1 · 2.1 DEFINICIONES, TIPOS Y PROPIEDADES",Videos,video,INTRODUCTION TO TREES AND TREE PROPERTIES,ABDUL BARI,,,https://www.youtube.com/results?search_query=INTRODUCTION%20TO%20TREES%20AND%20TREE%20PROPERTIES%20ABDUL%20BARI,pendiente,,,,,,,
Mapa_Mate_discreta2.html:u2-s1:practica:0,Mapa_Mate_discreta2.html,"2.1 DEFINICIONES, TIPOS Y PROPIEDADES","u2-s1 · 2.1 DEFINICIONES, TIPOS Y PROPIEDADES",Práctica,practica,BÁSICO VERIFICACIÓN DE LA RELACIÓN ENTRE VÉRTICES Y ARISTAS EN UN BOSQUE DE K COMPONENTES.,,,,https://www.google.com/search?q=B%C3%81SICO%20VERIFICACI%C3%93N%20DE%20LA%20RELACI%C3%93N%20ENTRE%20V%C3%89RTICES%20Y%20ARISTAS%20EN%20UN%20BOSQUE%20DE%20K%20COMPONENTES.,pendiente,,,,,,,
Mapa_Mate_discreta2.html:u2-s1:practica:1,Mapa_Mate_discreta2.html,"2.1 DEFINICIONES, TIPOS Y PROPIEDADES","u2-s1 · 2.1 DEFINICIONES, TIPOS Y PROPIEDADES",Práctica,practica,"CAP. 4.2, PROBLEMAS 1-9 (DEMOSTRACIONES INDUCTIVAS SOBRE EL NÚMERO DE HOJAS).",INTERMEDIO LEVIN,"CAP. 4.2, PROBLEMAS 1-9 (DEMOSTRACIONES INDUCTIVAS SOBRE EL NÚMERO DE HOJAS).",,https://www.google.com/search?q=CAP.%204.2%2C%20PROBLEMAS%201-9%20(DEMOSTRACIONES%20INDUCTIVAS%20SOBRE%20EL%20N%C3%9AMERO%20DE%20HOJAS).%20INTERMEDIO%20LEVIN,pendiente,,,,,,,
Mapa_Mate_discreta2.html:u2-s1:practica:2,Mapa_Mate_discreta2.html,"2.1 DEFINICIONES, TIPOS Y PROPIEDADES","u2-s1 · 2.1 DEFINICIONES, TIPOS Y PROPIEDADES",Práctica,practica,"CAP. 11.1, PP. 755-757, PROBLEMAS 21-35 (DEMOSTRACIÓN RIGUROSA DE LAS EQUIVALENCIAS).",AVANZADO ROSEN,"CAP. 11.1, PP. 755-757, PROBLEMAS 21-35 (DEMOSTRACIÓN RIGUROSA DE LAS EQUIVALENCIAS).",,https://www.google.com/search?q=CAP.%2011.1%2C%20PP.%20755-757%2C%20PROBLEMAS%2021-35%20(DEMOSTRACI%C3%93N%20RIGUROSA%20DE%20LAS%20EQUIVALENCIAS).%20AVANZADO%20ROSEN,pendiente,,,,,,,
Mapa_Mate_discreta2.html:u2-s2:biblio:0,Mapa_Mate_discreta2.html,2.2 ÁRBOLES CON RAÍZ,u2-s2 · 2.2 ÁRBOLES CON RAÍZ,Bibliografía,libro,C,KENNETH H. ROSEN,"CAP. 11.2, PP. 755-765",,https://www.google.com/search?q=C%20KENNETH%20H.%20ROSEN,pendiente,,,,,,,
Mapa_Mate_discreta2.html:u2-s2:biblio:1,Mapa_Mate_discreta2.html,2.2 ÁRBOLES CON RAÍZ,u2-s2 · 2.2 ÁRBOLES CON RAÍZ,Bibliografía,libro,C,RICHARD JOHNSONBAUGH,"CAP. 9.2, PP. 415-420",,https://www.google.com/search?q=C%20RICHARD%20JOHNSONBAUGH,pendiente,,,,,,,
Mapa_Mate_discreta2.html:u2-s2:biblio:2,Mapa_Mate_discreta2.html,2.2 ÁRBOLES CON RAÍZ,u2-s2 · 2.2 ÁRBOLES CON RAÍZ,Bibliografía,libro,C,NORMAN L. BIGGS,"CAP. 16.1-16.2, PP. 290-295",,https://www.google.com/search?q=C%20NORMAN%20L.%20BIGGS,pendiente,,,,,,,
Mapa_Mate_discreta2.html:u2-s2:videos:0,Mapa_Mate_discreta2.html,2.2 ÁRBOLES CON RAÍZ,u2-s2 · 2.2 ÁRBOLES CON RAÍZ,Videos,video,"ROOTED TREES, M-ARY TREES, AND HEIGHT",NESO ACADEMY,,,https://www.youtube.com/results?search_query=ROOTED%20TREES%2C%20M-ARY%20TREES%2C%20AND%20HEIGHT%20NESO%20ACADEMY,pendiente,,,,,,,
Mapa_Mate_discreta2.html:u2-s2:videos:1,Mapa_Mate_discreta2.html,2.2 ÁRBOLES CON RAÍZ,u2-s2 · 2.2 ÁRBOLES CON RAÍZ,Videos,video,ROOTED TREES AND PROPERTIES,TREVTUTOR,,,https://www.youtube.com/results?search_query=ROOTED%20TREES%20AND%20PROPERTIES%20TREVTUTOR,pendiente,,,,,,,
Mapa_Mate_discreta2.html:u2-s2:practica:0,Mapa_Mate_discreta2.html,2.2 ÁRBOLES CON RAÍZ,u2-s2 · 2.2 ÁRBOLES CON RAÍZ,Práctica,practica,"BÁSICO CÁLCULO DE ALTURA, NIVEL Y RELACIÓN DE ANCESTROS EN UNA JERARQUÍA DADA.",,,,https://www.google.com/search?q=B%C3%81SICO%20C%C3%81LCULO%20DE%20ALTURA%2C%20NIVEL%20Y%20RELACI%C3%93N%20DE%20ANCESTROS%20EN%20UNA%20JERARQU%C3%8DA%20DADA.,pendiente,,,,,,,
Mapa_Mate_discreta2.html:u2-s2:practica:1,Mapa_Mate_discreta2.html,2.2 ÁRBOLES CON RAÍZ,u2-s2 · 2.2 ÁRBOLES CON RAÍZ,Práctica,practica,"CAP. 9.2, EJERCICIOS 8-20 (DEMOSTRACIÓN DE LA COTA MÁXIMA DE HOJAS L ≤ M^H).",INTERMEDIO JOHNSONBAUGH,"CAP. 9.2, EJERCICIOS 8-20 (DEMOSTRACIÓN DE LA COTA MÁXIMA DE HOJAS L ≤ M^H).",,https://www.google.com/search?q=CAP.%209.2%2C%20EJERCICIOS%208-20%20(DEMOSTRACI%C3%93N%20DE%20LA%20COTA%20M%C3%81XIMA%20DE%20HOJAS%20L%20%E2%89%A4%20M%5EH).%20INTERMEDIO%20JOHNSONBAUGH,pendiente,,,,,,,
Mapa_Mate_discreta2.html:u2-s2:practica:2,Mapa_Mate_discreta2.html,2.2 ÁRBOLES CON RAÍZ,u2-s2 · 2.2 ÁRBOLES CON RAÍZ,Práctica,practica,"CAP. 11.2, PP. 767-769, PROBLEMAS 28-39 (RESOLUCIÓN DE ECUACIONES TEÓRICAS DE ÁRBOLES M-ARIOS).",AVANZADO ROSEN,"CAP. 11.2, PP. 767-769, PROBLEMAS 28-39 (RESOLUCIÓN DE ECUACIONES TEÓRICAS DE ÁRBOLES M-ARIOS).",,https://www.google.com/search?q=CAP.%2011.2%2C%20PP.%20767-769%2C%20PROBLEMAS%2028-39%20(RESOLUCI%C3%93N%20DE%20ECUACIONES%20TE%C3%93RICAS%20DE%20%C3%81RBOLES%20M-ARIOS).%20AVANZADO%20ROSEN,pendiente,,,,,,,
Mapa_Mate_discreta2.html:u2-s3:biblio:0,Mapa_Mate_discreta2.html,2.3 REPRESENTACIÓN DE ÁRBOLES BINARIOS POSICIONALES EN COMPUTADORAS,u2-s3 · 2.3 REPRESENTACIÓN DE ÁRBOLES BINARIOS POSICIONALES EN COMPUTADORAS,Bibliografía,libro,C,THOMAS H. CORMEN ET AL.,"CAP. 10.3, PP. 265-272",,https://www.google.com/search?q=C%20THOMAS%20H.%20CORMEN%20ET%20AL.,pendiente,,,,,,,
Mapa_Mate_discreta2.html:u2-s3:biblio:1,Mapa_Mate_discreta2.html,2.3 REPRESENTACIÓN DE ÁRBOLES BINARIOS POSICIONALES EN COMPUTADORAS,u2-s3 · 2.3 REPRESENTACIÓN DE ÁRBOLES BINARIOS POSICIONALES EN COMPUTADORAS,Bibliografía,libro,C,MARK ALLEN WEISS,"CAP. 4.1-4.2, PP. 121-135",,https://www.google.com/search?q=C%20MARK%20ALLEN%20WEISS,pendiente,,,,,,,
Mapa_Mate_discreta2.html:u2-s3:biblio:2,Mapa_Mate_discreta2.html,2.3 REPRESENTACIÓN DE ÁRBOLES BINARIOS POSICIONALES EN COMPUTADORAS,u2-s3 · 2.3 REPRESENTACIÓN DE ÁRBOLES BINARIOS POSICIONALES EN COMPUTADORAS,Bibliografía,libro,C,KENNETH H. ROSEN,"CAP. 11.2, PP. 765-770",,https://www.google.com/search?q=C%20KENNETH%20H.%20ROSEN,pendiente,,,,,,,
Mapa_Mate_discreta2.html:u2-s3:videos:0,Mapa_Mate_discreta2.html,2.3 REPRESENTACIÓN DE ÁRBOLES BINARIOS POSICIONALES EN COMPUTADORAS,u2-s3 · 2.3 REPRESENTACIÓN DE ÁRBOLES BINARIOS POSICIONALES EN COMPUTADORAS,Videos,video,BINARY TREE DATA STRUCTURE AND REPRESENTATION,ABDUL BARI,,,https://www.youtube.com/results?search_query=BINARY%20TREE%20DATA%20STRUCTURE%20AND%20REPRESENTATION%20ABDUL%20BARI,pendiente,,,,,,,
Mapa_Mate_discreta2.html:u2-s3:videos:1,Mapa_Mate_discreta2.html,2.3 REPRESENTACIÓN DE ÁRBOLES BINARIOS POSICIONALES EN COMPUTADORAS,u2-s3 · 2.3 REPRESENTACIÓN DE ÁRBOLES BINARIOS POSICIONALES EN COMPUTADORAS,Videos,video,BINARY TREE - ARRAY AND LINKED LIST IMPLEMENTATION,MYCODESCHOOL,,,https://www.youtube.com/results?search_query=BINARY%20TREE%20-%20ARRAY%20AND%20LINKED%20LIST%20IMPLEMENTATION%20MYCODESCHOOL,pendiente,,,,,,,
Mapa_Mate_discreta2.html:u2-s3:practica:0,Mapa_Mate_discreta2.html,2.3 REPRESENTACIÓN DE ÁRBOLES BINARIOS POSICIONALES EN COMPUTADORAS,u2-s3 · 2.3 REPRESENTACIÓN DE ÁRBOLES BINARIOS POSICIONALES EN COMPUTADORAS,Práctica,practica,BÁSICO MAPEO MANUAL DE UN ÁRBOL BINARIO COMPLETO A UN ARREGLO UNIDIMENSIONAL.,,,,https://www.google.com/search?q=B%C3%81SICO%20MAPEO%20MANUAL%20DE%20UN%20%C3%81RBOL%20BINARIO%20COMPLETO%20A%20UN%20ARREGLO%20UNIDIMENSIONAL.,pendiente,,,,,,,
Mapa_Mate_discreta2.html:u2-s3:practica:1,Mapa_Mate_discreta2.html,2.3 REPRESENTACIÓN DE ÁRBOLES BINARIOS POSICIONALES EN COMPUTADORAS,u2-s3 · 2.3 REPRESENTACIÓN DE ÁRBOLES BINARIOS POSICIONALES EN COMPUTADORAS,Práctica,practica,EJERCICIOS 4.1-4.10 (CODIFICACIÓN DE ESTRUCTURAS NODALES CON PUNTEROS DOBLES EN C++).,INTERMEDIO WEISS,EJERCICIOS 4.1-4.10 (CODIFICACIÓN DE ESTRUCTURAS NODALES CON PUNTEROS DOBLES EN C++).,,https://www.google.com/search?q=EJERCICIOS%204.1-4.10%20(CODIFICACI%C3%93N%20DE%20ESTRUCTURAS%20NODALES%20CON%20PUNTEROS%20DOBLES%20EN%20C%2B%2B).%20INTERMEDIO%20WEISS,pendiente,,,,,,,
Mapa_Mate_discreta2.html:u2-s3:practica:2,Mapa_Mate_discreta2.html,2.3 REPRESENTACIÓN DE ÁRBOLES BINARIOS POSICIONALES EN COMPUTADORAS,u2-s3 · 2.3 REPRESENTACIÓN DE ÁRBOLES BINARIOS POSICIONALES EN COMPUTADORAS,Práctica,practica,EJERCICIO 10.3-4 (REPRESENTACIÓN PRIMER-HIJO / HERMANO-DERECHO).,AVANZADO CORMEN ET AL.,EJERCICIO 10.3-4 (REPRESENTACIÓN PRIMER-HIJO / HERMANO-DERECHO).,,https://www.google.com/search?q=EJERCICIO%2010.3-4%20(REPRESENTACI%C3%93N%20PRIMER-HIJO%20%2F%20HERMANO-DERECHO).%20AVANZADO%20CORMEN%20ET%20AL.,pendiente,,,,,,,
Mapa_Mate_discreta2.html:u2-s4:biblio:0,Mapa_Mate_discreta2.html,2.4 ISOMORFISMO DE ÁRBOLES,u2-s4 · 2.4 ISOMORFISMO DE ÁRBOLES,Bibliografía,libro,C,KENNETH H. ROSEN,"CAP. 11.3, PP. 770-775",,https://www.google.com/search?q=C%20KENNETH%20H.%20ROSEN,pendiente,,,,,,,
Mapa_Mate_discreta2.html:u2-s4:biblio:1,Mapa_Mate_discreta2.html,2.4 ISOMORFISMO DE ÁRBOLES,u2-s4 · 2.4 ISOMORFISMO DE ÁRBOLES,Bibliografía,libro,C,RICHARD JOHNSONBAUGH,"CAP. 9.4, PP. 425-430",,https://www.google.com/search?q=C%20RICHARD%20JOHNSONBAUGH,pendiente,,,,,,,
Mapa_Mate_discreta2.html:u2-s4:biblio:2,Mapa_Mate_discreta2.html,2.4 ISOMORFISMO DE ÁRBOLES,u2-s4 · 2.4 ISOMORFISMO DE ÁRBOLES,Bibliografía,libro,C,NORMAN L. BIGGS,"CAP. 16.3, PP. 300-305",,https://www.google.com/search?q=C%20NORMAN%20L.%20BIGGS,pendiente,,,,,,,
Mapa_Mate_discreta2.html:u2-s4:videos:0,Mapa_Mate_discreta2.html,2.4 ISOMORFISMO DE ÁRBOLES,u2-s4 · 2.4 ISOMORFISMO DE ÁRBOLES,Videos,video,TREE ISOMORPHISM,NESO ACADEMY,,,https://www.youtube.com/results?search_query=TREE%20ISOMORPHISM%20NESO%20ACADEMY,pendiente,,,,,,,
Mapa_Mate_discreta2.html:u2-s4:videos:1,Mapa_Mate_discreta2.html,2.4 ISOMORFISMO DE ÁRBOLES,u2-s4 · 2.4 ISOMORFISMO DE ÁRBOLES,Videos,video,ROOTED TREE ISOMORPHISM ALGORITHM,EASY THEORY,,,https://www.youtube.com/results?search_query=ROOTED%20TREE%20ISOMORPHISM%20ALGORITHM%20EASY%20THEORY,pendiente,,,,,,,
Mapa_Mate_discreta2.html:u2-s4:practica:0,Mapa_Mate_discreta2.html,2.4 ISOMORFISMO DE ÁRBOLES,u2-s4 · 2.4 ISOMORFISMO DE ÁRBOLES,Práctica,practica,BÁSICO GENERACIÓN DE TODOS LOS ÁRBOLES LIBRES NO ISOMORFOS DE ORDEN 6.,,,,https://www.google.com/search?q=B%C3%81SICO%20GENERACI%C3%93N%20DE%20TODOS%20LOS%20%C3%81RBOLES%20LIBRES%20NO%20ISOMORFOS%20DE%20ORDEN%206.,pendiente,,,,,,,
Mapa_Mate_discreta2.html:u2-s4:practica:1,Mapa_Mate_discreta2.html,2.4 ISOMORFISMO DE ÁRBOLES,u2-s4 · 2.4 ISOMORFISMO DE ÁRBOLES,Práctica,practica,"CAP. 9.4, EJERCICIOS 1-12 (CODIFICACIÓN NIVEL POR NIVEL PARA VERIFICACIÓN).",INTERMEDIO JOHNSONBAUGH,"CAP. 9.4, EJERCICIOS 1-12 (CODIFICACIÓN NIVEL POR NIVEL PARA VERIFICACIÓN).",,https://www.google.com/search?q=CAP.%209.4%2C%20EJERCICIOS%201-12%20(CODIFICACI%C3%93N%20NIVEL%20POR%20NIVEL%20PARA%20VERIFICACI%C3%93N).%20INTERMEDIO%20JOHNSONBAUGH,pendiente,,,,,,,
Mapa_Mate_discreta2.html:u2-s4:practica:2,Mapa_Mate_discreta2.html,2.4 ISOMORFISMO DE ÁRBOLES,u2-s4 · 2.4 ISOMORFISMO DE ÁRBOLES,Práctica,practica,"CAP. 11.3, PP. 775-777, PROBLEMAS 15-24 (EJECUCIÓN DEL ALGORITMO AHU).",AVANZADO ROSEN,"CAP. 11.3, PP. 775-777, PROBLEMAS 15-24 (EJECUCIÓN DEL ALGORITMO AHU).",,https://www.google.com/search?q=CAP.%2011.3%2C%20PP.%20775-777%2C%20PROBLEMAS%2015-24%20(EJECUCI%C3%93N%20DEL%20ALGORITMO%20AHU).%20AVANZADO%20ROSEN,pendiente,,,,,,,
Mapa_Mate_discreta2.html:u2-s5:biblio:0,Mapa_Mate_discreta2.html,2.5 ÁRBOL BINARIO DE BÚSQUEDA (ABB),u2-s5 · 2.5 ÁRBOL BINARIO DE BÚSQUEDA (ABB),Bibliografía,libro,C,THOMAS H. CORMEN ET AL.,"CAP. 12.1-12.3, PP. 312-335",,https://www.google.com/search?q=C%20THOMAS%20H.%20CORMEN%20ET%20AL.,pendiente,,,,,,,
Mapa_Mate_discreta2.html:u2-s5:biblio:1,Mapa_Mate_discreta2.html,2.5 ÁRBOL BINARIO DE BÚSQUEDA (ABB),u2-s5 · 2.5 ÁRBOL BINARIO DE BÚSQUEDA (ABB),Bibliografía,libro,C,MARK ALLEN WEISS,"CAP. 4.3, PP. 136-158",,https://www.google.com/search?q=C%20MARK%20ALLEN%20WEISS,pendiente,,,,,,,
Mapa_Mate_discreta2.html:u2-s5:biblio:2,Mapa_Mate_discreta2.html,2.5 ÁRBOL BINARIO DE BÚSQUEDA (ABB),u2-s5 · 2.5 ÁRBOL BINARIO DE BÚSQUEDA (ABB),Bibliografía,libro,C,KENNETH H. ROSEN,"CAP. 11.3, PP. 775-785",,https://www.google.com/search?q=C%20KENNETH%20H.%20ROSEN,pendiente,,,,,,,
Mapa_Mate_discreta2.html:u2-s5:videos:0,Mapa_Mate_discreta2.html,2.5 ÁRBOL BINARIO DE BÚSQUEDA (ABB),u2-s5 · 2.5 ÁRBOL BINARIO DE BÚSQUEDA (ABB),Videos,video,"BINARY SEARCH TREE (BST) - INSERTION, DELETION, AND TRAVERSALS",ABDUL BARI,,,https://www.youtube.com/results?search_query=BINARY%20SEARCH%20TREE%20(BST)%20-%20INSERTION%2C%20DELETION%2C%20AND%20TRAVERSALS%20ABDUL%20BARI,pendiente,,,,,,,
Mapa_Mate_discreta2.html:u2-s5:videos:1,Mapa_Mate_discreta2.html,2.5 ÁRBOL BINARIO DE BÚSQUEDA (ABB),u2-s5 · 2.5 ÁRBOL BINARIO DE BÚSQUEDA (ABB),Videos,video,BINARY SEARCH TREE OPERATIONS,FREECODECAMP,,,https://www.youtube.com/results?search_query=BINARY%20SEARCH%20TREE%20OPERATIONS%20FREECODECAMP,pendiente,,,,,,,
Mapa_Mate_discreta2.html:u2-s5:practica:0,Mapa_Mate_discreta2.html,2.5 ÁRBOL BINARIO DE BÚSQUEDA (ABB),u2-s5 · 2.5 ÁRBOL BINARIO DE BÚSQUEDA (ABB),Práctica,practica,BÁSICO TRAZA DE UN ABB TRAS UNA SERIE DE INSERCIONES Y POSTERIOR ELIMINACIÓN DE UN NODO CON DOS SUBÁRBOLES.,,,,https://www.google.com/search?q=B%C3%81SICO%20TRAZA%20DE%20UN%20ABB%20TRAS%20UNA%20SERIE%20DE%20INSERCIONES%20Y%20POSTERIOR%20ELIMINACI%C3%93N%20DE%20UN%20NODO%20CON%20DOS%20SUB%C3%81RBOLES.,pendiente,,,,,,,
Mapa_Mate_discreta2.html:u2-s5:practica:1,Mapa_Mate_discreta2.html,2.5 ÁRBOL BINARIO DE BÚSQUEDA (ABB),u2-s5 · 2.5 ÁRBOL BINARIO DE BÚSQUEDA (ABB),Práctica,practica,EJERCICIOS 4.11-4.25 (IMPLEMENTACIÓN DEL RECORRIDO INORDEN NO RECURSIVO AUXILIADO POR UNA PILA).,INTERMEDIO WEISS,EJERCICIOS 4.11-4.25 (IMPLEMENTACIÓN DEL RECORRIDO INORDEN NO RECURSIVO AUXILIADO POR UNA PILA).,,https://www.google.com/search?q=EJERCICIOS%204.11-4.25%20(IMPLEMENTACI%C3%93N%20DEL%20RECORRIDO%20INORDEN%20NO%20RECURSIVO%20AUXILIADO%20POR%20UNA%20PILA).%20INTERMEDIO%20WEISS,pendiente,,,,,,,
Mapa_Mate_discreta2.html:u2-s5:practica:2,Mapa_Mate_discreta2.html,2.5 ÁRBOL BINARIO DE BÚSQUEDA (ABB),u2-s5 · 2.5 ÁRBOL BINARIO DE BÚSQUEDA (ABB),Práctica,practica,"CAP. 12.3, PROBLEMAS 12.3-1 A 12.3-6 (ANÁLISIS DEL NÚMERO PROMEDIO DE COMPARACIONES).",AVANZADO CORMEN ET AL.,"CAP. 12.3, PROBLEMAS 12.3-1 A 12.3-6 (ANÁLISIS DEL NÚMERO PROMEDIO DE COMPARACIONES).",,https://www.google.com/search?q=CAP.%2012.3%2C%20PROBLEMAS%2012.3-1%20A%2012.3-6%20(AN%C3%81LISIS%20DEL%20N%C3%9AMERO%20PROMEDIO%20DE%20COMPARACIONES).%20AVANZADO%20CORMEN%20ET%20AL.,pendiente,,,,,,,
Mapa_Mate_discreta2.html:u2-s6:biblio:0,Mapa_Mate_discreta2.html,2.6 ÁRBOLES DE EXPANSIÓN,u2-s6 · 2.6 ÁRBOLES DE EXPANSIÓN,Bibliografía,libro,C,KENNETH H. ROSEN,"CAP. 11.4, PP. 785-795",,https://www.google.com/search?q=C%20KENNETH%20H.%20ROSEN,pendiente,,,,,,,
Mapa_Mate_discreta2.html:u2-s6:biblio:1,Mapa_Mate_discreta2.html,2.6 ÁRBOLES DE EXPANSIÓN,u2-s6 · 2.6 ÁRBOLES DE EXPANSIÓN,Bibliografía,libro,C,RICHARD JOHNSONBAUGH,"CAP. 9.5, PP. 435-440",,https://www.google.com/search?q=C%20RICHARD%20JOHNSONBAUGH,pendiente,,,,,,,
Mapa_Mate_discreta2.html:u2-s6:biblio:2,Mapa_Mate_discreta2.html,2.6 ÁRBOLES DE EXPANSIÓN,u2-s6 · 2.6 ÁRBOLES DE EXPANSIÓN,Bibliografía,libro,C,OSCAR LEVIN,"CAP. 4.3, PP. 255-260",,https://www.google.com/search?q=C%20OSCAR%20LEVIN,pendiente,,,,,,,
Mapa_Mate_discreta2.html:u2-s6:videos:0,Mapa_Mate_discreta2.html,2.6 ÁRBOLES DE EXPANSIÓN,u2-s6 · 2.6 ÁRBOLES DE EXPANSIÓN,Videos,video,GRAPH TRAVERSALS - BREADTH FIRST SEARCH (BFS) AND DEPTH FIRST SEARCH (DFS),ABDUL BARI,,,https://www.youtube.com/results?search_query=GRAPH%20TRAVERSALS%20-%20BREADTH%20FIRST%20SEARCH%20(BFS)%20AND%20DEPTH%20FIRST%20SEARCH%20(DFS)%20ABDUL%20BARI,pendiente,,,,,,,
Mapa_Mate_discreta2.html:u2-s6:videos:1,Mapa_Mate_discreta2.html,2.6 ÁRBOLES DE EXPANSIÓN,u2-s6 · 2.6 ÁRBOLES DE EXPANSIÓN,Videos,video,SPANNING TREES AND BREADTH/DEPTH FIRST SEARCH,NESO ACADEMY,,,https://www.youtube.com/results?search_query=SPANNING%20TREES%20AND%20BREADTH%2FDEPTH%20FIRST%20SEARCH%20NESO%20ACADEMY,pendiente,,,,,,,
Mapa_Mate_discreta2.html:u2-s6:practica:0,Mapa_Mate_discreta2.html,2.6 ÁRBOLES DE EXPANSIÓN,u2-s6 · 2.6 ÁRBOLES DE EXPANSIÓN,Práctica,practica,BÁSICO OBTENCIÓN EXPLÍCITA DEL ÁRBOL RECUBRIDOR DFS Y BFS PARA UN GRAFO NO DIRIGIDO DE 8 VÉRTICES.,,,,https://www.google.com/search?q=B%C3%81SICO%20OBTENCI%C3%93N%20EXPL%C3%8DCITA%20DEL%20%C3%81RBOL%20RECUBRIDOR%20DFS%20Y%20BFS%20PARA%20UN%20GRAFO%20NO%20DIRIGIDO%20DE%208%20V%C3%89RTICES.,pendiente,,,,,,,
Mapa_Mate_discreta2.html:u2-s6:practica:1,Mapa_Mate_discreta2.html,2.6 ÁRBOLES DE EXPANSIÓN,u2-s6 · 2.6 ÁRBOLES DE EXPANSIÓN,Práctica,practica,"CAP. 4.3, PROBLEMAS 1-8.",INTERMEDIO LEVIN,"CAP. 4.3, PROBLEMAS 1-8.",,https://www.google.com/search?q=CAP.%204.3%2C%20PROBLEMAS%201-8.%20INTERMEDIO%20LEVIN,pendiente,,,,,,,
Mapa_Mate_discreta2.html:u2-s6:practica:2,Mapa_Mate_discreta2.html,2.6 ÁRBOLES DE EXPANSIÓN,u2-s6 · 2.6 ÁRBOLES DE EXPANSIÓN,Práctica,practica,"CAP. 11.4, PP. 795-798, PROBLEMAS 22-35 (PROPIEDADES DE CORTES Y CICLOS FUNDAMENTALES).",AVANZADO ROSEN,"CAP. 11.4, PP. 795-798, PROBLEMAS 22-35 (PROPIEDADES DE CORTES Y CICLOS FUNDAMENTALES).",,https://www.google.com/search?q=CAP.%2011.4%2C%20PP.%20795-798%2C%20PROBLEMAS%2022-35%20(PROPIEDADES%20DE%20CORTES%20Y%20CICLOS%20FUNDAMENTALES).%20AVANZADO%20ROSEN,pendiente,,,,,,,
Mapa_Mate_discreta2.html:u2-s7:biblio:0,Mapa_Mate_discreta2.html,2.7 ÁRBOLES DE EXPANSIÓN MINIMALES: PRIM Y KRUSKAL,u2-s7 · 2.7 ÁRBOLES DE EXPANSIÓN MINIMALES: PRIM Y KRUSKAL,Bibliografía,libro,C,THOMAS H. CORMEN ET AL.,"CAP. 20.1-20.2, PP. 562-588",,https://www.google.com/search?q=C%20THOMAS%20H.%20CORMEN%20ET%20AL.,pendiente,,,,,,,
Mapa_Mate_discreta2.html:u2-s7:biblio:1,Mapa_Mate_discreta2.html,2.7 ÁRBOLES DE EXPANSIÓN MINIMALES: PRIM Y KRUSKAL,u2-s7 · 2.7 ÁRBOLES DE EXPANSIÓN MINIMALES: PRIM Y KRUSKAL,Bibliografía,libro,C,MARK ALLEN WEISS,"CAP. 9.5, PP. 412-425",,https://www.google.com/search?q=C%20MARK%20ALLEN%20WEISS,pendiente,,,,,,,
Mapa_Mate_discreta2.html:u2-s7:biblio:2,Mapa_Mate_discreta2.html,2.7 ÁRBOLES DE EXPANSIÓN MINIMALES: PRIM Y KRUSKAL,u2-s7 · 2.7 ÁRBOLES DE EXPANSIÓN MINIMALES: PRIM Y KRUSKAL,Bibliografía,libro,C,KENNETH H. ROSEN,"CAP. 11.5, PP. 795-805",,https://www.google.com/search?q=C%20KENNETH%20H.%20ROSEN,pendiente,,,,,,,
Mapa_Mate_discreta2.html:u2-s7:videos:0,Mapa_Mate_discreta2.html,2.7 ÁRBOLES DE EXPANSIÓN MINIMALES: PRIM Y KRUSKAL,u2-s7 · 2.7 ÁRBOLES DE EXPANSIÓN MINIMALES: PRIM Y KRUSKAL,Videos,video,3.5 PRIM'S AND KRUSKAL'S ALGORITHMS - GREEDY METHOD,ABDUL BARI,,,https://www.youtube.com/results?search_query=3.5%20PRIM'S%20AND%20KRUSKAL'S%20ALGORITHMS%20-%20GREEDY%20METHOD%20ABDUL%20BARI,pendiente,,,,,,,
Mapa_Mate_discreta2.html:u2-s7:videos:1,Mapa_Mate_discreta2.html,2.7 ÁRBOLES DE EXPANSIÓN MINIMALES: PRIM Y KRUSKAL,u2-s7 · 2.7 ÁRBOLES DE EXPANSIÓN MINIMALES: PRIM Y KRUSKAL,Videos,video,MINIMUM SPANNING TREE - PRIM'S & KRUSKAL'S,NESO ACADEMY,,,https://www.youtube.com/results?search_query=MINIMUM%20SPANNING%20TREE%20-%20PRIM'S%20%26%20KRUSKAL'S%20NESO%20ACADEMY,pendiente,,,,,,,
Mapa_Mate_discreta2.html:u2-s7:practica:0,Mapa_Mate_discreta2.html,2.7 ÁRBOLES DE EXPANSIÓN MINIMALES: PRIM Y KRUSKAL,u2-s7 · 2.7 ÁRBOLES DE EXPANSIÓN MINIMALES: PRIM Y KRUSKAL,Práctica,practica,BÁSICO EJECUCIÓN MANUAL COMPARATIVA DE PRIM Y KRUSKAL SOBRE UNA RED PONDERADA NO ORIENTADA.,,,,https://www.google.com/search?q=B%C3%81SICO%20EJECUCI%C3%93N%20MANUAL%20COMPARATIVA%20DE%20PRIM%20Y%20KRUSKAL%20SOBRE%20UNA%20RED%20PONDERADA%20NO%20ORIENTADA.,pendiente,,,,,,,
Mapa_Mate_discreta2.html:u2-s7:practica:1,Mapa_Mate_discreta2.html,2.7 ÁRBOLES DE EXPANSIÓN MINIMALES: PRIM Y KRUSKAL,u2-s7 · 2.7 ÁRBOLES DE EXPANSIÓN MINIMALES: PRIM Y KRUSKAL,Práctica,practica,"CAP. 20.2, PROBLEMAS 20.2-1 A 20.2-8 (PROPIEDAD DEL CORTE).",INTERMEDIO CORMEN ET AL.,"CAP. 20.2, PROBLEMAS 20.2-1 A 20.2-8 (PROPIEDAD DEL CORTE).",,https://www.google.com/search?q=CAP.%2020.2%2C%20PROBLEMAS%2020.2-1%20A%2020.2-8%20(PROPIEDAD%20DEL%20CORTE).%20INTERMEDIO%20CORMEN%20ET%20AL.,pendiente,,,,,,,
Mapa_Mate_discreta2.html:u2-s7:practica:2,Mapa_Mate_discreta2.html,2.7 ÁRBOLES DE EXPANSIÓN MINIMALES: PRIM Y KRUSKAL,u2-s7 · 2.7 ÁRBOLES DE EXPANSIÓN MINIMALES: PRIM Y KRUSKAL,Práctica,practica,"CAP. 9, EJERCICIOS 9.28-9.35 (IMPLEMENTACIÓN ÓPTIMA DE KRUSKAL UTILIZANDO COMPRESIÓN DE CAMINOS).",AVANZADO WEISS,"CAP. 9, EJERCICIOS 9.28-9.35 (IMPLEMENTACIÓN ÓPTIMA DE KRUSKAL UTILIZANDO COMPRESIÓN DE CAMINOS).",,https://www.google.com/search?q=CAP.%209%2C%20EJERCICIOS%209.28-9.35%20(IMPLEMENTACI%C3%93N%20%C3%93PTIMA%20DE%20KRUSKAL%20UTILIZANDO%20COMPRESI%C3%93N%20DE%20CAMINOS).%20AVANZADO%20WEISS,pendiente,,,,,,,
Mapa_Mate_discreta2.html:u3-s1:biblio:0,Mapa_Mate_discreta2.html,3.1 DEFINICIONES PREVIAS,u3-s1 · 3.1 DEFINICIONES PREVIAS,Bibliografía,libro,A,PETER LINZ Y SUSAN H. RODGER,"AN INTRODUCTION TO FORMAL LANGUAGES AND AUTOMATA (7ª ED.), CAP. 1.1, PP. 1-14",,https://www.google.com/search?q=A%20PETER%20LINZ%20Y%20SUSAN%20H.%20RODGER,pendiente,,,,,,,
Mapa_Mate_discreta2.html:u3-s1:biblio:1,Mapa_Mate_discreta2.html,3.1 DEFINICIONES PREVIAS,u3-s1 · 3.1 DEFINICIONES PREVIAS,Bibliografía,libro,I,JOHN E. HOPCROFT ET AL.,"INTRODUCTION TO AUTOMATA THEORY, LANGUAGES, AND COMPUTATION (3ª ED.), CAP. 1.5, PP. 19-28",,https://www.google.com/search?q=I%20JOHN%20E.%20HOPCROFT%20ET%20AL.,pendiente,,,,,,,
Mapa_Mate_discreta2.html:u3-s1:biblio:2,Mapa_Mate_discreta2.html,3.1 DEFINICIONES PREVIAS,u3-s1 · 3.1 DEFINICIONES PREVIAS,Bibliografía,libro,C,KENNETH H. ROSEN,"CAP. 13.1, PP. 847-852",,https://www.google.com/search?q=C%20KENNETH%20H.%20ROSEN,pendiente,,,,,,,
Mapa_Mate_discreta2.html:u3-s1:videos:0,Mapa_Mate_discreta2.html,3.1 DEFINICIONES PREVIAS,u3-s1 · 3.1 DEFINICIONES PREVIAS,Videos,video,"TOC: SYMBOLS, ALPHABETS, AND STRINGS",NESO ACADEMY,,,https://www.youtube.com/results?search_query=TOC%3A%20SYMBOLS%2C%20ALPHABETS%2C%20AND%20STRINGS%20NESO%20ACADEMY,pendiente,,,,,,,
Mapa_Mate_discreta2.html:u3-s1:videos:1,Mapa_Mate_discreta2.html,3.1 DEFINICIONES PREVIAS,u3-s1 · 3.1 DEFINICIONES PREVIAS,Videos,video,"FORMAL LANGUAGES - ALPHABETS, STRINGS AND LANGUAGES",EASY THEORY,,,https://www.youtube.com/results?search_query=FORMAL%20LANGUAGES%20-%20ALPHABETS%2C%20STRINGS%20AND%20LANGUAGES%20EASY%20THEORY,pendiente,,,,,,,
Mapa_Mate_discreta2.html:u3-s1:practica:0,Mapa_Mate_discreta2.html,3.1 DEFINICIONES PREVIAS,u3-s1 · 3.1 DEFINICIONES PREVIAS,Práctica,practica,EJERCICIOS RESUELTOS DE INDUCCIÓN SOBRE LONGITUD DE CADENAS Y CONCATENACIÓN.,BÁSICO NESO ACADEMY,EJERCICIOS RESUELTOS DE INDUCCIÓN SOBRE LONGITUD DE CADENAS Y CONCATENACIÓN.,,https://www.google.com/search?q=EJERCICIOS%20RESUELTOS%20DE%20INDUCCI%C3%93N%20SOBRE%20LONGITUD%20DE%20CADENAS%20Y%20CONCATENACI%C3%93N.%20B%C3%81SICO%20NESO%20ACADEMY,pendiente,,,,,,,
Mapa_Mate_discreta2.html:u3-s1:practica:1,Mapa_Mate_discreta2.html,3.1 DEFINICIONES PREVIAS,u3-s1 · 3.1 DEFINICIONES PREVIAS,Práctica,practica,"CAP. 1.1, PP. 14-16, EJERCICIOS 1-15 (DEMOSTRACIÓN INDUCTIVA DE LA REVERSIÓN).",INTERMEDIO LINZ & RODGER,"CAP. 1.1, PP. 14-16, EJERCICIOS 1-15 (DEMOSTRACIÓN INDUCTIVA DE LA REVERSIÓN).",,https://www.google.com/search?q=CAP.%201.1%2C%20PP.%2014-16%2C%20EJERCICIOS%201-15%20(DEMOSTRACI%C3%93N%20INDUCTIVA%20DE%20LA%20REVERSI%C3%93N).%20INTERMEDIO%20LINZ%20%26%20RODGER,pendiente,,,,,,,
Mapa_Mate_discreta2.html:u3-s1:practica:2,Mapa_Mate_discreta2.html,3.1 DEFINICIONES PREVIAS,u3-s1 · 3.1 DEFINICIONES PREVIAS,Práctica,practica,"CAP. 1.5, EJERCICIOS SOBRE INDUCCIÓN ESTRUCTURAL EN LENGUAJES INFINITOS.",AVANZADO HOPCROFT ET AL.,"CAP. 1.5, EJERCICIOS SOBRE INDUCCIÓN ESTRUCTURAL EN LENGUAJES INFINITOS.",,https://www.google.com/search?q=CAP.%201.5%2C%20EJERCICIOS%20SOBRE%20INDUCCI%C3%93N%20ESTRUCTURAL%20EN%20LENGUAJES%20INFINITOS.%20AVANZADO%20HOPCROFT%20ET%20AL.,pendiente,,,,,,,
Mapa_Mate_discreta2.html:u3-s2:biblio:0,Mapa_Mate_discreta2.html,3.2 DEFINICIÓN FORMAL DE GRAMÁTICA,u3-s2 · 3.2 DEFINICIÓN FORMAL DE GRAMÁTICA,Bibliografía,libro,C,PETER LINZ Y SUSAN H. RODGER,"CAP. 1.2, PP. 15-22",,https://www.google.com/search?q=C%20PETER%20LINZ%20Y%20SUSAN%20H.%20RODGER,pendiente,,,,,,,
Mapa_Mate_discreta2.html:u3-s2:biblio:1,Mapa_Mate_discreta2.html,3.2 DEFINICIÓN FORMAL DE GRAMÁTICA,u3-s2 · 3.2 DEFINICIÓN FORMAL DE GRAMÁTICA,Bibliografía,libro,C,JOHN E. HOPCROFT ET AL.,"CAP. 5.1, PP. 171-179",,https://www.google.com/search?q=C%20JOHN%20E.%20HOPCROFT%20ET%20AL.,pendiente,,,,,,,
Mapa_Mate_discreta2.html:u3-s2:biblio:2,Mapa_Mate_discreta2.html,3.2 DEFINICIÓN FORMAL DE GRAMÁTICA,u3-s2 · 3.2 DEFINICIÓN FORMAL DE GRAMÁTICA,Bibliografía,libro,C,KENNETH H. ROSEN,"CAP. 13.1, PP. 852-857",,https://www.google.com/search?q=C%20KENNETH%20H.%20ROSEN,pendiente,,,,,,,
Mapa_Mate_discreta2.html:u3-s2:videos:0,Mapa_Mate_discreta2.html,3.2 DEFINICIÓN FORMAL DE GRAMÁTICA,u3-s2 · 3.2 DEFINICIÓN FORMAL DE GRAMÁTICA,Videos,video,TOC: INTRODUCTION TO GRAMMARS AND LANGUAGES,NESO ACADEMY,,,https://www.youtube.com/results?search_query=TOC%3A%20INTRODUCTION%20TO%20GRAMMARS%20AND%20LANGUAGES%20NESO%20ACADEMY,pendiente,,,,,,,
Mapa_Mate_discreta2.html:u3-s2:videos:1,Mapa_Mate_discreta2.html,3.2 DEFINICIÓN FORMAL DE GRAMÁTICA,u3-s2 · 3.2 DEFINICIÓN FORMAL DE GRAMÁTICA,Videos,video,FORMAL DEFINITION OF GRAMMARS,EASY THEORY,,,https://www.youtube.com/results?search_query=FORMAL%20DEFINITION%20OF%20GRAMMARS%20EASY%20THEORY,pendiente,,,,,,,
Mapa_Mate_discreta2.html:u3-s2:practica:0,Mapa_Mate_discreta2.html,3.2 DEFINICIÓN FORMAL DE GRAMÁTICA,u3-s2 · 3.2 DEFINICIÓN FORMAL DE GRAMÁTICA,Práctica,practica,BÁSICO FORMULACIÓN DE CUÁDRUPLAS G PARA REPRESENTAR LENGUAJES FINITOS EXPLÍCITOS.,,,,https://www.google.com/search?q=B%C3%81SICO%20FORMULACI%C3%93N%20DE%20CU%C3%81DRUPLAS%20G%20PARA%20REPRESENTAR%20LENGUAJES%20FINITOS%20EXPL%C3%8DCITOS.,pendiente,,,,,,,
Mapa_Mate_discreta2.html:u3-s2:practica:1,Mapa_Mate_discreta2.html,3.2 DEFINICIÓN FORMAL DE GRAMÁTICA,u3-s2 · 3.2 DEFINICIÓN FORMAL DE GRAMÁTICA,Práctica,practica,"CAP. 1.2, PP. 22-25, EJERCICIOS 16-25 (DISEÑO DE PRODUCCIONES PARA PATRONES A^N B^N).",INTERMEDIO LINZ & RODGER,"CAP. 1.2, PP. 22-25, EJERCICIOS 16-25 (DISEÑO DE PRODUCCIONES PARA PATRONES A^N B^N).",,https://www.google.com/search?q=CAP.%201.2%2C%20PP.%2022-25%2C%20EJERCICIOS%2016-25%20(DISE%C3%91O%20DE%20PRODUCCIONES%20PARA%20PATRONES%20A%5EN%20B%5EN).%20INTERMEDIO%20LINZ%20%26%20RODGER,pendiente,,,,,,,
Mapa_Mate_discreta2.html:u3-s2:practica:2,Mapa_Mate_discreta2.html,3.2 DEFINICIÓN FORMAL DE GRAMÁTICA,u3-s2 · 3.2 DEFINICIÓN FORMAL DE GRAMÁTICA,Práctica,practica,"CAP. 5.1, PROBLEMAS 5.1.1 A 5.1.5 (GRAMÁTICAS LIBRES DE CONTEXTO PARA EXPRESIONES BIEN FORMADAS).",AVANZADO HOPCROFT ET AL.,"CAP. 5.1, PROBLEMAS 5.1.1 A 5.1.5 (GRAMÁTICAS LIBRES DE CONTEXTO PARA EXPRESIONES BIEN FORMADAS).",,https://www.google.com/search?q=CAP.%205.1%2C%20PROBLEMAS%205.1.1%20A%205.1.5%20(GRAM%C3%81TICAS%20LIBRES%20DE%20CONTEXTO%20PARA%20EXPRESIONES%20BIEN%20FORMADAS).%20AVANZADO%20HOPCROFT%20ET%20AL.,pendiente,,,,,,,
Mapa_Mate_discreta2.html:u3-s3:biblio:0,Mapa_Mate_discreta2.html,3.3 RELACIONES ENTRE CADENAS,u3-s3 · 3.3 RELACIONES ENTRE CADENAS,Bibliografía,libro,C,PETER LINZ Y SUSAN H. RODGER,"CAP. 5.1, PP. 125-135",,https://www.google.com/search?q=C%20PETER%20LINZ%20Y%20SUSAN%20H.%20RODGER,pendiente,,,,,,,
Mapa_Mate_discreta2.html:u3-s3:biblio:1,Mapa_Mate_discreta2.html,3.3 RELACIONES ENTRE CADENAS,u3-s3 · 3.3 RELACIONES ENTRE CADENAS,Bibliografía,libro,C,JOHN E. HOPCROFT ET AL.,"CAP. 5.2, PP. 180-190",,https://www.google.com/search?q=C%20JOHN%20E.%20HOPCROFT%20ET%20AL.,pendiente,,,,,,,
Mapa_Mate_discreta2.html:u3-s3:biblio:2,Mapa_Mate_discreta2.html,3.3 RELACIONES ENTRE CADENAS,u3-s3 · 3.3 RELACIONES ENTRE CADENAS,Bibliografía,libro,C,KENNETH H. ROSEN,"CAP. 13.1, PP. 858-862",,https://www.google.com/search?q=C%20KENNETH%20H.%20ROSEN,pendiente,,,,,,,
Mapa_Mate_discreta2.html:u3-s3:videos:0,Mapa_Mate_discreta2.html,3.3 RELACIONES ENTRE CADENAS,u3-s3 · 3.3 RELACIONES ENTRE CADENAS,Videos,video,DERIVATION TREES (PARSE TREES) WITH EXAMPLES,NESO ACADEMY,,,https://www.youtube.com/results?search_query=DERIVATION%20TREES%20(PARSE%20TREES)%20WITH%20EXAMPLES%20NESO%20ACADEMY,pendiente,,,,,,,
Mapa_Mate_discreta2.html:u3-s3:videos:1,Mapa_Mate_discreta2.html,3.3 RELACIONES ENTRE CADENAS,u3-s3 · 3.3 RELACIONES ENTRE CADENAS,Videos,video,LEFTMOST AND RIGHTMOST DERIVATIONS,EASY THEORY,,,https://www.youtube.com/results?search_query=LEFTMOST%20AND%20RIGHTMOST%20DERIVATIONS%20EASY%20THEORY,pendiente,,,,,,,
Mapa_Mate_discreta2.html:u3-s3:practica:0,Mapa_Mate_discreta2.html,3.3 RELACIONES ENTRE CADENAS,u3-s3 · 3.3 RELACIONES ENTRE CADENAS,Práctica,practica,BÁSICO CONSTRUCCIÓN DEL ÁRBOL DE DERIVACIÓN PARA EXPRESIONES ARITMÉTICAS SIMPLES.,,,,https://www.google.com/search?q=B%C3%81SICO%20CONSTRUCCI%C3%93N%20DEL%20%C3%81RBOL%20DE%20DERIVACI%C3%93N%20PARA%20EXPRESIONES%20ARITM%C3%89TICAS%20SIMPLES.,pendiente,,,,,,,
Mapa_Mate_discreta2.html:u3-s3:practica:1,Mapa_Mate_discreta2.html,3.3 RELACIONES ENTRE CADENAS,u3-s3 · 3.3 RELACIONES ENTRE CADENAS,Práctica,practica,"CAP. 5.1, EJERCICIOS 1-12 (DEMOSTRACIÓN DE EQUIVALENCIA ENTRE DERIVACIONES Y ÁRBOLES).",INTERMEDIO LINZ & RODGER,"CAP. 5.1, EJERCICIOS 1-12 (DEMOSTRACIÓN DE EQUIVALENCIA ENTRE DERIVACIONES Y ÁRBOLES).",,https://www.google.com/search?q=CAP.%205.1%2C%20EJERCICIOS%201-12%20(DEMOSTRACI%C3%93N%20DE%20EQUIVALENCIA%20ENTRE%20DERIVACIONES%20Y%20%C3%81RBOLES).%20INTERMEDIO%20LINZ%20%26%20RODGER,pendiente,,,,,,,
Mapa_Mate_discreta2.html:u3-s3:practica:2,Mapa_Mate_discreta2.html,3.3 RELACIONES ENTRE CADENAS,u3-s3 · 3.3 RELACIONES ENTRE CADENAS,Práctica,practica,"CAP. 5.2, PROBLEMAS 5.2.1 A 5.2.7 (DETECCIÓN DE AMBIGÜEDAD GRAMATICAL).",AVANZADO HOPCROFT ET AL.,"CAP. 5.2, PROBLEMAS 5.2.1 A 5.2.7 (DETECCIÓN DE AMBIGÜEDAD GRAMATICAL).",,https://www.google.com/search?q=CAP.%205.2%2C%20PROBLEMAS%205.2.1%20A%205.2.7%20(DETECCI%C3%93N%20DE%20AMBIG%C3%9CEDAD%20GRAMATICAL).%20AVANZADO%20HOPCROFT%20ET%20AL.,pendiente,,,,,,,
Mapa_Mate_discreta2.html:u3-s4:biblio:0,Mapa_Mate_discreta2.html,3.4 SENTENCIAS O INSTRUCCIONES,u3-s4 · 3.4 SENTENCIAS O INSTRUCCIONES,Bibliografía,libro,C,PETER LINZ Y SUSAN H. RODGER,"CAP. 5.1-5.2, PP. 136-142",,https://www.google.com/search?q=C%20PETER%20LINZ%20Y%20SUSAN%20H.%20RODGER,pendiente,,,,,,,
Mapa_Mate_discreta2.html:u3-s4:biblio:1,Mapa_Mate_discreta2.html,3.4 SENTENCIAS O INSTRUCCIONES,u3-s4 · 3.4 SENTENCIAS O INSTRUCCIONES,Bibliografía,libro,C,JOHN E. HOPCROFT ET AL.,"CAP. 5.2, PP. 191-198",,https://www.google.com/search?q=C%20JOHN%20E.%20HOPCROFT%20ET%20AL.,pendiente,,,,,,,
Mapa_Mate_discreta2.html:u3-s4:biblio:2,Mapa_Mate_discreta2.html,3.4 SENTENCIAS O INSTRUCCIONES,u3-s4 · 3.4 SENTENCIAS O INSTRUCCIONES,Bibliografía,libro,C,KENNETH H. ROSEN,"CAP. 13.1, PP. 863-867",,https://www.google.com/search?q=C%20KENNETH%20H.%20ROSEN,pendiente,,,,,,,
Mapa_Mate_discreta2.html:u3-s4:videos:0,Mapa_Mate_discreta2.html,3.4 SENTENCIAS O INSTRUCCIONES,u3-s4 · 3.4 SENTENCIAS O INSTRUCCIONES,Videos,video,SENTENTIAL FORMS VS SENTENCES,NESO ACADEMY,,,https://www.youtube.com/results?search_query=SENTENTIAL%20FORMS%20VS%20SENTENCES%20NESO%20ACADEMY,pendiente,,,,,,,
Mapa_Mate_discreta2.html:u3-s4:videos:1,Mapa_Mate_discreta2.html,3.4 SENTENCIAS O INSTRUCCIONES,u3-s4 · 3.4 SENTENCIAS O INSTRUCCIONES,Videos,video,GRAMMAR DERIVATION AND LANGUAGE TESTING,JFLAP TUTORIALS,,,https://www.youtube.com/results?search_query=GRAMMAR%20DERIVATION%20AND%20LANGUAGE%20TESTING%20JFLAP%20TUTORIALS,pendiente,,,,,,,
Mapa_Mate_discreta2.html:u3-s4:practica:0,Mapa_Mate_discreta2.html,3.4 SENTENCIAS O INSTRUCCIONES,u3-s4 · 3.4 SENTENCIAS O INSTRUCCIONES,Práctica,practica,BÁSICO SIMULACIÓN PROCEDIMENTAL DE LA PERTENENCIA DE SENTENCIAS MEDIANTE EL MOTOR DE DERIVACIÓN DE JFLAP.,,,,https://www.google.com/search?q=B%C3%81SICO%20SIMULACI%C3%93N%20PROCEDIMENTAL%20DE%20LA%20PERTENENCIA%20DE%20SENTENCIAS%20MEDIANTE%20EL%20MOTOR%20DE%20DERIVACI%C3%93N%20DE%20JFLAP.,pendiente,,,,,,,
Mapa_Mate_discreta2.html:u3-s4:practica:1,Mapa_Mate_discreta2.html,3.4 SENTENCIAS O INSTRUCCIONES,u3-s4 · 3.4 SENTENCIAS O INSTRUCCIONES,Práctica,practica,"CAP. 5.2, EJERCICIOS 13-22 (EVALUACIÓN FORMAL DE PERTENENCIA W ∈ L(G)).",INTERMEDIO LINZ & RODGER,"CAP. 5.2, EJERCICIOS 13-22 (EVALUACIÓN FORMAL DE PERTENENCIA W ∈ L(G)).",,https://www.google.com/search?q=CAP.%205.2%2C%20EJERCICIOS%2013-22%20(EVALUACI%C3%93N%20FORMAL%20DE%20PERTENENCIA%20W%20%E2%88%88%20L(G)).%20INTERMEDIO%20LINZ%20%26%20RODGER,pendiente,,,,,,,
Mapa_Mate_discreta2.html:u3-s4:practica:2,Mapa_Mate_discreta2.html,3.4 SENTENCIAS O INSTRUCCIONES,u3-s4 · 3.4 SENTENCIAS O INSTRUCCIONES,Práctica,practica,"CAP. 13.1, PP. 867-869, PROBLEMAS 25-34 (VALIDACIÓN DE ESTRUCTURAS SINTÁCTICAS).",AVANZADO ROSEN,"CAP. 13.1, PP. 867-869, PROBLEMAS 25-34 (VALIDACIÓN DE ESTRUCTURAS SINTÁCTICAS).",,https://www.google.com/search?q=CAP.%2013.1%2C%20PP.%20867-869%2C%20PROBLEMAS%2025-34%20(VALIDACI%C3%93N%20DE%20ESTRUCTURAS%20SINT%C3%81CTICAS).%20AVANZADO%20ROSEN,pendiente,,,,,,,
Mapa_Mate_discreta2.html:u3-s5:biblio:0,Mapa_Mate_discreta2.html,3.5 DEFINICIÓN FORMAL DE LENGUAJE,u3-s5 · 3.5 DEFINICIÓN FORMAL DE LENGUAJE,Bibliografía,libro,C,PETER LINZ Y SUSAN H. RODGER,"CAP. 1.2, PP. 23-30",,https://www.google.com/search?q=C%20PETER%20LINZ%20Y%20SUSAN%20H.%20RODGER,pendiente,,,,,,,
Mapa_Mate_discreta2.html:u3-s5:biblio:1,Mapa_Mate_discreta2.html,3.5 DEFINICIÓN FORMAL DE LENGUAJE,u3-s5 · 3.5 DEFINICIÓN FORMAL DE LENGUAJE,Bibliografía,libro,C,JOHN E. HOPCROFT ET AL.,"CAP. 1.5, PP. 28-35",,https://www.google.com/search?q=C%20JOHN%20E.%20HOPCROFT%20ET%20AL.,pendiente,,,,,,,
Mapa_Mate_discreta2.html:u3-s5:biblio:2,Mapa_Mate_discreta2.html,3.5 DEFINICIÓN FORMAL DE LENGUAJE,u3-s5 · 3.5 DEFINICIÓN FORMAL DE LENGUAJE,Bibliografía,libro,C,KENNETH H. ROSEN,"CAP. 13.1, PP. 868-872",,https://www.google.com/search?q=C%20KENNETH%20H.%20ROSEN,pendiente,,,,,,,
Mapa_Mate_discreta2.html:u3-s5:videos:0,Mapa_Mate_discreta2.html,3.5 DEFINICIÓN FORMAL DE LENGUAJE,u3-s5 · 3.5 DEFINICIÓN FORMAL DE LENGUAJE,Videos,video,FORMAL LANGUAGES AND OPERATIONS ON LANGUAGES,NESO ACADEMY,,,https://www.youtube.com/results?search_query=FORMAL%20LANGUAGES%20AND%20OPERATIONS%20ON%20LANGUAGES%20NESO%20ACADEMY,pendiente,,,,,,,
Mapa_Mate_discreta2.html:u3-s5:videos:1,Mapa_Mate_discreta2.html,3.5 DEFINICIÓN FORMAL DE LENGUAJE,u3-s5 · 3.5 DEFINICIÓN FORMAL DE LENGUAJE,Videos,video,CLOSURE PROPERTIES OF FORMAL LANGUAGES,EASY THEORY,,,https://www.youtube.com/results?search_query=CLOSURE%20PROPERTIES%20OF%20FORMAL%20LANGUAGES%20EASY%20THEORY,pendiente,,,,,,,
Mapa_Mate_discreta2.html:u3-s5:practica:0,Mapa_Mate_discreta2.html,3.5 DEFINICIÓN FORMAL DE LENGUAJE,u3-s5 · 3.5 DEFINICIÓN FORMAL DE LENGUAJE,Práctica,practica,BÁSICO OPERACIONES DIRECTAS DE CONCATENACIÓN E INTERSECCIÓN SOBRE CONJUNTOS FINITOS DE CADENAS.,,,,https://www.google.com/search?q=B%C3%81SICO%20OPERACIONES%20DIRECTAS%20DE%20CONCATENACI%C3%93N%20E%20INTERSECCI%C3%93N%20SOBRE%20CONJUNTOS%20FINITOS%20DE%20CADENAS.,pendiente,,,,,,,
Mapa_Mate_discreta2.html:u3-s5:practica:1,Mapa_Mate_discreta2.html,3.5 DEFINICIÓN FORMAL DE LENGUAJE,u3-s5 · 3.5 DEFINICIÓN FORMAL DE LENGUAJE,Práctica,practica,"CAP. 1.2, EJERCICIOS 1-18 (CARACTERIZACIÓN POR TEORÍA DE CONJUNTOS).",INTERMEDIO LINZ & RODGER,"CAP. 1.2, EJERCICIOS 1-18 (CARACTERIZACIÓN POR TEORÍA DE CONJUNTOS).",,https://www.google.com/search?q=CAP.%201.2%2C%20EJERCICIOS%201-18%20(CARACTERIZACI%C3%93N%20POR%20TEOR%C3%8DA%20DE%20CONJUNTOS).%20INTERMEDIO%20LINZ%20%26%20RODGER,pendiente,,,,,,,
Mapa_Mate_discreta2.html:u3-s5:practica:2,Mapa_Mate_discreta2.html,3.5 DEFINICIÓN FORMAL DE LENGUAJE,u3-s5 · 3.5 DEFINICIÓN FORMAL DE LENGUAJE,Práctica,practica,"CAP. 1.5, DEMOSTRACIÓN DE LAS PROPIEDADES DE CLAUSURA DE LOS LENGUAJES.",AVANZADO HOPCROFT ET AL.,"CAP. 1.5, DEMOSTRACIÓN DE LAS PROPIEDADES DE CLAUSURA DE LOS LENGUAJES.",,https://www.google.com/search?q=CAP.%201.5%2C%20DEMOSTRACI%C3%93N%20DE%20LAS%20PROPIEDADES%20DE%20CLAUSURA%20DE%20LOS%20LENGUAJES.%20AVANZADO%20HOPCROFT%20ET%20AL.,pendiente,,,,,,,
Mapa_Mate_discreta2.html:u3-s6:biblio:0,Mapa_Mate_discreta2.html,3.6 JERARQUÍA DE LAS GRAMÁTICAS (CHOMSKY),u3-s6 · 3.6 JERARQUÍA DE LAS GRAMÁTICAS (CHOMSKY),Bibliografía,libro,C,PETER LINZ Y SUSAN H. RODGER,"CAP. 11.1, PP. 275-290",,https://www.google.com/search?q=C%20PETER%20LINZ%20Y%20SUSAN%20H.%20RODGER,pendiente,,,,,,,
Mapa_Mate_discreta2.html:u3-s6:biblio:1,Mapa_Mate_discreta2.html,3.6 JERARQUÍA DE LAS GRAMÁTICAS (CHOMSKY),u3-s6 · 3.6 JERARQUÍA DE LAS GRAMÁTICAS (CHOMSKY),Bibliografía,libro,C,JOHN E. HOPCROFT ET AL.,"CAP. 9.2, PP. 385-395",,https://www.google.com/search?q=C%20JOHN%20E.%20HOPCROFT%20ET%20AL.,pendiente,,,,,,,
Mapa_Mate_discreta2.html:u3-s6:biblio:2,Mapa_Mate_discreta2.html,3.6 JERARQUÍA DE LAS GRAMÁTICAS (CHOMSKY),u3-s6 · 3.6 JERARQUÍA DE LAS GRAMÁTICAS (CHOMSKY),Bibliografía,libro,C,KENNETH H. ROSEN,"CAP. 13.2, PP. 873-878",,https://www.google.com/search?q=C%20KENNETH%20H.%20ROSEN,pendiente,,,,,,,
Mapa_Mate_discreta2.html:u3-s6:videos:0,Mapa_Mate_discreta2.html,3.6 JERARQUÍA DE LAS GRAMÁTICAS (CHOMSKY),u3-s6 · 3.6 JERARQUÍA DE LAS GRAMÁTICAS (CHOMSKY),Videos,video,CHOMSKY HIERARCHY IN THEORY OF COMPUTATION,NESO ACADEMY,,,https://www.youtube.com/results?search_query=CHOMSKY%20HIERARCHY%20IN%20THEORY%20OF%20COMPUTATION%20NESO%20ACADEMY,pendiente,,,,,,,
Mapa_Mate_discreta2.html:u3-s6:videos:1,Mapa_Mate_discreta2.html,3.6 JERARQUÍA DE LAS GRAMÁTICAS (CHOMSKY),u3-s6 · 3.6 JERARQUÍA DE LAS GRAMÁTICAS (CHOMSKY),Videos,video,CHOMSKY HIERARCHY AND AUTOMATA,COMPUTERPHILE,,,https://www.youtube.com/results?search_query=CHOMSKY%20HIERARCHY%20AND%20AUTOMATA%20COMPUTERPHILE,pendiente,,,,,,,
Mapa_Mate_discreta2.html:u3-s6:videos:2,Mapa_Mate_discreta2.html,3.6 JERARQUÍA DE LAS GRAMÁTICAS (CHOMSKY),u3-s6 · 3.6 JERARQUÍA DE LAS GRAMÁTICAS (CHOMSKY),Videos,video,"TYPE 0, 1, 2, 3 GRAMMARS EXPLAINED",EASY THEORY,,,https://www.youtube.com/results?search_query=TYPE%200%2C%201%2C%202%2C%203%20GRAMMARS%20EXPLAINED%20EASY%20THEORY,pendiente,,,,,,,
Mapa_Mate_discreta2.html:u3-s6:practica:0,Mapa_Mate_discreta2.html,3.6 JERARQUÍA DE LAS GRAMÁTICAS (CHOMSKY),u3-s6 · 3.6 JERARQUÍA DE LAS GRAMÁTICAS (CHOMSKY),Práctica,practica,BÁSICO CLASIFICACIÓN FORMAL DE LISTAS DE PRODUCCIONES SEGÚN LAS RESTRICCIONES DE LA JERARQUÍA.,,,,https://www.google.com/search?q=B%C3%81SICO%20CLASIFICACI%C3%93N%20FORMAL%20DE%20LISTAS%20DE%20PRODUCCIONES%20SEG%C3%9AN%20LAS%20RESTRICCIONES%20DE%20LA%20JERARQU%C3%8DA.,pendiente,,,,,,,
Mapa_Mate_discreta2.html:u3-s6:practica:1,Mapa_Mate_discreta2.html,3.6 JERARQUÍA DE LAS GRAMÁTICAS (CHOMSKY),u3-s6 · 3.6 JERARQUÍA DE LAS GRAMÁTICAS (CHOMSKY),Práctica,practica,"CAP. 11.1, EJERCICIOS 1-14 (TRANSFORMACIÓN DE GRAMÁTICAS).",INTERMEDIO LINZ & RODGER,"CAP. 11.1, EJERCICIOS 1-14 (TRANSFORMACIÓN DE GRAMÁTICAS).",,https://www.google.com/search?q=CAP.%2011.1%2C%20EJERCICIOS%201-14%20(TRANSFORMACI%C3%93N%20DE%20GRAM%C3%81TICAS).%20INTERMEDIO%20LINZ%20%26%20RODGER,pendiente,,,,,,,
Mapa_Mate_discreta2.html:u3-s6:practica:2,Mapa_Mate_discreta2.html,3.6 JERARQUÍA DE LAS GRAMÁTICAS (CHOMSKY),u3-s6 · 3.6 JERARQUÍA DE LAS GRAMÁTICAS (CHOMSKY),Práctica,practica,"CAP. 9.2, DEMOSTRACIÓN DE LAS DIFERENCIAS DE POTENCIA EXPRESIVA.",AVANZADO HOPCROFT ET AL.,"CAP. 9.2, DEMOSTRACIÓN DE LAS DIFERENCIAS DE POTENCIA EXPRESIVA.",,https://www.google.com/search?q=CAP.%209.2%2C%20DEMOSTRACI%C3%93N%20DE%20LAS%20DIFERENCIAS%20DE%20POTENCIA%20EXPRESIVA.%20AVANZADO%20HOPCROFT%20ET%20AL.,pendiente,,,,,,,
Mapa_Mate_discreta2.html:u3-s7:biblio:0,Mapa_Mate_discreta2.html,3.7 CORRESPONDENCIAS ENTRE GRAMÁTICAS Y LENGUAJES,u3-s7 · 3.7 CORRESPONDENCIAS ENTRE GRAMÁTICAS Y LENGUAJES,Bibliografía,libro,C,PETER LINZ Y SUSAN H. RODGER,"CAP. 3.3, 5.2 Y 11.1, PP. 70-100, 130-160, 290-305",,https://www.google.com/search?q=C%20PETER%20LINZ%20Y%20SUSAN%20H.%20RODGER,pendiente,,,,,,,
Mapa_Mate_discreta2.html:u3-s7:biblio:1,Mapa_Mate_discreta2.html,3.7 CORRESPONDENCIAS ENTRE GRAMÁTICAS Y LENGUAJES,u3-s7 · 3.7 CORRESPONDENCIAS ENTRE GRAMÁTICAS Y LENGUAJES,Bibliografía,libro,C,JOHN E. HOPCROFT ET AL.,"CAP. 5 Y 6, PP. 200-245",,https://www.google.com/search?q=C%20JOHN%20E.%20HOPCROFT%20ET%20AL.,pendiente,,,,,,,
Mapa_Mate_discreta2.html:u3-s7:biblio:2,Mapa_Mate_discreta2.html,3.7 CORRESPONDENCIAS ENTRE GRAMÁTICAS Y LENGUAJES,u3-s7 · 3.7 CORRESPONDENCIAS ENTRE GRAMÁTICAS Y LENGUAJES,Bibliografía,libro,C,KENNETH H. ROSEN,"CAP. 13.3, PP. 879-884",,https://www.google.com/search?q=C%20KENNETH%20H.%20ROSEN,pendiente,,,,,,,
Mapa_Mate_discreta2.html:u3-s7:videos:0,Mapa_Mate_discreta2.html,3.7 CORRESPONDENCIAS ENTRE GRAMÁTICAS Y LENGUAJES,u3-s7 · 3.7 CORRESPONDENCIAS ENTRE GRAMÁTICAS Y LENGUAJES,Videos,video,GRAMMAR AND AUTOMATA EQUIVALENCES,NESO ACADEMY,,,https://www.youtube.com/results?search_query=GRAMMAR%20AND%20AUTOMATA%20EQUIVALENCES%20NESO%20ACADEMY,pendiente,,,,,,,
Mapa_Mate_discreta2.html:u3-s7:videos:1,Mapa_Mate_discreta2.html,3.7 CORRESPONDENCIAS ENTRE GRAMÁTICAS Y LENGUAJES,u3-s7 · 3.7 CORRESPONDENCIAS ENTRE GRAMÁTICAS Y LENGUAJES,Videos,video,EQUIVALENCE OF REGULAR GRAMMARS AND FINITE AUTOMATA,PROF. SHAI SIMONSON,,,https://www.youtube.com/results?search_query=EQUIVALENCE%20OF%20REGULAR%20GRAMMARS%20AND%20FINITE%20AUTOMATA%20PROF.%20SHAI%20SIMONSON,pendiente,,,,,,,
Mapa_Mate_discreta2.html:u3-s7:practica:0,Mapa_Mate_discreta2.html,3.7 CORRESPONDENCIAS ENTRE GRAMÁTICAS Y LENGUAJES,u3-s7 · 3.7 CORRESPONDENCIAS ENTRE GRAMÁTICAS Y LENGUAJES,Práctica,practica,GRAMÁTICA-LENGUAJE.,BÁSICO CONSTRUCCIÓN DEL CUADRO SINTÉTICO DE CORRESPONDENCIAS MODELO,GRAMÁTICA-LENGUAJE.,,https://www.google.com/search?q=GRAM%C3%81TICA-LENGUAJE.%20B%C3%81SICO%20CONSTRUCCI%C3%93N%20DEL%20CUADRO%20SINT%C3%89TICO%20DE%20CORRESPONDENCIAS%20MODELO,pendiente,,,,,,,
Mapa_Mate_discreta2.html:u3-s7:practica:1,Mapa_Mate_discreta2.html,3.7 CORRESPONDENCIAS ENTRE GRAMÁTICAS Y LENGUAJES,u3-s7 · 3.7 CORRESPONDENCIAS ENTRE GRAMÁTICAS Y LENGUAJES,Práctica,practica,"CAP. 3.3, EJERCICIOS DE CONVERSIÓN DE GRAMÁTICA REGULAR A DFA.",INTERMEDIO LINZ & RODGER,"CAP. 3.3, EJERCICIOS DE CONVERSIÓN DE GRAMÁTICA REGULAR A DFA.",,https://www.google.com/search?q=CAP.%203.3%2C%20EJERCICIOS%20DE%20CONVERSI%C3%93N%20DE%20GRAM%C3%81TICA%20REGULAR%20A%20DFA.%20INTERMEDIO%20LINZ%20%26%20RODGER,pendiente,,,,,,,
Mapa_Mate_discreta2.html:u3-s7:practica:2,Mapa_Mate_discreta2.html,3.7 CORRESPONDENCIAS ENTRE GRAMÁTICAS Y LENGUAJES,u3-s7 · 3.7 CORRESPONDENCIAS ENTRE GRAMÁTICAS Y LENGUAJES,Práctica,practica,"CAP. 6.3, DEMOSTRACIÓN FORMAL DE EQUIVALENCIA ENTRE AUTÓMATAS CON PILA Y GRAMÁTICAS CFL.",AVANZADO HOPCROFT ET AL.,"CAP. 6.3, DEMOSTRACIÓN FORMAL DE EQUIVALENCIA ENTRE AUTÓMATAS CON PILA Y GRAMÁTICAS CFL.",,https://www.google.com/search?q=CAP.%206.3%2C%20DEMOSTRACI%C3%93N%20FORMAL%20DE%20EQUIVALENCIA%20ENTRE%20AUT%C3%93MATAS%20CON%20PILA%20Y%20GRAM%C3%81TICAS%20CFL.%20AVANZADO%20HOPCROFT%20ET%20AL.,pendiente,,,,,,,
Mapa_Mate_discreta2.html:u3-s8:biblio:0,Mapa_Mate_discreta2.html,3.8 EXPRESIONES REGULARES,u3-s8 · 3.8 EXPRESIONES REGULARES,Bibliografía,libro,C,PETER LINZ Y SUSAN H. RODGER,"CAP. 3.1-3.2, PP. 70-88",,https://www.google.com/search?q=C%20PETER%20LINZ%20Y%20SUSAN%20H.%20RODGER,pendiente,,,,,,,
Mapa_Mate_discreta2.html:u3-s8:biblio:1,Mapa_Mate_discreta2.html,3.8 EXPRESIONES REGULARES,u3-s8 · 3.8 EXPRESIONES REGULARES,Bibliografía,libro,C,JOHN E. HOPCROFT ET AL.,"CAP. 3.1-3.2, PP. 91-108",,https://www.google.com/search?q=C%20JOHN%20E.%20HOPCROFT%20ET%20AL.,pendiente,,,,,,,
Mapa_Mate_discreta2.html:u3-s8:biblio:2,Mapa_Mate_discreta2.html,3.8 EXPRESIONES REGULARES,u3-s8 · 3.8 EXPRESIONES REGULARES,Bibliografía,libro,C,KENNETH H. ROSEN,"CAP. 13.3, PP. 885-890",,https://www.google.com/search?q=C%20KENNETH%20H.%20ROSEN,pendiente,,,,,,,
Mapa_Mate_discreta2.html:u3-s8:videos:0,Mapa_Mate_discreta2.html,3.8 EXPRESIONES REGULARES,u3-s8 · 3.8 EXPRESIONES REGULARES,Videos,video,REGULAR EXPRESSIONS IN TOC WITH EXAMPLES,NESO ACADEMY,,,https://www.youtube.com/results?search_query=REGULAR%20EXPRESSIONS%20IN%20TOC%20WITH%20EXAMPLES%20NESO%20ACADEMY,pendiente,,,,,,,
Mapa_Mate_discreta2.html:u3-s8:videos:1,Mapa_Mate_discreta2.html,3.8 EXPRESIONES REGULARES,u3-s8 · 3.8 EXPRESIONES REGULARES,Videos,video,CONVERTING REGULAR EXPRESSIONS TO FINITE AUTOMATA,EASY THEORY,,,https://www.youtube.com/results?search_query=CONVERTING%20REGULAR%20EXPRESSIONS%20TO%20FINITE%20AUTOMATA%20EASY%20THEORY,pendiente,,,,,,,
Mapa_Mate_discreta2.html:u3-s8:practica:0,Mapa_Mate_discreta2.html,3.8 EXPRESIONES REGULARES,u3-s8 · 3.8 EXPRESIONES REGULARES,Práctica,practica,BÁSICO DISEÑO DE REGEX PARA LENGUAJES REGULARES SENCILLOS.,,,,https://www.google.com/search?q=B%C3%81SICO%20DISE%C3%91O%20DE%20REGEX%20PARA%20LENGUAJES%20REGULARES%20SENCILLOS.,pendiente,,,,,,,
Mapa_Mate_discreta2.html:u3-s8:practica:1,Mapa_Mate_discreta2.html,3.8 EXPRESIONES REGULARES,u3-s8 · 3.8 EXPRESIONES REGULARES,Práctica,practica,"CAP. 3.1, PP. 88-91, EJERCICIOS 1-20.",INTERMEDIO LINZ & RODGER,"CAP. 3.1, PP. 88-91, EJERCICIOS 1-20.",,https://www.google.com/search?q=CAP.%203.1%2C%20PP.%2088-91%2C%20EJERCICIOS%201-20.%20INTERMEDIO%20LINZ%20%26%20RODGER,pendiente,,,,,,,
Mapa_Mate_discreta2.html:u3-s8:practica:2,Mapa_Mate_discreta2.html,3.8 EXPRESIONES REGULARES,u3-s8 · 3.8 EXPRESIONES REGULARES,Práctica,practica,"CAP. 3.2, CONVERSIÓN ALGORÍTMICA DE EXPRESIÓN REGULAR A Ε-NFA (CONSTRUCCIÓN DE THOMPSON).",AVANZADO HOPCROFT ET AL.,"CAP. 3.2, CONVERSIÓN ALGORÍTMICA DE EXPRESIÓN REGULAR A Ε-NFA (CONSTRUCCIÓN DE THOMPSON).",,https://www.google.com/search?q=CAP.%203.2%2C%20CONVERSI%C3%93N%20ALGOR%C3%8DTMICA%20DE%20EXPRESI%C3%93N%20REGULAR%20A%20%CE%95-NFA%20(CONSTRUCCI%C3%93N%20DE%20THOMPSON).%20AVANZADO%20HOPCROFT%20ET%20AL.,pendiente,,,,,,,
Mapa_Mate_discreta2.html:u4-s1:biblio:0,Mapa_Mate_discreta2.html,4.1 ASPECTOS GENÉRICOS DE LA TEORÍA DE SISTEMAS,u4-s1 · 4.1 ASPECTOS GENÉRICOS DE LA TEORÍA DE SISTEMAS,Bibliografía,libro,C,PETER LINZ Y SUSAN H. RODGER,"CAP. 2.1, PP. 37-45",,https://www.google.com/search?q=C%20PETER%20LINZ%20Y%20SUSAN%20H.%20RODGER,pendiente,,,,,,,
Mapa_Mate_discreta2.html:u4-s1:biblio:1,Mapa_Mate_discreta2.html,4.1 ASPECTOS GENÉRICOS DE LA TEORÍA DE SISTEMAS,u4-s1 · 4.1 ASPECTOS GENÉRICOS DE LA TEORÍA DE SISTEMAS,Bibliografía,libro,C,JOHN E. HOPCROFT ET AL.,"CAP. 2.1, PP. 45-52",,https://www.google.com/search?q=C%20JOHN%20E.%20HOPCROFT%20ET%20AL.,pendiente,,,,,,,
Mapa_Mate_discreta2.html:u4-s1:biblio:2,Mapa_Mate_discreta2.html,4.1 ASPECTOS GENÉRICOS DE LA TEORÍA DE SISTEMAS,u4-s1 · 4.1 ASPECTOS GENÉRICOS DE LA TEORÍA DE SISTEMAS,Bibliografía,libro,C,KENNETH H. ROSEN,"CAP. 13.2, PP. 891-895",,https://www.google.com/search?q=C%20KENNETH%20H.%20ROSEN,pendiente,,,,,,,
Mapa_Mate_discreta2.html:u4-s1:videos:0,Mapa_Mate_discreta2.html,4.1 ASPECTOS GENÉRICOS DE LA TEORÍA DE SISTEMAS,u4-s1 · 4.1 ASPECTOS GENÉRICOS DE LA TEORÍA DE SISTEMAS,Videos,video,INTRODUCTION TO DISCRETE STATE SYSTEMS,NESO ACADEMY,,,https://www.youtube.com/results?search_query=INTRODUCTION%20TO%20DISCRETE%20STATE%20SYSTEMS%20NESO%20ACADEMY,pendiente,,,,,,,
Mapa_Mate_discreta2.html:u4-s1:videos:1,Mapa_Mate_discreta2.html,4.1 ASPECTOS GENÉRICOS DE LA TEORÍA DE SISTEMAS,u4-s1 · 4.1 ASPECTOS GENÉRICOS DE LA TEORÍA DE SISTEMAS,Videos,video,SYSTEM MODELING WITH STATE MACHINES,EASY THEORY,,,https://www.youtube.com/results?search_query=SYSTEM%20MODELING%20WITH%20STATE%20MACHINES%20EASY%20THEORY,pendiente,,,,,,,
Mapa_Mate_discreta2.html:u4-s1:practica:0,Mapa_Mate_discreta2.html,4.1 ASPECTOS GENÉRICOS DE LA TEORÍA DE SISTEMAS,u4-s1 · 4.1 ASPECTOS GENÉRICOS DE LA TEORÍA DE SISTEMAS,Práctica,practica,BÁSICO DIAGRAMACIÓN FORMAL DE ESTADOS PARA UN SISTEMA ELECTROMECÁNICO DISCRETO (EJ. CONTROL DE SEMÁFORO).,,,,https://www.google.com/search?q=B%C3%81SICO%20DIAGRAMACI%C3%93N%20FORMAL%20DE%20ESTADOS%20PARA%20UN%20SISTEMA%20ELECTROMEC%C3%81NICO%20DISCRETO%20(EJ.%20CONTROL%20DE%20SEM%C3%81FORO).,pendiente,,,,,,,
Mapa_Mate_discreta2.html:u4-s1:practica:1,Mapa_Mate_discreta2.html,4.1 ASPECTOS GENÉRICOS DE LA TEORÍA DE SISTEMAS,u4-s1 · 4.1 ASPECTOS GENÉRICOS DE LA TEORÍA DE SISTEMAS,Práctica,practica,"CAP. 2.1, EJERCICIOS 1-8 (DEFINICIÓN DE FUNCIONES DE TRANSICIÓN).",INTERMEDIO LINZ & RODGER,"CAP. 2.1, EJERCICIOS 1-8 (DEFINICIÓN DE FUNCIONES DE TRANSICIÓN).",,https://www.google.com/search?q=CAP.%202.1%2C%20EJERCICIOS%201-8%20(DEFINICI%C3%93N%20DE%20FUNCIONES%20DE%20TRANSICI%C3%93N).%20INTERMEDIO%20LINZ%20%26%20RODGER,pendiente,,,,,,,
Mapa_Mate_discreta2.html:u4-s1:practica:2,Mapa_Mate_discreta2.html,4.1 ASPECTOS GENÉRICOS DE LA TEORÍA DE SISTEMAS,u4-s1 · 4.1 ASPECTOS GENÉRICOS DE LA TEORÍA DE SISTEMAS,Práctica,practica,"CAP. 13.2, PROBLEMAS DE ESPECIFICACIÓN FORMAL DE SISTEMAS REACTIVOS SÍNCRONOS.",AVANZADO ROSEN,"CAP. 13.2, PROBLEMAS DE ESPECIFICACIÓN FORMAL DE SISTEMAS REACTIVOS SÍNCRONOS.",,https://www.google.com/search?q=CAP.%2013.2%2C%20PROBLEMAS%20DE%20ESPECIFICACI%C3%93N%20FORMAL%20DE%20SISTEMAS%20REACTIVOS%20S%C3%8DNCRONOS.%20AVANZADO%20ROSEN,pendiente,,,,,,,
Mapa_Mate_discreta2.html:u4-s2:biblio:0,Mapa_Mate_discreta2.html,4.2 INTRODUCCIÓN A LAS MÁQUINAS DE ESTADOS,u4-s2 · 4.2 INTRODUCCIÓN A LAS MÁQUINAS DE ESTADOS,Bibliografía,libro,C,PETER LINZ Y SUSAN H. RODGER,"CAP. 2.1, PP. 46-55 (Y APÉNDICE A)",,https://www.google.com/search?q=C%20PETER%20LINZ%20Y%20SUSAN%20H.%20RODGER,pendiente,,,,,,,
Mapa_Mate_discreta2.html:u4-s2:biblio:1,Mapa_Mate_discreta2.html,4.2 INTRODUCCIÓN A LAS MÁQUINAS DE ESTADOS,u4-s2 · 4.2 INTRODUCCIÓN A LAS MÁQUINAS DE ESTADOS,Bibliografía,libro,D,JOHN F. WAKERLY,"DIGITAL DESIGN: PRINCIPLES AND PRACTICES (5ª ED.), CAP. 10.1-10.2, PP. 450-465",,https://www.google.com/search?q=D%20JOHN%20F.%20WAKERLY,pendiente,,,,,,,
Mapa_Mate_discreta2.html:u4-s2:biblio:2,Mapa_Mate_discreta2.html,4.2 INTRODUCCIÓN A LAS MÁQUINAS DE ESTADOS,u4-s2 · 4.2 INTRODUCCIÓN A LAS MÁQUINAS DE ESTADOS,Bibliografía,libro,C,KENNETH H. ROSEN,"CAP. 13.2, PP. 895-900",,https://www.google.com/search?q=C%20KENNETH%20H.%20ROSEN,pendiente,,,,,,,
Mapa_Mate_discreta2.html:u4-s2:videos:0,Mapa_Mate_discreta2.html,4.2 INTRODUCCIÓN A LAS MÁQUINAS DE ESTADOS,u4-s2 · 4.2 INTRODUCCIÓN A LAS MÁQUINAS DE ESTADOS,Videos,video,MEALY AND MOORE MACHINES WITH EXAMPLES,NESO ACADEMY,,,https://www.youtube.com/results?search_query=MEALY%20AND%20MOORE%20MACHINES%20WITH%20EXAMPLES%20NESO%20ACADEMY,pendiente,,,,,,,
Mapa_Mate_discreta2.html:u4-s2:videos:1,Mapa_Mate_discreta2.html,4.2 INTRODUCCIÓN A LAS MÁQUINAS DE ESTADOS,u4-s2 · 4.2 INTRODUCCIÓN A LAS MÁQUINAS DE ESTADOS,Videos,video,CONVERSION BETWEEN MEALY AND MOORE MACHINES,NESO ACADEMY,,,https://www.youtube.com/results?search_query=CONVERSION%20BETWEEN%20MEALY%20AND%20MOORE%20MACHINES%20NESO%20ACADEMY,pendiente,,,,,,,
Mapa_Mate_discreta2.html:u4-s2:practica:0,Mapa_Mate_discreta2.html,4.2 INTRODUCCIÓN A LAS MÁQUINAS DE ESTADOS,u4-s2 · 4.2 INTRODUCCIÓN A LAS MÁQUINAS DE ESTADOS,Práctica,practica,"BÁSICO IMPLEMENTACIÓN EN JFLAP DE UN DETECTOR DE SECUENCIA ""1011"" MEDIANTE MODELO DE MOORE.",,,,https://www.google.com/search?q=B%C3%81SICO%20IMPLEMENTACI%C3%93N%20EN%20JFLAP%20DE%20UN%20DETECTOR%20DE%20SECUENCIA%20%221011%22%20MEDIANTE%20MODELO%20DE%20MOORE.,pendiente,,,,,,,
Mapa_Mate_discreta2.html:u4-s2:practica:1,Mapa_Mate_discreta2.html,4.2 INTRODUCCIÓN A LAS MÁQUINAS DE ESTADOS,u4-s2 · 4.2 INTRODUCCIÓN A LAS MÁQUINAS DE ESTADOS,Práctica,practica,"CAP. 10.2, EJERCICIOS 10.5-10.15 (ANÁLISIS DE TABLAS DE EXCITACIÓN Y SALIDAS).",INTERMEDIO WAKERLY,"CAP. 10.2, EJERCICIOS 10.5-10.15 (ANÁLISIS DE TABLAS DE EXCITACIÓN Y SALIDAS).",,https://www.google.com/search?q=CAP.%2010.2%2C%20EJERCICIOS%2010.5-10.15%20(AN%C3%81LISIS%20DE%20TABLAS%20DE%20EXCITACI%C3%93N%20Y%20SALIDAS).%20INTERMEDIO%20WAKERLY,pendiente,,,,,,,
Mapa_Mate_discreta2.html:u4-s2:practica:2,Mapa_Mate_discreta2.html,4.2 INTRODUCCIÓN A LAS MÁQUINAS DE ESTADOS,u4-s2 · 4.2 INTRODUCCIÓN A LAS MÁQUINAS DE ESTADOS,Práctica,practica,"APÉNDICE A, EJERCICIOS DE TRANSFORMACIÓN ESTRUCTURAL DE MÁQUINAS DE MEALY A MOORE Y VICEVERSA.",AVANZADO LINZ & RODGER,"APÉNDICE A, EJERCICIOS DE TRANSFORMACIÓN ESTRUCTURAL DE MÁQUINAS DE MEALY A MOORE Y VICEVERSA.",,https://www.google.com/search?q=AP%C3%89NDICE%20A%2C%20EJERCICIOS%20DE%20TRANSFORMACI%C3%93N%20ESTRUCTURAL%20DE%20M%C3%81QUINAS%20DE%20MEALY%20A%20MOORE%20Y%20VICEVERSA.%20AVANZADO%20LINZ%20%26%20RODGER,pendiente,,,,,,,
Mapa_Mate_discreta2.html:u4-s3:biblio:0,Mapa_Mate_discreta2.html,4.3 CLASIFICACIÓN DE LAS MÁQUINAS DE ESTADOS,u4-s3 · 4.3 CLASIFICACIÓN DE LAS MÁQUINAS DE ESTADOS,Bibliografía,libro,C,PETER LINZ Y SUSAN H. RODGER,"CAP. 2.1-2.2, PP. 56-68",,https://www.google.com/search?q=C%20PETER%20LINZ%20Y%20SUSAN%20H.%20RODGER,pendiente,,,,,,,
Mapa_Mate_discreta2.html:u4-s3:biblio:1,Mapa_Mate_discreta2.html,4.3 CLASIFICACIÓN DE LAS MÁQUINAS DE ESTADOS,u4-s3 · 4.3 CLASIFICACIÓN DE LAS MÁQUINAS DE ESTADOS,Bibliografía,libro,C,JOHN E. HOPCROFT ET AL.,"CAP. 2.2-2.3, PP. 53-70",,https://www.google.com/search?q=C%20JOHN%20E.%20HOPCROFT%20ET%20AL.,pendiente,,,,,,,
Mapa_Mate_discreta2.html:u4-s3:biblio:2,Mapa_Mate_discreta2.html,4.3 CLASIFICACIÓN DE LAS MÁQUINAS DE ESTADOS,u4-s3 · 4.3 CLASIFICACIÓN DE LAS MÁQUINAS DE ESTADOS,Bibliografía,libro,C,KENNETH H. ROSEN,"CAP. 13.3, PP. 900-905",,https://www.google.com/search?q=C%20KENNETH%20H.%20ROSEN,pendiente,,,,,,,
Mapa_Mate_discreta2.html:u4-s3:videos:0,Mapa_Mate_discreta2.html,4.3 CLASIFICACIÓN DE LAS MÁQUINAS DE ESTADOS,u4-s3 · 4.3 CLASIFICACIÓN DE LAS MÁQUINAS DE ESTADOS,Videos,video,DETERMINISTIC FINITE AUTOMATA (DFA),NESO ACADEMY,,,https://www.youtube.com/results?search_query=DETERMINISTIC%20FINITE%20AUTOMATA%20(DFA)%20NESO%20ACADEMY,pendiente,,,,,,,
Mapa_Mate_discreta2.html:u4-s3:videos:1,Mapa_Mate_discreta2.html,4.3 CLASIFICACIÓN DE LAS MÁQUINAS DE ESTADOS,u4-s3 · 4.3 CLASIFICACIÓN DE LAS MÁQUINAS DE ESTADOS,Videos,video,NON-DETERMINISTIC FINITE AUTOMATA (NFA),NESO ACADEMY,,,https://www.youtube.com/results?search_query=NON-DETERMINISTIC%20FINITE%20AUTOMATA%20(NFA)%20NESO%20ACADEMY,pendiente,,,,,,,
Mapa_Mate_discreta2.html:u4-s3:videos:2,Mapa_Mate_discreta2.html,4.3 CLASIFICACIÓN DE LAS MÁQUINAS DE ESTADOS,u4-s3 · 4.3 CLASIFICACIÓN DE LAS MÁQUINAS DE ESTADOS,Videos,video,DFA VS NFA CONCEPTUALLY,EASY THEORY,,,https://www.youtube.com/results?search_query=DFA%20VS%20NFA%20CONCEPTUALLY%20EASY%20THEORY,pendiente,,,,,,,
Mapa_Mate_discreta2.html:u4-s3:practica:0,Mapa_Mate_discreta2.html,4.3 CLASIFICACIÓN DE LAS MÁQUINAS DE ESTADOS,u4-s3 · 4.3 CLASIFICACIÓN DE LAS MÁQUINAS DE ESTADOS,Práctica,practica,BÁSICO DEFINICIÓN DE LA QUÍNTUPLA FORMAL PARA UN DFA QUE ACEPTE CADENAS CON CANTIDAD PAR DE UNOS.,,,,https://www.google.com/search?q=B%C3%81SICO%20DEFINICI%C3%93N%20DE%20LA%20QU%C3%8DNTUPLA%20FORMAL%20PARA%20UN%20DFA%20QUE%20ACEPTE%20CADENAS%20CON%20CANTIDAD%20PAR%20DE%20UNOS.,pendiente,,,,,,,
Mapa_Mate_discreta2.html:u4-s3:practica:1,Mapa_Mate_discreta2.html,4.3 CLASIFICACIÓN DE LAS MÁQUINAS DE ESTADOS,u4-s3 · 4.3 CLASIFICACIÓN DE LAS MÁQUINAS DE ESTADOS,Práctica,practica,"CAP. 2.1 Y 2.2, PP. 68-71, EJERCICIOS 1-18.",INTERMEDIO LINZ & RODGER,"CAP. 2.1 Y 2.2, PP. 68-71, EJERCICIOS 1-18.",,https://www.google.com/search?q=CAP.%202.1%20Y%202.2%2C%20PP.%2068-71%2C%20EJERCICIOS%201-18.%20INTERMEDIO%20LINZ%20%26%20RODGER,pendiente,,,,,,,
Mapa_Mate_discreta2.html:u4-s3:practica:2,Mapa_Mate_discreta2.html,4.3 CLASIFICACIÓN DE LAS MÁQUINAS DE ESTADOS,u4-s3 · 4.3 CLASIFICACIÓN DE LAS MÁQUINAS DE ESTADOS,Práctica,practica,"CAP. 2.3, PROBLEMAS 2.3.1 A 2.3.8 (DEMOSTRACIÓN INDUCTIVA DE LA EQUIVALENCIA).",AVANZADO HOPCROFT ET AL.,"CAP. 2.3, PROBLEMAS 2.3.1 A 2.3.8 (DEMOSTRACIÓN INDUCTIVA DE LA EQUIVALENCIA).",,https://www.google.com/search?q=CAP.%202.3%2C%20PROBLEMAS%202.3.1%20A%202.3.8%20(DEMOSTRACI%C3%93N%20INDUCTIVA%20DE%20LA%20EQUIVALENCIA).%20AVANZADO%20HOPCROFT%20ET%20AL.,pendiente,,,,,,,
Mapa_Mate_discreta2.html:u4-s4:biblio:0,Mapa_Mate_discreta2.html,4.4 DIAGRAMAS DE ESTADOS Y TABLAS DE TRANSICIÓN,u4-s4 · 4.4 DIAGRAMAS DE ESTADOS Y TABLAS DE TRANSICIÓN,Bibliografía,libro,C,PETER LINZ Y SUSAN H. RODGER,"CAP. 2.1, PP. 69-78",,https://www.google.com/search?q=C%20PETER%20LINZ%20Y%20SUSAN%20H.%20RODGER,pendiente,,,,,,,
Mapa_Mate_discreta2.html:u4-s4:biblio:1,Mapa_Mate_discreta2.html,4.4 DIAGRAMAS DE ESTADOS Y TABLAS DE TRANSICIÓN,u4-s4 · 4.4 DIAGRAMAS DE ESTADOS Y TABLAS DE TRANSICIÓN,Bibliografía,libro,C,JOHN E. HOPCROFT ET AL.,"CAP. 2.2, PP. 71-78",,https://www.google.com/search?q=C%20JOHN%20E.%20HOPCROFT%20ET%20AL.,pendiente,,,,,,,
Mapa_Mate_discreta2.html:u4-s4:biblio:2,Mapa_Mate_discreta2.html,4.4 DIAGRAMAS DE ESTADOS Y TABLAS DE TRANSICIÓN,u4-s4 · 4.4 DIAGRAMAS DE ESTADOS Y TABLAS DE TRANSICIÓN,Bibliografía,libro,C,KENNETH H. ROSEN,"CAP. 13.3, PP. 906-910",,https://www.google.com/search?q=C%20KENNETH%20H.%20ROSEN,pendiente,,,,,,,
Mapa_Mate_discreta2.html:u4-s4:videos:0,Mapa_Mate_discreta2.html,4.4 DIAGRAMAS DE ESTADOS Y TABLAS DE TRANSICIÓN,u4-s4 · 4.4 DIAGRAMAS DE ESTADOS Y TABLAS DE TRANSICIÓN,Videos,video,STATE TRANSITION DIAGRAM AND TABLE,NESO ACADEMY,,,https://www.youtube.com/results?search_query=STATE%20TRANSITION%20DIAGRAM%20AND%20TABLE%20NESO%20ACADEMY,pendiente,,,,,,,
Mapa_Mate_discreta2.html:u4-s4:videos:1,Mapa_Mate_discreta2.html,4.4 DIAGRAMAS DE ESTADOS Y TABLAS DE TRANSICIÓN,u4-s4 · 4.4 DIAGRAMAS DE ESTADOS Y TABLAS DE TRANSICIÓN,Videos,video,BUILDING AND SIMULATING DFAS INTERACTIVELY,JFLAP TUTORIALS,,,https://www.youtube.com/results?search_query=BUILDING%20AND%20SIMULATING%20DFAS%20INTERACTIVELY%20JFLAP%20TUTORIALS,pendiente,,,,,,,
Mapa_Mate_discreta2.html:u4-s4:practica:0,Mapa_Mate_discreta2.html,4.4 DIAGRAMAS DE ESTADOS Y TABLAS DE TRANSICIÓN,u4-s4 · 4.4 DIAGRAMAS DE ESTADOS Y TABLAS DE TRANSICIÓN,Práctica,practica,BÁSICO SIMULACIÓN GRÁFICA DEL RECORRIDO DE CADENAS SOBRE EL DIAGRAMA DE TRANSICIÓN EN JFLAP.,,,,https://www.google.com/search?q=B%C3%81SICO%20SIMULACI%C3%93N%20GR%C3%81FICA%20DEL%20RECORRIDO%20DE%20CADENAS%20SOBRE%20EL%20DIAGRAMA%20DE%20TRANSICI%C3%93N%20EN%20JFLAP.,pendiente,,,,,,,
Mapa_Mate_discreta2.html:u4-s4:practica:1,Mapa_Mate_discreta2.html,4.4 DIAGRAMAS DE ESTADOS Y TABLAS DE TRANSICIÓN,u4-s4 · 4.4 DIAGRAMAS DE ESTADOS Y TABLAS DE TRANSICIÓN,Práctica,practica,"CAP. 2.1, EJERCICIOS DE TRADUCCIÓN BIDIRECCIONAL TABLA-DIAGRAMA.",INTERMEDIO LINZ & RODGER,"CAP. 2.1, EJERCICIOS DE TRADUCCIÓN BIDIRECCIONAL TABLA-DIAGRAMA.",,https://www.google.com/search?q=CAP.%202.1%2C%20EJERCICIOS%20DE%20TRADUCCI%C3%93N%20BIDIRECCIONAL%20TABLA-DIAGRAMA.%20INTERMEDIO%20LINZ%20%26%20RODGER,pendiente,,,,,,,
Mapa_Mate_discreta2.html:u4-s4:practica:2,Mapa_Mate_discreta2.html,4.4 DIAGRAMAS DE ESTADOS Y TABLAS DE TRANSICIÓN,u4-s4 · 4.4 DIAGRAMAS DE ESTADOS Y TABLAS DE TRANSICIÓN,Práctica,practica,"CAP. 2.2, DEMOSTRACIÓN FORMAL DE LA PROPIEDAD ASOCIATIVA DE LA FUNCIÓN EXTENDIDA.",AVANZADO HOPCROFT ET AL.,"CAP. 2.2, DEMOSTRACIÓN FORMAL DE LA PROPIEDAD ASOCIATIVA DE LA FUNCIÓN EXTENDIDA.",,https://www.google.com/search?q=CAP.%202.2%2C%20DEMOSTRACI%C3%93N%20FORMAL%20DE%20LA%20PROPIEDAD%20ASOCIATIVA%20DE%20LA%20FUNCI%C3%93N%20EXTENDIDA.%20AVANZADO%20HOPCROFT%20ET%20AL.,pendiente,,,,,,,
Mapa_Mate_discreta2.html:u4-s5:biblio:0,Mapa_Mate_discreta2.html,4.5 CIRCUITOS SECUENCIALES Y MÁQUINAS DE ESTADO FINITO,u4-s5 · 4.5 CIRCUITOS SECUENCIALES Y MÁQUINAS DE ESTADO FINITO,Bibliografía,libro,C,JOHN F. WAKERLY,"CAP. 7.1 Y 10.4, PP. 320-350, 470-500",,https://www.google.com/search?q=C%20JOHN%20F.%20WAKERLY,pendiente,,,,,,,
Mapa_Mate_discreta2.html:u4-s5:biblio:1,Mapa_Mate_discreta2.html,4.5 CIRCUITOS SECUENCIALES Y MÁQUINAS DE ESTADO FINITO,u4-s5 · 4.5 CIRCUITOS SECUENCIALES Y MÁQUINAS DE ESTADO FINITO,Bibliografía,libro,D,M. MORRIS MANO,"DIGITAL DESIGN (6ª ED.), CAP. 5.1-5.6, PP. 180-230",,https://www.google.com/search?q=D%20M.%20MORRIS%20MANO,pendiente,,,,,,,
Mapa_Mate_discreta2.html:u4-s5:biblio:2,Mapa_Mate_discreta2.html,4.5 CIRCUITOS SECUENCIALES Y MÁQUINAS DE ESTADO FINITO,u4-s5 · 4.5 CIRCUITOS SECUENCIALES Y MÁQUINAS DE ESTADO FINITO,Bibliografía,libro,C,KENNETH H. ROSEN,"CAP. 13.4, PP. 910-915",,https://www.google.com/search?q=C%20KENNETH%20H.%20ROSEN,pendiente,,,,,,,
Mapa_Mate_discreta2.html:u4-s5:videos:0,Mapa_Mate_discreta2.html,4.5 CIRCUITOS SECUENCIALES Y MÁQUINAS DE ESTADO FINITO,u4-s5 · 4.5 CIRCUITOS SECUENCIALES Y MÁQUINAS DE ESTADO FINITO,Videos,video,SEQUENTIAL CIRCUITS AND STATE MACHINE SYNTHESIS,NESO ACADEMY,,,https://www.youtube.com/results?search_query=SEQUENTIAL%20CIRCUITS%20AND%20STATE%20MACHINE%20SYNTHESIS%20NESO%20ACADEMY,pendiente,,,,,,,
Mapa_Mate_discreta2.html:u4-s5:videos:1,Mapa_Mate_discreta2.html,4.5 CIRCUITOS SECUENCIALES Y MÁQUINAS DE ESTADO FINITO,u4-s5 · 4.5 CIRCUITOS SECUENCIALES Y MÁQUINAS DE ESTADO FINITO,Videos,video,FLIP-FLOP EXCITATION TABLES AND FSM IMPLEMENTATION,NESO ACADEMY,,,https://www.youtube.com/results?search_query=FLIP-FLOP%20EXCITATION%20TABLES%20AND%20FSM%20IMPLEMENTATION%20NESO%20ACADEMY,pendiente,,,,,,,
Mapa_Mate_discreta2.html:u4-s5:practica:0,Mapa_Mate_discreta2.html,4.5 CIRCUITOS SECUENCIALES Y MÁQUINAS DE ESTADO FINITO,u4-s5 · 4.5 CIRCUITOS SECUENCIALES Y MÁQUINAS DE ESTADO FINITO,Práctica,practica,FLOPS D.,BÁSICO CONSTRUCCIÓN DE LA TABLA DE EXCITACIÓN PARA UN CONTADOR SECUENCIAL DE 2 BITS CON FLIP,FLOPS D.,,https://www.google.com/search?q=FLOPS%20D.%20B%C3%81SICO%20CONSTRUCCI%C3%93N%20DE%20LA%20TABLA%20DE%20EXCITACI%C3%93N%20PARA%20UN%20CONTADOR%20SECUENCIAL%20DE%202%20BITS%20CON%20FLIP,pendiente,,,,,,,
Mapa_Mate_discreta2.html:u4-s5:practica:1,Mapa_Mate_discreta2.html,4.5 CIRCUITOS SECUENCIALES Y MÁQUINAS DE ESTADO FINITO,u4-s5 · 4.5 CIRCUITOS SECUENCIALES Y MÁQUINAS DE ESTADO FINITO,Práctica,practica,"CAP. 10.4, EJERCICIOS 10.20-10.35 (SÍNTESIS DE UNA FSM A PARTIR DE ECUACIONES).",INTERMEDIO WAKERLY,"CAP. 10.4, EJERCICIOS 10.20-10.35 (SÍNTESIS DE UNA FSM A PARTIR DE ECUACIONES).",,https://www.google.com/search?q=CAP.%2010.4%2C%20EJERCICIOS%2010.20-10.35%20(S%C3%8DNTESIS%20DE%20UNA%20FSM%20A%20PARTIR%20DE%20ECUACIONES).%20INTERMEDIO%20WAKERLY,pendiente,,,,,,,
Mapa_Mate_discreta2.html:u4-s5:practica:2,Mapa_Mate_discreta2.html,4.5 CIRCUITOS SECUENCIALES Y MÁQUINAS DE ESTADO FINITO,u4-s5 · 4.5 CIRCUITOS SECUENCIALES Y MÁQUINAS DE ESTADO FINITO,Práctica,practica,"CAP. 5, PROBLEMAS DE OPTIMIZACIÓN DE ASIGNACIÓN DE ESTADOS (STATE ASSIGNMENT).",AVANZADO MANO,"CAP. 5, PROBLEMAS DE OPTIMIZACIÓN DE ASIGNACIÓN DE ESTADOS (STATE ASSIGNMENT).",,https://www.google.com/search?q=CAP.%205%2C%20PROBLEMAS%20DE%20OPTIMIZACI%C3%93N%20DE%20ASIGNACI%C3%93N%20DE%20ESTADOS%20(STATE%20ASSIGNMENT).%20AVANZADO%20MANO,pendiente,,,,,,,
Mapa_Mate_discreta2.html:u4-s6:biblio:0,Mapa_Mate_discreta2.html,4.6 EL PROCESO DE MINIMIZACIÓN,u4-s6 · 4.6 EL PROCESO DE MINIMIZACIÓN,Bibliografía,libro,C,PETER LINZ Y SUSAN H. RODGER,"CAP. 2.4, PP. 81-95",,https://www.google.com/search?q=C%20PETER%20LINZ%20Y%20SUSAN%20H.%20RODGER,pendiente,,,,,,,
Mapa_Mate_discreta2.html:u4-s6:biblio:1,Mapa_Mate_discreta2.html,4.6 EL PROCESO DE MINIMIZACIÓN,u4-s6 · 4.6 EL PROCESO DE MINIMIZACIÓN,Bibliografía,libro,C,JOHN E. HOPCROFT ET AL.,"CAP. 4.4, PP. 154-165",,https://www.google.com/search?q=C%20JOHN%20E.%20HOPCROFT%20ET%20AL.,pendiente,,,,,,,
Mapa_Mate_discreta2.html:u4-s6:biblio:2,Mapa_Mate_discreta2.html,4.6 EL PROCESO DE MINIMIZACIÓN,u4-s6 · 4.6 EL PROCESO DE MINIMIZACIÓN,Bibliografía,libro,C,KENNETH H. ROSEN,"CAP. 13.4, PP. 915-920",,https://www.google.com/search?q=C%20KENNETH%20H.%20ROSEN,pendiente,,,,,,,
Mapa_Mate_discreta2.html:u4-s6:videos:0,Mapa_Mate_discreta2.html,4.6 EL PROCESO DE MINIMIZACIÓN,u4-s6 · 4.6 EL PROCESO DE MINIMIZACIÓN,Videos,video,DFA MINIMIZATION USING EQUIVALENCE PARTITIONING METHOD,NESO ACADEMY,,,https://www.youtube.com/results?search_query=DFA%20MINIMIZATION%20USING%20EQUIVALENCE%20PARTITIONING%20METHOD%20NESO%20ACADEMY,pendiente,,,,,,,
Mapa_Mate_discreta2.html:u4-s6:videos:1,Mapa_Mate_discreta2.html,4.6 EL PROCESO DE MINIMIZACIÓN,u4-s6 · 4.6 EL PROCESO DE MINIMIZACIÓN,Videos,video,DFA MINIMIZATION STEP-BY-STEP WITH EXAMPLE,EASY THEORY,,,https://www.youtube.com/results?search_query=DFA%20MINIMIZATION%20STEP-BY-STEP%20WITH%20EXAMPLE%20EASY%20THEORY,pendiente,,,,,,,
Mapa_Mate_discreta2.html:u4-s6:practica:0,Mapa_Mate_discreta2.html,4.6 EL PROCESO DE MINIMIZACIÓN,u4-s6 · 4.6 EL PROCESO DE MINIMIZACIÓN,Práctica,practica,BÁSICO DETECCIÓN Y ELIMINACIÓN DIRECTA DE ESTADOS INACCESIBLES EN UN AUTÓMATA EXPLÍCITO.,,,,https://www.google.com/search?q=B%C3%81SICO%20DETECCI%C3%93N%20Y%20ELIMINACI%C3%93N%20DIRECTA%20DE%20ESTADOS%20INACCESIBLES%20EN%20UN%20AUT%C3%93MATA%20EXPL%C3%8DCITO.,pendiente,,,,,,,
Mapa_Mate_discreta2.html:u4-s6:practica:1,Mapa_Mate_discreta2.html,4.6 EL PROCESO DE MINIMIZACIÓN,u4-s6 · 4.6 EL PROCESO DE MINIMIZACIÓN,Práctica,practica,"CAP. 2.4, PP. 95-97, EJERCICIOS 1-15 (ALGORITMO DE PARTICIÓN POR CLASES DE EQUIVALENCIA).",INTERMEDIO LINZ & RODGER,"CAP. 2.4, PP. 95-97, EJERCICIOS 1-15 (ALGORITMO DE PARTICIÓN POR CLASES DE EQUIVALENCIA).",,https://www.google.com/search?q=CAP.%202.4%2C%20PP.%2095-97%2C%20EJERCICIOS%201-15%20(ALGORITMO%20DE%20PARTICI%C3%93N%20POR%20CLASES%20DE%20EQUIVALENCIA).%20INTERMEDIO%20LINZ%20%26%20RODGER,pendiente,,,,,,,
Mapa_Mate_discreta2.html:u4-s6:practica:2,Mapa_Mate_discreta2.html,4.6 EL PROCESO DE MINIMIZACIÓN,u4-s6 · 4.6 EL PROCESO DE MINIMIZACIÓN,Práctica,practica,"CAP. 4.4, DEMOSTRACIÓN DE LA UNICIDAD DEL AUTÓMATA MÍNIMO SALVO ISOMORFISMO.",AVANZADO HOPCROFT ET AL.,"CAP. 4.4, DEMOSTRACIÓN DE LA UNICIDAD DEL AUTÓMATA MÍNIMO SALVO ISOMORFISMO.",,https://www.google.com/search?q=CAP.%204.4%2C%20DEMOSTRACI%C3%93N%20DE%20LA%20UNICIDAD%20DEL%20AUT%C3%93MATA%20M%C3%8DNIMO%20SALVO%20ISOMORFISMO.%20AVANZADO%20HOPCROFT%20ET%20AL.,pendiente,,,,,,,
Mapa_Mate_discreta2.html:u4-s7:biblio:0,Mapa_Mate_discreta2.html,4.7 CONVERSIÓN ENTRE AUTÓMATAS DETERMINISTAS Y NO DETERMINISTAS,u4-s7 · 4.7 CONVERSIÓN ENTRE AUTÓMATAS DETERMINISTAS Y NO DETERMINISTAS,Bibliografía,libro,C,PETER LINZ Y SUSAN H. RODGER,"CAP. 2.2-2.3, PP. 96-110",,https://www.google.com/search?q=C%20PETER%20LINZ%20Y%20SUSAN%20H.%20RODGER,pendiente,,,,,,,
Mapa_Mate_discreta2.html:u4-s7:biblio:1,Mapa_Mate_discreta2.html,4.7 CONVERSIÓN ENTRE AUTÓMATAS DETERMINISTAS Y NO DETERMINISTAS,u4-s7 · 4.7 CONVERSIÓN ENTRE AUTÓMATAS DETERMINISTAS Y NO DETERMINISTAS,Bibliografía,libro,C,JOHN E. HOPCROFT ET AL.,"CAP. 2.3 Y 2.5, PP. 79-90",,https://www.google.com/search?q=C%20JOHN%20E.%20HOPCROFT%20ET%20AL.,pendiente,,,,,,,
Mapa_Mate_discreta2.html:u4-s7:biblio:2,Mapa_Mate_discreta2.html,4.7 CONVERSIÓN ENTRE AUTÓMATAS DETERMINISTAS Y NO DETERMINISTAS,u4-s7 · 4.7 CONVERSIÓN ENTRE AUTÓMATAS DETERMINISTAS Y NO DETERMINISTAS,Bibliografía,libro,C,KENNETH H. ROSEN,"CAP. 13.4, PP. 920-925",,https://www.google.com/search?q=C%20KENNETH%20H.%20ROSEN,pendiente,,,,,,,
Mapa_Mate_discreta2.html:u4-s7:videos:0,Mapa_Mate_discreta2.html,4.7 CONVERSIÓN ENTRE AUTÓMATAS DETERMINISTAS Y NO DETERMINISTAS,u4-s7 · 4.7 CONVERSIÓN ENTRE AUTÓMATAS DETERMINISTAS Y NO DETERMINISTAS,Videos,video,CONVERSION OF NFA TO DFA WITH EXAMPLE,NESO ACADEMY,,,https://www.youtube.com/results?search_query=CONVERSION%20OF%20NFA%20TO%20DFA%20WITH%20EXAMPLE%20NESO%20ACADEMY,pendiente,,,,,,,
Mapa_Mate_discreta2.html:u4-s7:videos:1,Mapa_Mate_discreta2.html,4.7 CONVERSIÓN ENTRE AUTÓMATAS DETERMINISTAS Y NO DETERMINISTAS,u4-s7 · 4.7 CONVERSIÓN ENTRE AUTÓMATAS DETERMINISTAS Y NO DETERMINISTAS,Videos,video,NFA TO DFA POWERSET CONSTRUCTION,EASY THEORY,,,https://www.youtube.com/results?search_query=NFA%20TO%20DFA%20POWERSET%20CONSTRUCTION%20EASY%20THEORY,pendiente,,,,,,,
Mapa_Mate_discreta2.html:u4-s7:videos:2,Mapa_Mate_discreta2.html,4.7 CONVERSIÓN ENTRE AUTÓMATAS DETERMINISTAS Y NO DETERMINISTAS,u4-s7 · 4.7 CONVERSIÓN ENTRE AUTÓMATAS DETERMINISTAS Y NO DETERMINISTAS,Videos,video,NFA TO DFA AUTOMATIC CONVERSION ENGINE,JFLAP,,,https://www.youtube.com/results?search_query=NFA%20TO%20DFA%20AUTOMATIC%20CONVERSION%20ENGINE%20JFLAP,pendiente,,,,,,,
Mapa_Mate_discreta2.html:u4-s7:practica:0,Mapa_Mate_discreta2.html,4.7 CONVERSIÓN ENTRE AUTÓMATAS DETERMINISTAS Y NO DETERMINISTAS,u4-s7 · 4.7 CONVERSIÓN ENTRE AUTÓMATAS DETERMINISTAS Y NO DETERMINISTAS,Práctica,practica,CLAUSURA PARA CONJUNTOS DE ESTADOS EN AUTÓMATAS CON TRANSICIONES NULAS.,BÁSICO CÁLCULO FORMAL DE LA Ε,CLAUSURA PARA CONJUNTOS DE ESTADOS EN AUTÓMATAS CON TRANSICIONES NULAS.,,https://www.google.com/search?q=CLAUSURA%20PARA%20CONJUNTOS%20DE%20ESTADOS%20EN%20AUT%C3%93MATAS%20CON%20TRANSICIONES%20NULAS.%20B%C3%81SICO%20C%C3%81LCULO%20FORMAL%20DE%20LA%20%CE%95,pendiente,,,,,,,
Mapa_Mate_discreta2.html:u4-s7:practica:1,Mapa_Mate_discreta2.html,4.7 CONVERSIÓN ENTRE AUTÓMATAS DETERMINISTAS Y NO DETERMINISTAS,u4-s7 · 4.7 CONVERSIÓN ENTRE AUTÓMATAS DETERMINISTAS Y NO DETERMINISTAS,Práctica,practica,INTERMEDIO CONVERSIÓN MANUAL PASO A PASO DE UN NFA DE 5 ESTADOS Y VERIFICACIÓN EN JFLAP.,,,,https://www.google.com/search?q=INTERMEDIO%20CONVERSI%C3%93N%20MANUAL%20PASO%20A%20PASO%20DE%20UN%20NFA%20DE%205%20ESTADOS%20Y%20VERIFICACI%C3%93N%20EN%20JFLAP.,pendiente,,,,,,,
Mapa_Mate_discreta2.html:u4-s7:practica:2,Mapa_Mate_discreta2.html,4.7 CONVERSIÓN ENTRE AUTÓMATAS DETERMINISTAS Y NO DETERMINISTAS,u4-s7 · 4.7 CONVERSIÓN ENTRE AUTÓMATAS DETERMINISTAS Y NO DETERMINISTAS,Práctica,practica,"CAP. 2.3, EJERCICIOS 10-22 (DEMOSTRACIÓN DE LA COTA SUPERIOR DEL PEOR CASO).",AVANZADO LINZ & RODGER,"CAP. 2.3, EJERCICIOS 10-22 (DEMOSTRACIÓN DE LA COTA SUPERIOR DEL PEOR CASO).",,https://www.google.com/search?q=CAP.%202.3%2C%20EJERCICIOS%2010-22%20(DEMOSTRACI%C3%93N%20DE%20LA%20COTA%20SUPERIOR%20DEL%20PEOR%20CASO).%20AVANZADO%20LINZ%20%26%20RODGER,pendiente,,,,,,,
